
starting handler
[33mwarn[39m: the bucket "quantum-cloud-data" already exists
S3 local started ( port:4569, family: IPv6, address: ::1 )
Starting Offline at stage dev (us-east-1)

Offline [http for lambda] listening on http://localhost:3002
Function names exposed for local invocation by aws-sdk:
   * args_mixer: cuantica-distribuida-local-dev-args_mixer
   * orchestrator: cuantica-distribuida-local-dev-orchestrator
   * nmc_worker: cuantica-distribuida-local-dev-nmc_worker
   * args_worker: cuantica-distribuida-local-dev-args_worker

┌──────────────────────────────────────────────────────────────────────────────┐
│                                                                              │
│   POST | http://localhost:3000/dev/args_mixer                                │
│   POST | http://localhost:3000/2015-03-31/functions/args_mixer/invocations   │
│   POST | http://localhost:3000/dev/orchestrator                              │
│   POST |                                                                     │
│   http://localhost:3000/2015-03-31/functions/orchestrator/invocations        │
│   POST | http://localhost:3000/dev/nmc_worker                                │
│   POST | http://localhost:3000/2015-03-31/functions/nmc_worker/invocations   │
│   POST | http://localhost:3000/dev/args_worker                               │
│   POST |                                                                     │
│   http://localhost:3000/2015-03-31/functions/args_worker/invocations         │
│                                                                              │
└──────────────────────────────────────────────────────────────────────────────┘

Server ready: http://localhost:3000 🚀
[32minfo[39m: Stored object "config/config.json" in bucket "quantum-cloud-data" successfully
[32minfo[39m: um-cloud-data/config/config.json 200 5ms 0b


POST /dev/args_mixer (λ: args_mixer)
(node:3687) [DEP0190] DeprecationWarning: Passing args to a child process with shell option true can lead to security vulnerabilities, as the arguments are not escaped, only concatenated.
(Use `node --trace-deprecation ...` to show where the warning was created)
[32minfo[39m: um-cloud-data/config/config.json 200 2ms 198b
INFO:root:Configuration loaded from S3.

INFO:root:Checking if table 'args_dynamodb' exists...

INFO:root:Table 'args_dynamodb' does not exist. Creating...

INFO:root:Table 'args_dynamodb' created successfully.

INFO:root:Item 0 (id_automorphism 0) loaded to table 'args_dynamodb'

INFO:root:Item 1 (id_automorphism 1) loaded to table 'args_dynamodb'

INFO:root:Item 2 (id_automorphism 2) loaded to table 'args_dynamodb'

INFO:root:Item 3 (id_automorphism 3) loaded to table 'args_dynamodb'

INFO:root:Item 4 (id_automorphism 4) loaded to table 'args_dynamodb'

INFO:root:Item 5 (id_automorphism 5) loaded to table 'args_dynamodb'

INFO:root:Item 6 (id_automorphism 6) loaded to table 'args_dynamodb'

INFO:root:Item 7 (id_automorphism 7) loaded to table 'args_dynamodb'

INFO:root:Item 8 (id_automorphism 8) loaded to table 'args_dynamodb'

INFO:root:Item 9 (id_automorphism 9) loaded to table 'args_dynamodb'

INFO:root:Item 10 (id_automorphism 10) loaded to table 'args_dynamodb'

INFO:root:Item 11 (id_automorphism 11) loaded to table 'args_dynamodb'

INFO:root:Item 12 (id_automorphism 12) loaded to table 'args_dynamodb'

INFO:root:Item 13 (id_automorphism 13) loaded to table 'args_dynamodb'

INFO:root:Item 14 (id_automorphism 14) loaded to table 'args_dynamodb'

INFO:root:Item 15 (id_automorphism 15) loaded to table 'args_dynamodb'

INFO:root:Item 16 (id_automorphism 16) loaded to table 'args_dynamodb'

INFO:root:Item 17 (id_automorphism 17) loaded to table 'args_dynamodb'

INFO:root:Item 18 (id_automorphism 18) loaded to table 'args_dynamodb'

INFO:root:Item 19 (id_automorphism 19) loaded to table 'args_dynamodb'

INFO:root:Item 20 (id_automorphism 20) loaded to table 'args_dynamodb'

INFO:root:Item 21 (id_automorphism 21) loaded to table 'args_dynamodb'

INFO:root:Item 22 (id_automorphism 22) loaded to table 'args_dynamodb'

INFO:root:Item 23 (id_automorphism 23) loaded to table 'args_dynamodb'

INFO:root:Item 24 (id_automorphism 24) loaded to table 'args_dynamodb'

INFO:root:Item 25 (id_automorphism 25) loaded to table 'args_dynamodb'

INFO:root:Item 26 (id_automorphism 26) loaded to table 'args_dynamodb'

INFO:root:Item 27 (id_automorphism 27) loaded to table 'args_dynamodb'

INFO:root:Item 28 (id_automorphism 28) loaded to table 'args_dynamodb'

INFO:root:Item 29 (id_automorphism 29) loaded to table 'args_dynamodb'

INFO:root:Item 30 (id_automorphism 30) loaded to table 'args_dynamodb'

INFO:root:Item 31 (id_automorphism 31) loaded to table 'args_dynamodb'

INFO:root:Item 32 (id_automorphism 32) loaded to table 'args_dynamodb'

INFO:root:Item 33 (id_automorphism 33) loaded to table 'args_dynamodb'

INFO:root:Item 34 (id_automorphism 34) loaded to table 'args_dynamodb'

INFO:root:Item 35 (id_automorphism 35) loaded to table 'args_dynamodb'

INFO:root:Item 36 (id_automorphism 36) loaded to table 'args_dynamodb'

INFO:root:Item 37 (id_automorphism 37) loaded to table 'args_dynamodb'

INFO:root:Item 38 (id_automorphism 38) loaded to table 'args_dynamodb'

INFO:root:Item 39 (id_automorphism 39) loaded to table 'args_dynamodb'

INFO:root:Item 40 (id_automorphism 40) loaded to table 'args_dynamodb'

INFO:root:Item 41 (id_automorphism 41) loaded to table 'args_dynamodb'

INFO:root:Item 42 (id_automorphism 42) loaded to table 'args_dynamodb'

INFO:root:Item 43 (id_automorphism 43) loaded to table 'args_dynamodb'

INFO:root:Item 44 (id_automorphism 44) loaded to table 'args_dynamodb'

INFO:root:Item 45 (id_automorphism 45) loaded to table 'args_dynamodb'

INFO:root:Item 46 (id_automorphism 46) loaded to table 'args_dynamodb'

INFO:root:Item 47 (id_automorphism 47) loaded to table 'args_dynamodb'

INFO:root:Item 48 (id_automorphism 48) loaded to table 'args_dynamodb'

INFO:root:Item 49 (id_automorphism 49) loaded to table 'args_dynamodb'

INFO:root:Item 50 (id_automorphism 50) loaded to table 'args_dynamodb'

INFO:root:Item 51 (id_automorphism 51) loaded to table 'args_dynamodb'

INFO:root:Item 52 (id_automorphism 52) loaded to table 'args_dynamodb'

INFO:root:Item 53 (id_automorphism 53) loaded to table 'args_dynamodb'

INFO:root:Item 54 (id_automorphism 54) loaded to table 'args_dynamodb'

INFO:root:Item 55 (id_automorphism 55) loaded to table 'args_dynamodb'

INFO:root:Item 56 (id_automorphism 56) loaded to table 'args_dynamodb'

INFO:root:Item 57 (id_automorphism 57) loaded to table 'args_dynamodb'

INFO:root:Item 58 (id_automorphism 58) loaded to table 'args_dynamodb'

INFO:root:Item 59 (id_automorphism 59) loaded to table 'args_dynamodb'

INFO:root:Item 60 (id_automorphism 60) loaded to table 'args_dynamodb'

INFO:root:Item 61 (id_automorphism 61) loaded to table 'args_dynamodb'

INFO:root:Item 62 (id_automorphism 62) loaded to table 'args_dynamodb'

INFO:root:Item 63 (id_automorphism 63) loaded to table 'args_dynamodb'

INFO:root:Item 64 (id_automorphism 64) loaded to table 'args_dynamodb'

INFO:root:Item 65 (id_automorphism 65) loaded to table 'args_dynamodb'

INFO:root:Item 66 (id_automorphism 66) loaded to table 'args_dynamodb'

INFO:root:Item 67 (id_automorphism 67) loaded to table 'args_dynamodb'

INFO:root:Item 68 (id_automorphism 68) loaded to table 'args_dynamodb'

INFO:root:Item 69 (id_automorphism 69) loaded to table 'args_dynamodb'

INFO:root:Item 70 (id_automorphism 70) loaded to table 'args_dynamodb'

INFO:root:Item 71 (id_automorphism 71) loaded to table 'args_dynamodb'

INFO:root:[OFFLINE] Invoking lambda 'orchestrator' at http://localhost:3000/dev/orchestrator with payload: {'number_of_args_combinations_batches': 72}



POST /dev/orchestrator (λ: orchestrator)
INFO:root:Event received in orchestrator lambda_handler

INFO:root:SEED_MODE is enabled. Initial seed: 42

[32minfo[39m: um-cloud-data/config/config.json 200 1ms 198b
INFO:root:Configuration loaded from S3.

INFO:root:--- Processing codeConfig=144, p=0.003 ---

INFO:root:Saving batch 1...

[32minfo[39m: Stored object "detectors_observables/code_144/p_0c003/batch_1.json" in bucket "quantum-cloud-data" successfully
[32minfo[39m: um-cloud-data/detectors_observables/code_144/p_0c003/batch_1.json 200 7ms 0b
INFO:root:Data uploaded to S3.

INFO:root:Batch 1 results saved to S3 at detectors_observables/code_144/p_0c003/batch_1.json

INFO:root:Checking if table 'samples_dynamodb' exists...

WARNING:root:Table 'samples_dynamodb' does not exist. Creating...

INFO:root:Table 'samples_dynamodb' created successfully.

INFO:root:Data uploaded to DynamoDB.

INFO:root:[OFFLINE] Invoking lambda 'nmc_worker' at http://localhost:3000/dev/nmc_worker with payload: {'id_nmc_batch': 'nmc_144_0c003_1', 'number_of_args_combinations_batches': 72}



POST /dev/nmc_worker (λ: nmc_worker)
INFO:root:Event received in nmc_worker lambda_handler

INFO:root:[OFFLINE] Invoking lambda 'args_worker' at http://localhost:3000/dev/args_worker with payload: {'id_nmc_batch': 'nmc_144_0c003_1', 'number_of_args_combinations_batches': 72, 'id_batch_arguments': 0}



POST /dev/args_worker (λ: args_worker)
/Users/pabloezquerromoya/Developer/UCM/TFM/CuanticaDistribuida/.venv/lib/python3.12/site-packages/ldpc/__init__.py:1: UserWarning: pkg_resources is deprecated as an API. See https://setuptools.pypa.io/en/latest/pkg_resources.html. The pkg_resources package is slated for removal as early as 2025-11-30. Refrain from using this package or pin to Setuptools<81.
  import pkg_resources

INFO:root:Event received in args_worker lambda_handler

INFO:root:codeConfig: 144, p: 0.003
INFO:root:Config with codeConfig 144 loaded

INFO:root:Bivariate bicycle code created

INFO:root:Circuit built

INFO:root:Detector error model built

INFO:root:Detector error model converted to check matrices

INFO:root:Successfully retrieved 1 arguments for id_batch_arguments: 0

INFO:root:Args variables loaded from DynamoDB

[32minfo[39m: um-cloud-data/detectors_observables/code_144/p_0c003/batch_1.json 200 3ms 3.12mb
INFO:root:Samples loaded from S3.

INFO:root:Downloading automorphism from S3: automorphisms/0.003/auto_0/data.pkl

[32minfo[39m: tum-cloud-data/automorphisms/0.003/auto_0/data.pkl 200 3ms 69.48mb
[32minfo[39m: um-cloud-data/automorphisms/0.003/auto_0/data.pkl 206 32ms 5.48mb
[32minfo[39m: um-cloud-data/automorphisms/0.003/auto_0/data.pkl 206 48ms 8mb
[32minfo[39m: um-cloud-data/automorphisms/0.003/auto_0/data.pkl 206 48ms 8mb
[32minfo[39m: um-cloud-data/automorphisms/0.003/auto_0/data.pkl 206 49ms 8mb
[32minfo[39m: um-cloud-data/automorphisms/0.003/auto_0/data.pkl 206 48ms 8mb
[32minfo[39m: um-cloud-data/automorphisms/0.003/auto_0/data.pkl 206 48ms 8mb
[32minfo[39m: um-cloud-data/automorphisms/0.003/auto_0/data.pkl 206 48ms 8mb
[32minfo[39m: um-cloud-data/automorphisms/0.003/auto_0/data.pkl 206 48ms 8mb
[32minfo[39m: um-cloud-data/automorphisms/0.003/auto_0/data.pkl 206 49ms 8mb
INFO:root:BP decoder initialized

INFO:root:Running 500 Monte Carlo trials

INFO:root:  Error lógico corregido en patrón 19

INFO:root:  Error lógico corregido en patrón 36

INFO:root:  Error lógico corregido en patrón 37

INFO:root:  Error lógico corregido en patrón 45

INFO:root:  Error lógico corregido en patrón 47

INFO:root:  Error lógico corregido en patrón 58

INFO:root:  Error lógico corregido en patrón 63

INFO:root:  Error lógico corregido en patrón 68

INFO:root:  Error lógico corregido en patrón 70

INFO:root:  Error lógico corregido en patrón 82

INFO:root:  Error lógico corregido en patrón 85

INFO:root:  Error lógico corregido en patrón 88

INFO:root:  Error lógico corregido en patrón 93

INFO:root:  Error lógico corregido en patrón 107

INFO:root:  Error lógico corregido en patrón 116

INFO:root:  Error lógico corregido en patrón 118

INFO:root:  Error lógico corregido en patrón 135

INFO:root:  Error lógico corregido en patrón 146

INFO:root:  Error lógico corregido en patrón 150

INFO:root:  Error lógico corregido en patrón 159

INFO:root:  Error lógico corregido en patrón 161

INFO:root:  Error lógico corregido en patrón 166

INFO:root:  Error lógico corregido en patrón 170

INFO:root:  Error lógico corregido en patrón 184

INFO:root:  Error lógico corregido en patrón 203

INFO:root:  Error lógico corregido en patrón 212

INFO:root:  Error lógico corregido en patrón 214

INFO:root:  Error lógico corregido en patrón 220

INFO:root:  Error lógico corregido en patrón 221

INFO:root:  Error lógico corregido en patrón 223

INFO:root:  Error lógico corregido en patrón 240

INFO:root:  Error lógico corregido en patrón 241

INFO:root:  Error lógico corregido en patrón 248

INFO:root:  Error lógico corregido en patrón 262

INFO:root:  Error lógico corregido en patrón 275

INFO:root:  Error lógico corregido en patrón 301

INFO:root:  Error lógico corregido en patrón 311

INFO:root:  Error lógico corregido en patrón 339

INFO:root:  Error lógico corregido en patrón 344

INFO:root:  Error lógico corregido en patrón 352

INFO:root:  Error lógico corregido en patrón 355

INFO:root:  Error lógico corregido en patrón 357

INFO:root:  Error lógico corregido en patrón 381

INFO:root:  Error lógico corregido en patrón 382

INFO:root:  Error lógico corregido en patrón 403

INFO:root:  Error lógico corregido en patrón 406

INFO:root:  Error lógico corregido en patrón 408

INFO:root:  Error lógico corregido en patrón 413

INFO:root:  Error lógico corregido en patrón 420

INFO:root:  Error lógico corregido en patrón 426

INFO:root:  Error lógico corregido en patrón 433

INFO:root:  Error lógico corregido en patrón 438

INFO:root:  Error lógico corregido en patrón 444

INFO:root:  Error lógico corregido en patrón 445

INFO:root:  Error lógico corregido en patrón 451

INFO:root:  Error lógico corregido en patrón 461

INFO:root:  Error lógico corregido en patrón 490

INFO:root:  Error lógico corregido en patrón 493

INFO:root:Saving results to DynamoDB for id_nmc_batch: nmc_144_0c003_1, id_arguments: BP_0

INFO:root:Checking if table 'results_dynamodb' exists...

WARNING:root:Table 'results_dynamodb' does not exist. Creating...

INFO:root:Table 'results_dynamodb' created successfully.

INFO:root:Results saved to DynamoDB for id_nmc_batch: nmc_144_0c003_1

(λ: args_worker) RequestId: 9298dd48-ea99-46f8-9534-df325f87f34e  Duration: 4209.85 ms  Billed Duration: 4210 ms
INFO:root:[OFFLINE] Lambda invoked successfully. HTTP code: 200

INFO:root:nmc_worker invoked with response: {'status': 'invoked'}
INFO:root:Invoking args_worker with event: {'id_nmc_batch': 'nmc_144_0c003_1', 'number_of_args_combinations_batches': 72, 'id_batch_arguments': 0}
INFO:root:[OFFLINE] Invoking lambda 'args_worker' at http://localhost:3000/dev/args_worker with payload: {'id_nmc_batch': 'nmc_144_0c003_1', 'number_of_args_combinations_batches': 72, 'id_batch_arguments': 1}



POST /dev/args_worker (λ: args_worker)
INFO:root:Event received in args_worker lambda_handler

INFO:root:codeConfig: 144, p: 0.003

INFO:root:Config with codeConfig 144 loaded

INFO:root:Bivariate bicycle code created

INFO:root:Circuit built

INFO:root:Detector error model built

INFO:root:Detector error model converted to check matrices

INFO:root:Successfully retrieved 1 arguments for id_batch_arguments: 1

INFO:root:Args variables loaded from DynamoDB

[32minfo[39m: um-cloud-data/detectors_observables/code_144/p_0c003/batch_1.json 200 2ms 3.12mb
INFO:root:Samples loaded from S3.

INFO:root:Downloading automorphism from S3: automorphisms/0.003/auto_1/data.pkl

[32minfo[39m: tum-cloud-data/automorphisms/0.003/auto_1/data.pkl 200 3ms 69.48mb
[32minfo[39m: um-cloud-data/automorphisms/0.003/auto_1/data.pkl 206 32ms 5.48mb
[32minfo[39m: um-cloud-data/automorphisms/0.003/auto_1/data.pkl 206 42ms 8mb
[32minfo[39m: um-cloud-data/automorphisms/0.003/auto_1/data.pkl 206 43ms 8mb
[32minfo[39m: um-cloud-data/automorphisms/0.003/auto_1/data.pkl 206 44ms 8mb
[32minfo[39m: um-cloud-data/automorphisms/0.003/auto_1/data.pkl 206 45ms 8mb
[32minfo[39m: um-cloud-data/automorphisms/0.003/auto_1/data.pkl 206 45ms 8mb
[32minfo[39m: um-cloud-data/automorphisms/0.003/auto_1/data.pkl 206 44ms 8mb
[32minfo[39m: um-cloud-data/automorphisms/0.003/auto_1/data.pkl 206 44ms 8mb
[32minfo[39m: um-cloud-data/automorphisms/0.003/auto_1/data.pkl 206 44ms 8mb
INFO:root:BP decoder initialized

INFO:root:Running 500 Monte Carlo trials

INFO:root:  Error lógico corregido en patrón 19

INFO:root:  Error lógico corregido en patrón 36

INFO:root:  Error lógico corregido en patrón 37

INFO:root:  Error lógico corregido en patrón 45

INFO:root:  Error lógico corregido en patrón 47

INFO:root:  Error lógico corregido en patrón 48

INFO:root:  Error lógico corregido en patrón 58

INFO:root:  Error lógico corregido en patrón 63

INFO:root:  Error lógico corregido en patrón 68

INFO:root:  Error lógico corregido en patrón 70

INFO:root:  Error lógico corregido en patrón 82

INFO:root:  Error lógico corregido en patrón 85

INFO:root:  Error lógico corregido en patrón 88

INFO:root:  Error lógico corregido en patrón 93

INFO:root:  Error lógico corregido en patrón 107

INFO:root:  Error lógico corregido en patrón 116

INFO:root:  Error lógico corregido en patrón 118

INFO:root:  Error lógico corregido en patrón 135

INFO:root:  Error lógico corregido en patrón 146

INFO:root:  Error lógico corregido en patrón 150

INFO:root:  Error lógico corregido en patrón 159

INFO:root:  Error lógico corregido en patrón 161

INFO:root:  Error lógico corregido en patrón 166

INFO:root:  Error lógico corregido en patrón 170

INFO:root:  Error lógico corregido en patrón 184

INFO:root:  Error lógico corregido en patrón 203

INFO:root:  Error lógico corregido en patrón 212

INFO:root:  Error lógico corregido en patrón 214

INFO:root:  Error lógico corregido en patrón 220

INFO:root:  Error lógico corregido en patrón 221

INFO:root:  Error lógico corregido en patrón 223

INFO:root:  Error lógico corregido en patrón 240

INFO:root:  Error lógico corregido en patrón 241

INFO:root:  Error lógico corregido en patrón 248

INFO:root:  Error lógico corregido en patrón 262

INFO:root:  Error lógico corregido en patrón 275

INFO:root:  Error lógico corregido en patrón 301

INFO:root:  Error lógico corregido en patrón 311

INFO:root:  Error lógico corregido en patrón 339

INFO:root:  Error lógico corregido en patrón 344

INFO:root:  Error lógico corregido en patrón 352

INFO:root:  Error lógico corregido en patrón 355

INFO:root:  Error lógico corregido en patrón 357

INFO:root:  Error lógico corregido en patrón 381

INFO:root:  Error lógico corregido en patrón 382

INFO:root:  Error lógico corregido en patrón 403

INFO:root:  Error lógico corregido en patrón 406

INFO:root:  Error lógico corregido en patrón 408

INFO:root:  Error lógico corregido en patrón 413

INFO:root:  Error lógico corregido en patrón 420

INFO:root:  Error lógico corregido en patrón 426

INFO:root:  Error lógico corregido en patrón 433

INFO:root:  Error lógico corregido en patrón 438

INFO:root:  Error lógico corregido en patrón 444

INFO:root:  Error lógico corregido en patrón 445

INFO:root:  Error lógico corregido en patrón 451

INFO:root:  Error lógico corregido en patrón 461

INFO:root:  Error lógico corregido en patrón 490

INFO:root:  Error lógico corregido en patrón 493

INFO:root:Saving results to DynamoDB for id_nmc_batch: nmc_144_0c003_1, id_arguments: BP_1

INFO:root:Checking if table 'results_dynamodb' exists...

INFO:root:Table 'results_dynamodb' already exists.

INFO:root:Results saved to DynamoDB for id_nmc_batch: nmc_144_0c003_1

(λ: args_worker) RequestId: 64a542da-be0b-478c-a977-d67380f5f80f  Duration: 3710.55 ms  Billed Duration: 3711 ms
INFO:root:[OFFLINE] Lambda invoked successfully. HTTP code: 200

INFO:root:nmc_worker invoked with response: {'status': 'invoked'}

INFO:root:Invoking args_worker with event: {'id_nmc_batch': 'nmc_144_0c003_1', 'number_of_args_combinations_batches': 72, 'id_batch_arguments': 1}
INFO:root:[OFFLINE] Invoking lambda 'args_worker' at http://localhost:3000/dev/args_worker with payload: {'id_nmc_batch': 'nmc_144_0c003_1', 'number_of_args_combinations_batches': 72, 'id_batch_arguments': 2}



POST /dev/args_worker (λ: args_worker)
INFO:root:Event received in args_worker lambda_handler

INFO:root:codeConfig: 144, p: 0.003
INFO:root:Config with codeConfig 144 loaded

INFO:root:Bivariate bicycle code created

INFO:root:Circuit built

INFO:root:Detector error model built

INFO:root:Detector error model converted to check matrices

INFO:root:Successfully retrieved 1 arguments for id_batch_arguments: 2

INFO:root:Args variables loaded from DynamoDB

[32minfo[39m: um-cloud-data/detectors_observables/code_144/p_0c003/batch_1.json 200 3ms 3.12mb
INFO:root:Samples loaded from S3.

INFO:root:Downloading automorphism from S3: automorphisms/0.003/auto_2/data.pkl

[32minfo[39m: tum-cloud-data/automorphisms/0.003/auto_2/data.pkl 200 3ms 69.48mb
[32minfo[39m: um-cloud-data/automorphisms/0.003/auto_2/data.pkl 206 28ms 5.48mb
[32minfo[39m: um-cloud-data/automorphisms/0.003/auto_2/data.pkl 206 40ms 8mb
[32minfo[39m: um-cloud-data/automorphisms/0.003/auto_2/data.pkl 206 39ms 8mb
[32minfo[39m: um-cloud-data/automorphisms/0.003/auto_2/data.pkl 206 39ms 8mb
[32minfo[39m: um-cloud-data/automorphisms/0.003/auto_2/data.pkl 206 40ms 8mb
[32minfo[39m: um-cloud-data/automorphisms/0.003/auto_2/data.pkl 206 39ms 8mb
[32minfo[39m: um-cloud-data/automorphisms/0.003/auto_2/data.pkl 206 40ms 8mb
[32minfo[39m: um-cloud-data/automorphisms/0.003/auto_2/data.pkl 206 40ms 8mb
[32minfo[39m: um-cloud-data/automorphisms/0.003/auto_2/data.pkl 206 42ms 8mb
INFO:root:BP decoder initialized

INFO:root:Running 500 Monte Carlo trials

INFO:root:  Error lógico corregido en patrón 19

INFO:root:  Error lógico corregido en patrón 36

INFO:root:  Error lógico corregido en patrón 37

INFO:root:  Error lógico corregido en patrón 45

INFO:root:  Error lógico corregido en patrón 47

INFO:root:  Error lógico corregido en patrón 48

INFO:root:  Error lógico corregido en patrón 58

INFO:root:  Error lógico corregido en patrón 63

INFO:root:  Error lógico corregido en patrón 68

INFO:root:  Error lógico corregido en patrón 70

INFO:root:  Error lógico corregido en patrón 82

INFO:root:  Error lógico corregido en patrón 85

INFO:root:  Error lógico corregido en patrón 88

INFO:root:  Error lógico corregido en patrón 93

INFO:root:  Error lógico corregido en patrón 107

INFO:root:  Error lógico corregido en patrón 116

INFO:root:  Error lógico corregido en patrón 118

INFO:root:  Error lógico corregido en patrón 135

INFO:root:  Error lógico corregido en patrón 146

INFO:root:  Error lógico corregido en patrón 150

INFO:root:  Error lógico corregido en patrón 159

INFO:root:  Error lógico corregido en patrón 161

INFO:root:  Error lógico corregido en patrón 166

INFO:root:  Error lógico corregido en patrón 170

INFO:root:  Error lógico corregido en patrón 184

INFO:root:  Error lógico corregido en patrón 203

INFO:root:  Error lógico corregido en patrón 212

INFO:root:  Error lógico corregido en patrón 214

INFO:root:  Error lógico corregido en patrón 220

INFO:root:  Error lógico corregido en patrón 221

INFO:root:  Error lógico corregido en patrón 223

INFO:root:  Error lógico corregido en patrón 240

INFO:root:  Error lógico corregido en patrón 241

INFO:root:  Error lógico corregido en patrón 248

INFO:root:  Error lógico corregido en patrón 262

INFO:root:  Error lógico corregido en patrón 275

INFO:root:  Error lógico corregido en patrón 301

INFO:root:  Error lógico corregido en patrón 311

INFO:root:  Error lógico corregido en patrón 339

INFO:root:  Error lógico corregido en patrón 344

INFO:root:  Error lógico corregido en patrón 352

INFO:root:  Error lógico corregido en patrón 355

INFO:root:  Error lógico corregido en patrón 357

INFO:root:  Error lógico corregido en patrón 381

INFO:root:  Error lógico corregido en patrón 382

INFO:root:  Error lógico corregido en patrón 403

INFO:root:  Error lógico corregido en patrón 406

INFO:root:  Error lógico corregido en patrón 408

INFO:root:  Error lógico corregido en patrón 413

INFO:root:  Error lógico corregido en patrón 420

INFO:root:  Error lógico corregido en patrón 426

INFO:root:  Error lógico corregido en patrón 433

INFO:root:  Error lógico corregido en patrón 438

INFO:root:  Error lógico corregido en patrón 444

INFO:root:  Error lógico corregido en patrón 445

INFO:root:  Error lógico corregido en patrón 451

INFO:root:  Error lógico corregido en patrón 461

INFO:root:  Error lógico corregido en patrón 490

INFO:root:  Error lógico corregido en patrón 493

INFO:root:Saving results to DynamoDB for id_nmc_batch: nmc_144_0c003_1, id_arguments: BP_2

INFO:root:Checking if table 'results_dynamodb' exists...

INFO:root:Table 'results_dynamodb' already exists.

INFO:root:Results saved to DynamoDB for id_nmc_batch: nmc_144_0c003_1

(λ: args_worker) RequestId: d47b1ec4-9bf9-491e-a8f3-8a3d34fd54fe  Duration: 3695.24 ms  Billed Duration: 3696 ms
INFO:root:[OFFLINE] Lambda invoked successfully. HTTP code: 200

INFO:root:nmc_worker invoked with response: {'status': 'invoked'}
INFO:root:Invoking args_worker with event: {'id_nmc_batch': 'nmc_144_0c003_1', 'number_of_args_combinations_batches': 72, 'id_batch_arguments': 2}
INFO:root:[OFFLINE] Invoking lambda 'args_worker' at http://localhost:3000/dev/args_worker with payload: {'id_nmc_batch': 'nmc_144_0c003_1', 'number_of_args_combinations_batches': 72, 'id_batch_arguments': 3}



POST /dev/args_worker (λ: args_worker)
INFO:root:Event received in args_worker lambda_handler

INFO:root:codeConfig: 144, p: 0.003

INFO:root:Config with codeConfig 144 loaded

INFO:root:Bivariate bicycle code created

INFO:root:Circuit built

INFO:root:Detector error model built

INFO:root:Detector error model converted to check matrices

INFO:root:Successfully retrieved 1 arguments for id_batch_arguments: 3

INFO:root:Args variables loaded from DynamoDB

[32minfo[39m: um-cloud-data/detectors_observables/code_144/p_0c003/batch_1.json 200 2ms 3.12mb
INFO:root:Samples loaded from S3.

INFO:root:Downloading automorphism from S3: automorphisms/0.003/auto_3/data.pkl

[32minfo[39m: tum-cloud-data/automorphisms/0.003/auto_3/data.pkl 200 2ms 69.48mb
[32minfo[39m: um-cloud-data/automorphisms/0.003/auto_3/data.pkl 206 31ms 5.48mb
[32minfo[39m: um-cloud-data/automorphisms/0.003/auto_3/data.pkl 206 43ms 8mb
[32minfo[39m: um-cloud-data/automorphisms/0.003/auto_3/data.pkl 206 43ms 8mb
[32minfo[39m: um-cloud-data/automorphisms/0.003/auto_3/data.pkl 206 44ms 8mb
[32minfo[39m: um-cloud-data/automorphisms/0.003/auto_3/data.pkl 206 45ms 8mb
[32minfo[39m: um-cloud-data/automorphisms/0.003/auto_3/data.pkl 206 44ms 8mb
[32minfo[39m: um-cloud-data/automorphisms/0.003/auto_3/data.pkl 206 45ms 8mb
[32minfo[39m: um-cloud-data/automorphisms/0.003/auto_3/data.pkl 206 46ms 8mb
[32minfo[39m: um-cloud-data/automorphisms/0.003/auto_3/data.pkl 206 45ms 8mb
INFO:root:BP decoder initialized

INFO:root:Running 500 Monte Carlo trials

INFO:root:  Error lógico corregido en patrón 19

INFO:root:  Error lógico corregido en patrón 36

INFO:root:  Error lógico corregido en patrón 37

INFO:root:  Error lógico corregido en patrón 45

INFO:root:  Error lógico corregido en patrón 47

INFO:root:  Error lógico corregido en patrón 48

INFO:root:  Error lógico corregido en patrón 58

INFO:root:  Error lógico corregido en patrón 63

INFO:root:  Error lógico corregido en patrón 68

INFO:root:  Error lógico corregido en patrón 70

INFO:root:  Error lógico corregido en patrón 82

INFO:root:  Error lógico corregido en patrón 85

INFO:root:  Error lógico corregido en patrón 88

INFO:root:  Error lógico corregido en patrón 93

INFO:root:  Error lógico corregido en patrón 107

INFO:root:  Error lógico corregido en patrón 116

INFO:root:  Error lógico corregido en patrón 118

INFO:root:  Error lógico corregido en patrón 135

INFO:root:  Error lógico corregido en patrón 146

INFO:root:  Error lógico corregido en patrón 159

INFO:root:  Error lógico corregido en patrón 161

INFO:root:  Error lógico corregido en patrón 166

INFO:root:  Error lógico corregido en patrón 170

INFO:root:  Error lógico corregido en patrón 184

INFO:root:  Error lógico corregido en patrón 203

INFO:root:  Error lógico corregido en patrón 212

INFO:root:  Error lógico corregido en patrón 214

INFO:root:  Error lógico corregido en patrón 220

INFO:root:  Error lógico corregido en patrón 221

INFO:root:  Error lógico corregido en patrón 223

INFO:root:  Error lógico corregido en patrón 241

INFO:root:  Error lógico corregido en patrón 248

INFO:root:  Error lógico corregido en patrón 262

INFO:root:  Error lógico corregido en patrón 275

INFO:root:  Error lógico corregido en patrón 301

INFO:root:  Error lógico corregido en patrón 311

INFO:root:  Error lógico corregido en patrón 339

INFO:root:  Error lógico corregido en patrón 344

INFO:root:  Error lógico corregido en patrón 352

INFO:root:  Error lógico corregido en patrón 355

INFO:root:  Error lógico corregido en patrón 357

INFO:root:  Error lógico corregido en patrón 381

INFO:root:  Error lógico corregido en patrón 382

INFO:root:  Error lógico corregido en patrón 403

INFO:root:  Error lógico corregido en patrón 406

INFO:root:  Error lógico corregido en patrón 408

INFO:root:  Error lógico corregido en patrón 413

INFO:root:  Error lógico corregido en patrón 420

INFO:root:  Error lógico corregido en patrón 426

INFO:root:  Error lógico corregido en patrón 433

INFO:root:  Error lógico corregido en patrón 438

INFO:root:  Error lógico corregido en patrón 444

INFO:root:  Error lógico corregido en patrón 445

INFO:root:  Error lógico corregido en patrón 451

INFO:root:  Error lógico corregido en patrón 461

INFO:root:  Error lógico corregido en patrón 490

INFO:root:  Error lógico corregido en patrón 493

INFO:root:Saving results to DynamoDB for id_nmc_batch: nmc_144_0c003_1, id_arguments: BP_3

INFO:root:Checking if table 'results_dynamodb' exists...

INFO:root:Table 'results_dynamodb' already exists.

INFO:root:Results saved to DynamoDB for id_nmc_batch: nmc_144_0c003_1

(λ: args_worker) RequestId: a3b26e8a-4388-41f7-883b-f426fc43618b  Duration: 3708.50 ms  Billed Duration: 3709 ms
INFO:root:[OFFLINE] Lambda invoked successfully. HTTP code: 200

INFO:root:nmc_worker invoked with response: {'status': 'invoked'}
INFO:root:Invoking args_worker with event: {'id_nmc_batch': 'nmc_144_0c003_1', 'number_of_args_combinations_batches': 72, 'id_batch_arguments': 3}
INFO:root:[OFFLINE] Invoking lambda 'args_worker' at http://localhost:3000/dev/args_worker with payload: {'id_nmc_batch': 'nmc_144_0c003_1', 'number_of_args_combinations_batches': 72, 'id_batch_arguments': 4}



POST /dev/args_worker (λ: args_worker)
INFO:root:Event received in args_worker lambda_handler

INFO:root:codeConfig: 144, p: 0.003

INFO:root:Config with codeConfig 144 loaded

INFO:root:Bivariate bicycle code created

INFO:root:Circuit built

INFO:root:Detector error model built

INFO:root:Detector error model converted to check matrices

INFO:root:Successfully retrieved 1 arguments for id_batch_arguments: 4

INFO:root:Args variables loaded from DynamoDB

[32minfo[39m: um-cloud-data/detectors_observables/code_144/p_0c003/batch_1.json 200 2ms 3.12mb
INFO:root:Samples loaded from S3.

INFO:root:Downloading automorphism from S3: automorphisms/0.003/auto_4/data.pkl

[32minfo[39m: tum-cloud-data/automorphisms/0.003/auto_4/data.pkl 200 3ms 69.48mb
[32minfo[39m: um-cloud-data/automorphisms/0.003/auto_4/data.pkl 206 34ms 5.48mb
[32minfo[39m: um-cloud-data/automorphisms/0.003/auto_4/data.pkl 206 42ms 8mb
[32minfo[39m: um-cloud-data/automorphisms/0.003/auto_4/data.pkl 206 46ms 8mb
[32minfo[39m: um-cloud-data/automorphisms/0.003/auto_4/data.pkl 206 43ms 8mb
[32minfo[39m: um-cloud-data/automorphisms/0.003/auto_4/data.pkl 206 44ms 8mb
[32minfo[39m: um-cloud-data/automorphisms/0.003/auto_4/data.pkl 206 44ms 8mb
[32minfo[39m: um-cloud-data/automorphisms/0.003/auto_4/data.pkl 206 45ms 8mb
[32minfo[39m: um-cloud-data/automorphisms/0.003/auto_4/data.pkl 206 46ms 8mb
[32minfo[39m: um-cloud-data/automorphisms/0.003/auto_4/data.pkl 206 44ms 8mb
INFO:root:BP decoder initialized

INFO:root:Running 500 Monte Carlo trials

INFO:root:  Error lógico corregido en patrón 19

INFO:root:  Error lógico corregido en patrón 36

INFO:root:  Error lógico corregido en patrón 37

INFO:root:  Error lógico corregido en patrón 45

INFO:root:  Error lógico corregido en patrón 47

INFO:root:  Error lógico corregido en patrón 48

INFO:root:  Error lógico corregido en patrón 58

INFO:root:  Error lógico corregido en patrón 63

INFO:root:  Error lógico corregido en patrón 68

INFO:root:  Error lógico corregido en patrón 70

INFO:root:  Error lógico corregido en patrón 82

INFO:root:  Error lógico corregido en patrón 85

INFO:root:  Error lógico corregido en patrón 88

INFO:root:  Error lógico corregido en patrón 93

INFO:root:  Error lógico corregido en patrón 107

INFO:root:  Error lógico corregido en patrón 116

INFO:root:  Error lógico corregido en patrón 118

INFO:root:  Error lógico corregido en patrón 135

INFO:root:  Error lógico corregido en patrón 146

INFO:root:  Error lógico corregido en patrón 150

INFO:root:  Error lógico corregido en patrón 159

INFO:root:  Error lógico corregido en patrón 161

INFO:root:  Error lógico corregido en patrón 166

INFO:root:  Error lógico corregido en patrón 170

INFO:root:  Error lógico corregido en patrón 184

INFO:root:  Error lógico corregido en patrón 203

INFO:root:  Error lógico corregido en patrón 212

INFO:root:  Error lógico corregido en patrón 214

INFO:root:  Error lógico corregido en patrón 220

INFO:root:  Error lógico corregido en patrón 221

INFO:root:  Error lógico corregido en patrón 223

INFO:root:  Error lógico corregido en patrón 241

INFO:root:  Error lógico corregido en patrón 248

INFO:root:  Error lógico corregido en patrón 262

INFO:root:  Error lógico corregido en patrón 275

INFO:root:  Error lógico corregido en patrón 301

INFO:root:  Error lógico corregido en patrón 311

INFO:root:  Error lógico corregido en patrón 339

INFO:root:  Error lógico corregido en patrón 344

INFO:root:  Error lógico corregido en patrón 352

INFO:root:  Error lógico corregido en patrón 355

INFO:root:  Error lógico corregido en patrón 357

INFO:root:  Error lógico corregido en patrón 381

INFO:root:  Error lógico corregido en patrón 382

INFO:root:  Error lógico corregido en patrón 403

INFO:root:  Error lógico corregido en patrón 406

INFO:root:  Error lógico corregido en patrón 408

INFO:root:  Error lógico corregido en patrón 413

INFO:root:  Error lógico corregido en patrón 420

INFO:root:  Error lógico corregido en patrón 426

INFO:root:  Error lógico corregido en patrón 433

INFO:root:  Error lógico corregido en patrón 438

INFO:root:  Error lógico corregido en patrón 444

INFO:root:  Error lógico corregido en patrón 445

INFO:root:  Error lógico corregido en patrón 451

INFO:root:  Error lógico corregido en patrón 461

INFO:root:  Error lógico corregido en patrón 490

INFO:root:  Error lógico corregido en patrón 493

INFO:root:Saving results to DynamoDB for id_nmc_batch: nmc_144_0c003_1, id_arguments: BP_4

INFO:root:Checking if table 'results_dynamodb' exists...

INFO:root:Table 'results_dynamodb' already exists.

INFO:root:Results saved to DynamoDB for id_nmc_batch: nmc_144_0c003_1

(λ: args_worker) RequestId: 9bde7269-b971-4363-8010-e3f990d601c2  Duration: 3708.27 ms  Billed Duration: 3709 ms
INFO:root:[OFFLINE] Lambda invoked successfully. HTTP code: 200

INFO:root:nmc_worker invoked with response: {'status': 'invoked'}
INFO:root:Invoking args_worker with event: {'id_nmc_batch': 'nmc_144_0c003_1', 'number_of_args_combinations_batches': 72, 'id_batch_arguments': 4}
INFO:root:[OFFLINE] Invoking lambda 'args_worker' at http://localhost:3000/dev/args_worker with payload: {'id_nmc_batch': 'nmc_144_0c003_1', 'number_of_args_combinations_batches': 72, 'id_batch_arguments': 5}



POST /dev/args_worker (λ: args_worker)
INFO:root:Event received in args_worker lambda_handler
INFO:root:codeConfig: 144, p: 0.003
INFO:root:Config with codeConfig 144 loaded

INFO:root:Bivariate bicycle code created

INFO:root:Circuit built

INFO:root:Detector error model built

INFO:root:Detector error model converted to check matrices

INFO:root:Successfully retrieved 1 arguments for id_batch_arguments: 5

INFO:root:Args variables loaded from DynamoDB

[32minfo[39m: um-cloud-data/detectors_observables/code_144/p_0c003/batch_1.json 200 2ms 3.12mb
INFO:root:Samples loaded from S3.

INFO:root:Downloading automorphism from S3: automorphisms/0.003/auto_5/data.pkl

[32minfo[39m: tum-cloud-data/automorphisms/0.003/auto_5/data.pkl 200 4ms 69.48mb
[32minfo[39m: um-cloud-data/automorphisms/0.003/auto_5/data.pkl 206 29ms 5.48mb
[32minfo[39m: um-cloud-data/automorphisms/0.003/auto_5/data.pkl 206 40ms 8mb
[32minfo[39m: um-cloud-data/automorphisms/0.003/auto_5/data.pkl 206 39ms 8mb
[32minfo[39m: um-cloud-data/automorphisms/0.003/auto_5/data.pkl 206 39ms 8mb
[32minfo[39m: um-cloud-data/automorphisms/0.003/auto_5/data.pkl 206 40ms 8mb
[32minfo[39m: um-cloud-data/automorphisms/0.003/auto_5/data.pkl 206 41ms 8mb
[32minfo[39m: um-cloud-data/automorphisms/0.003/auto_5/data.pkl 206 40ms 8mb
[32minfo[39m: um-cloud-data/automorphisms/0.003/auto_5/data.pkl 206 40ms 8mb
[32minfo[39m: um-cloud-data/automorphisms/0.003/auto_5/data.pkl 206 44ms 8mb
INFO:root:BP decoder initialized

INFO:root:Running 500 Monte Carlo trials

INFO:root:  Error lógico corregido en patrón 19

INFO:root:  Error lógico corregido en patrón 36

INFO:root:  Error lógico corregido en patrón 37

INFO:root:  Error lógico corregido en patrón 45

INFO:root:  Error lógico corregido en patrón 47

INFO:root:  Error lógico corregido en patrón 48

INFO:root:  Error lógico corregido en patrón 58

INFO:root:  Error lógico corregido en patrón 63

INFO:root:  Error lógico corregido en patrón 68

INFO:root:  Error lógico corregido en patrón 70

INFO:root:  Error lógico corregido en patrón 82

INFO:root:  Error lógico corregido en patrón 85

INFO:root:  Error lógico corregido en patrón 88

INFO:root:  Error lógico corregido en patrón 93

INFO:root:  Error lógico corregido en patrón 107

INFO:root:  Error lógico corregido en patrón 116

INFO:root:  Error lógico corregido en patrón 118

INFO:root:  Error lógico corregido en patrón 135

INFO:root:  Error lógico corregido en patrón 146

INFO:root:  Error lógico corregido en patrón 150

INFO:root:  Error lógico corregido en patrón 159

INFO:root:  Error lógico corregido en patrón 161

INFO:root:  Error lógico corregido en patrón 166

INFO:root:  Error lógico corregido en patrón 170

INFO:root:  Error lógico corregido en patrón 184

INFO:root:  Error lógico corregido en patrón 203

INFO:root:  Error lógico corregido en patrón 212

INFO:root:  Error lógico corregido en patrón 214

INFO:root:  Error lógico corregido en patrón 220

INFO:root:  Error lógico corregido en patrón 221

INFO:root:  Error lógico corregido en patrón 223

INFO:root:  Error lógico corregido en patrón 240

INFO:root:  Error lógico corregido en patrón 241

INFO:root:  Error lógico corregido en patrón 248

INFO:root:  Error lógico corregido en patrón 262

INFO:root:  Error lógico corregido en patrón 275

INFO:root:  Error lógico corregido en patrón 301

INFO:root:  Error lógico corregido en patrón 311

INFO:root:  Error lógico corregido en patrón 339

INFO:root:  Error lógico corregido en patrón 344

INFO:root:  Error lógico corregido en patrón 352

INFO:root:  Error lógico corregido en patrón 355

INFO:root:  Error lógico corregido en patrón 357

INFO:root:  Error lógico corregido en patrón 381

INFO:root:  Error lógico corregido en patrón 382

INFO:root:  Error lógico corregido en patrón 403

INFO:root:  Error lógico corregido en patrón 406

INFO:root:  Error lógico corregido en patrón 408

INFO:root:  Error lógico corregido en patrón 413

INFO:root:  Error lógico corregido en patrón 420

INFO:root:  Error lógico corregido en patrón 426

INFO:root:  Error lógico corregido en patrón 433

INFO:root:  Error lógico corregido en patrón 438

INFO:root:  Error lógico corregido en patrón 444

INFO:root:  Error lógico corregido en patrón 445

INFO:root:  Error lógico corregido en patrón 451

INFO:root:  Error lógico corregido en patrón 461

INFO:root:  Error lógico corregido en patrón 490

INFO:root:  Error lógico corregido en patrón 493

INFO:root:Saving results to DynamoDB for id_nmc_batch: nmc_144_0c003_1, id_arguments: BP_5

INFO:root:Checking if table 'results_dynamodb' exists...

INFO:root:Table 'results_dynamodb' already exists.

INFO:root:Results saved to DynamoDB for id_nmc_batch: nmc_144_0c003_1

(λ: args_worker) RequestId: d48ed0e7-2e31-46ff-84d8-ba7da622c663  Duration: 3691.72 ms  Billed Duration: 3692 ms
INFO:root:[OFFLINE] Lambda invoked successfully. HTTP code: 200

INFO:root:nmc_worker invoked with response: {'status': 'invoked'}
INFO:root:Invoking args_worker with event: {'id_nmc_batch': 'nmc_144_0c003_1', 'number_of_args_combinations_batches': 72, 'id_batch_arguments': 5}
INFO:root:[OFFLINE] Invoking lambda 'args_worker' at http://localhost:3000/dev/args_worker with payload: {'id_nmc_batch': 'nmc_144_0c003_1', 'number_of_args_combinations_batches': 72, 'id_batch_arguments': 6}



POST /dev/args_worker (λ: args_worker)
INFO:root:Event received in args_worker lambda_handler

INFO:root:codeConfig: 144, p: 0.003

INFO:root:Config with codeConfig 144 loaded

INFO:root:Bivariate bicycle code created

INFO:root:Circuit built

INFO:root:Detector error model built

INFO:root:Detector error model converted to check matrices

INFO:root:Successfully retrieved 1 arguments for id_batch_arguments: 6

INFO:root:Args variables loaded from DynamoDB

[32minfo[39m: um-cloud-data/detectors_observables/code_144/p_0c003/batch_1.json 200 2ms 3.12mb
INFO:root:Samples loaded from S3.

INFO:root:Downloading automorphism from S3: automorphisms/0.003/auto_6/data.pkl

[32minfo[39m: tum-cloud-data/automorphisms/0.003/auto_6/data.pkl 200 3ms 69.48mb
[32minfo[39m: um-cloud-data/automorphisms/0.003/auto_6/data.pkl 206 31ms 5.48mb
[32minfo[39m: um-cloud-data/automorphisms/0.003/auto_6/data.pkl 206 40ms 8mb
[32minfo[39m: um-cloud-data/automorphisms/0.003/auto_6/data.pkl 206 42ms 8mb
[32minfo[39m: um-cloud-data/automorphisms/0.003/auto_6/data.pkl 206 41ms 8mb
[32minfo[39m: um-cloud-data/automorphisms/0.003/auto_6/data.pkl 206 42ms 8mb
[32minfo[39m: um-cloud-data/automorphisms/0.003/auto_6/data.pkl 206 44ms 8mb
[32minfo[39m: um-cloud-data/automorphisms/0.003/auto_6/data.pkl 206 44ms 8mb
[32minfo[39m: um-cloud-data/automorphisms/0.003/auto_6/data.pkl 206 44ms 8mb
[32minfo[39m: um-cloud-data/automorphisms/0.003/auto_6/data.pkl 206 43ms 8mb
INFO:root:BP decoder initialized

INFO:root:Running 500 Monte Carlo trials

INFO:root:  Error lógico corregido en patrón 19

INFO:root:  Error lógico corregido en patrón 36

INFO:root:  Error lógico corregido en patrón 37

INFO:root:  Error lógico corregido en patrón 45

INFO:root:  Error lógico corregido en patrón 47

INFO:root:  Error lógico corregido en patrón 58

INFO:root:  Error lógico corregido en patrón 63

INFO:root:  Error lógico corregido en patrón 68

INFO:root:  Error lógico corregido en patrón 70

INFO:root:  Error lógico corregido en patrón 82

INFO:root:  Error lógico corregido en patrón 85

INFO:root:  Error lógico corregido en patrón 88

INFO:root:  Error lógico corregido en patrón 93

INFO:root:  Error lógico corregido en patrón 107

INFO:root:  Error lógico corregido en patrón 116

INFO:root:  Error lógico corregido en patrón 118

INFO:root:  Error lógico corregido en patrón 135

INFO:root:  Error lógico corregido en patrón 146

INFO:root:  Error lógico corregido en patrón 150

INFO:root:  Error lógico corregido en patrón 159

INFO:root:  Error lógico corregido en patrón 161

INFO:root:  Error lógico corregido en patrón 166

INFO:root:  Error lógico corregido en patrón 170

INFO:root:  Error lógico corregido en patrón 184

INFO:root:  Error lógico corregido en patrón 203

INFO:root:  Error lógico corregido en patrón 212

INFO:root:  Error lógico corregido en patrón 214

INFO:root:  Error lógico corregido en patrón 220

INFO:root:  Error lógico corregido en patrón 221

INFO:root:  Error lógico corregido en patrón 223

INFO:root:  Error lógico corregido en patrón 240

INFO:root:  Error lógico corregido en patrón 241

INFO:root:  Error lógico corregido en patrón 248

INFO:root:  Error lógico corregido en patrón 262

INFO:root:  Error lógico corregido en patrón 275

INFO:root:  Error lógico corregido en patrón 301

INFO:root:  Error lógico corregido en patrón 311

INFO:root:  Error lógico corregido en patrón 339

INFO:root:  Error lógico corregido en patrón 344

INFO:root:  Error lógico corregido en patrón 352

INFO:root:  Error lógico corregido en patrón 355

INFO:root:  Error lógico corregido en patrón 357

INFO:root:  Error lógico corregido en patrón 381

INFO:root:  Error lógico corregido en patrón 382

INFO:root:  Error lógico corregido en patrón 403

INFO:root:  Error lógico corregido en patrón 406

INFO:root:  Error lógico corregido en patrón 408

INFO:root:  Error lógico corregido en patrón 413

INFO:root:  Error lógico corregido en patrón 420

INFO:root:  Error lógico corregido en patrón 426

INFO:root:  Error lógico corregido en patrón 433

INFO:root:  Error lógico corregido en patrón 438

INFO:root:  Error lógico corregido en patrón 444

INFO:root:  Error lógico corregido en patrón 445

INFO:root:  Error lógico corregido en patrón 451

INFO:root:  Error lógico corregido en patrón 461

INFO:root:  Error lógico corregido en patrón 490

INFO:root:  Error lógico corregido en patrón 493

INFO:root:Saving results to DynamoDB for id_nmc_batch: nmc_144_0c003_1, id_arguments: BP_6

INFO:root:Checking if table 'results_dynamodb' exists...

INFO:root:Table 'results_dynamodb' already exists.

INFO:root:Results saved to DynamoDB for id_nmc_batch: nmc_144_0c003_1

(λ: args_worker) RequestId: 2953366e-232e-4a45-a755-3b8efcd0e696  Duration: 3723.70 ms  Billed Duration: 3724 ms
INFO:root:[OFFLINE] Lambda invoked successfully. HTTP code: 200

INFO:root:nmc_worker invoked with response: {'status': 'invoked'}
INFO:root:Invoking args_worker with event: {'id_nmc_batch': 'nmc_144_0c003_1', 'number_of_args_combinations_batches': 72, 'id_batch_arguments': 6}
INFO:root:[OFFLINE] Invoking lambda 'args_worker' at http://localhost:3000/dev/args_worker with payload: {'id_nmc_batch': 'nmc_144_0c003_1', 'number_of_args_combinations_batches': 72, 'id_batch_arguments': 7}



POST /dev/args_worker (λ: args_worker)
INFO:root:Event received in args_worker lambda_handler

INFO:root:codeConfig: 144, p: 0.003

INFO:root:Config with codeConfig 144 loaded

INFO:root:Bivariate bicycle code created

INFO:root:Circuit built

INFO:root:Detector error model built

INFO:root:Detector error model converted to check matrices

INFO:root:Successfully retrieved 1 arguments for id_batch_arguments: 7

INFO:root:Args variables loaded from DynamoDB

[32minfo[39m: um-cloud-data/detectors_observables/code_144/p_0c003/batch_1.json 200 3ms 3.12mb
INFO:root:Samples loaded from S3.

INFO:root:Downloading automorphism from S3: automorphisms/0.003/auto_7/data.pkl

[32minfo[39m: tum-cloud-data/automorphisms/0.003/auto_7/data.pkl 200 3ms 69.48mb
[32minfo[39m: um-cloud-data/automorphisms/0.003/auto_7/data.pkl 206 32ms 5.48mb
[32minfo[39m: um-cloud-data/automorphisms/0.003/auto_7/data.pkl 206 40ms 8mb
[32minfo[39m: um-cloud-data/automorphisms/0.003/auto_7/data.pkl 206 39ms 8mb
[32minfo[39m: um-cloud-data/automorphisms/0.003/auto_7/data.pkl 206 41ms 8mb
[32minfo[39m: um-cloud-data/automorphisms/0.003/auto_7/data.pkl 206 41ms 8mb
[32minfo[39m: um-cloud-data/automorphisms/0.003/auto_7/data.pkl 206 42ms 8mb
[32minfo[39m: um-cloud-data/automorphisms/0.003/auto_7/data.pkl 206 42ms 8mb
[32minfo[39m: um-cloud-data/automorphisms/0.003/auto_7/data.pkl 206 42ms 8mb
[32minfo[39m: um-cloud-data/automorphisms/0.003/auto_7/data.pkl 206 40ms 8mb
INFO:root:BP decoder initialized

INFO:root:Running 500 Monte Carlo trials

INFO:root:  Error lógico corregido en patrón 19

INFO:root:  Error lógico corregido en patrón 36

INFO:root:  Error lógico corregido en patrón 37

INFO:root:  Error lógico corregido en patrón 45

INFO:root:  Error lógico corregido en patrón 47

INFO:root:  Error lógico corregido en patrón 58

INFO:root:  Error lógico corregido en patrón 63

INFO:root:  Error lógico corregido en patrón 68

INFO:root:  Error lógico corregido en patrón 70

INFO:root:  Error lógico corregido en patrón 82

INFO:root:  Error lógico corregido en patrón 85

INFO:root:  Error lógico corregido en patrón 88

INFO:root:  Error lógico corregido en patrón 93

INFO:root:  Error lógico corregido en patrón 107

INFO:root:  Error lógico corregido en patrón 116

INFO:root:  Error lógico corregido en patrón 118

INFO:root:  Error lógico corregido en patrón 135

INFO:root:  Error lógico corregido en patrón 146

INFO:root:  Error lógico corregido en patrón 150

INFO:root:  Error lógico corregido en patrón 159

INFO:root:  Error lógico corregido en patrón 161

INFO:root:  Error lógico corregido en patrón 166

INFO:root:  Error lógico corregido en patrón 170

INFO:root:  Error lógico corregido en patrón 184

INFO:root:  Error lógico corregido en patrón 203

INFO:root:  Error lógico corregido en patrón 212

INFO:root:  Error lógico corregido en patrón 214

INFO:root:  Error lógico corregido en patrón 220

INFO:root:  Error lógico corregido en patrón 221

INFO:root:  Error lógico corregido en patrón 223

INFO:root:  Error lógico corregido en patrón 241

INFO:root:  Error lógico corregido en patrón 248

INFO:root:  Error lógico corregido en patrón 262

INFO:root:  Error lógico corregido en patrón 275

INFO:root:  Error lógico corregido en patrón 301

INFO:root:  Error lógico corregido en patrón 311

INFO:root:  Error lógico corregido en patrón 339

INFO:root:  Error lógico corregido en patrón 344

INFO:root:  Error lógico corregido en patrón 352

INFO:root:  Error lógico corregido en patrón 355

INFO:root:  Error lógico corregido en patrón 357

INFO:root:  Error lógico corregido en patrón 381

INFO:root:  Error lógico corregido en patrón 382

INFO:root:  Error lógico corregido en patrón 403

INFO:root:  Error lógico corregido en patrón 406

INFO:root:  Error lógico corregido en patrón 408

INFO:root:  Error lógico corregido en patrón 413

INFO:root:  Error lógico corregido en patrón 420

INFO:root:  Error lógico corregido en patrón 426

INFO:root:  Error lógico corregido en patrón 433

INFO:root:  Error lógico corregido en patrón 438

INFO:root:  Error lógico corregido en patrón 444

INFO:root:  Error lógico corregido en patrón 445

INFO:root:  Error lógico corregido en patrón 451

INFO:root:  Error lógico corregido en patrón 461

INFO:root:  Error lógico corregido en patrón 490

INFO:root:  Error lógico corregido en patrón 493

INFO:root:Saving results to DynamoDB for id_nmc_batch: nmc_144_0c003_1, id_arguments: BP_7

INFO:root:Checking if table 'results_dynamodb' exists...

INFO:root:Table 'results_dynamodb' already exists.

INFO:root:Results saved to DynamoDB for id_nmc_batch: nmc_144_0c003_1

(λ: args_worker) RequestId: e8f40199-c9e1-48bc-b1dd-9bfd24d9bdb8  Duration: 3726.33 ms  Billed Duration: 3727 ms
INFO:root:[OFFLINE] Lambda invoked successfully. HTTP code: 200

INFO:root:nmc_worker invoked with response: {'status': 'invoked'}
INFO:root:Invoking args_worker with event: {'id_nmc_batch': 'nmc_144_0c003_1', 'number_of_args_combinations_batches': 72, 'id_batch_arguments': 7}
INFO:root:[OFFLINE] Invoking lambda 'args_worker' at http://localhost:3000/dev/args_worker with payload: {'id_nmc_batch': 'nmc_144_0c003_1', 'number_of_args_combinations_batches': 72, 'id_batch_arguments': 8}



POST /dev/args_worker (λ: args_worker)
INFO:root:Event received in args_worker lambda_handler

INFO:root:codeConfig: 144, p: 0.003

INFO:root:Config with codeConfig 144 loaded

INFO:root:Bivariate bicycle code created

INFO:root:Circuit built

INFO:root:Detector error model built

INFO:root:Detector error model converted to check matrices

INFO:root:Successfully retrieved 1 arguments for id_batch_arguments: 8

INFO:root:Args variables loaded from DynamoDB

[32minfo[39m: um-cloud-data/detectors_observables/code_144/p_0c003/batch_1.json 200 2ms 3.12mb
INFO:root:Samples loaded from S3.

INFO:root:Downloading automorphism from S3: automorphisms/0.003/auto_8/data.pkl

[32minfo[39m: tum-cloud-data/automorphisms/0.003/auto_8/data.pkl 200 2ms 69.48mb
[32minfo[39m: um-cloud-data/automorphisms/0.003/auto_8/data.pkl 206 30ms 5.48mb
[32minfo[39m: um-cloud-data/automorphisms/0.003/auto_8/data.pkl 206 43ms 8mb
[32minfo[39m: um-cloud-data/automorphisms/0.003/auto_8/data.pkl 206 46ms 8mb
[32minfo[39m: um-cloud-data/automorphisms/0.003/auto_8/data.pkl 206 48ms 8mb
[32minfo[39m: um-cloud-data/automorphisms/0.003/auto_8/data.pkl 206 45ms 8mb
[32minfo[39m: um-cloud-data/automorphisms/0.003/auto_8/data.pkl 206 45ms 8mb
[32minfo[39m: um-cloud-data/automorphisms/0.003/auto_8/data.pkl 206 45ms 8mb
[32minfo[39m: um-cloud-data/automorphisms/0.003/auto_8/data.pkl 206 46ms 8mb
[32minfo[39m: um-cloud-data/automorphisms/0.003/auto_8/data.pkl 206 41ms 8mb
INFO:root:BP decoder initialized

INFO:root:Running 500 Monte Carlo trials

INFO:root:  Error lógico corregido en patrón 19

INFO:root:  Error lógico corregido en patrón 36

INFO:root:  Error lógico corregido en patrón 37

INFO:root:  Error lógico corregido en patrón 45

INFO:root:  Error lógico corregido en patrón 47

INFO:root:  Error lógico corregido en patrón 48

INFO:root:  Error lógico corregido en patrón 58

INFO:root:  Error lógico corregido en patrón 63

INFO:root:  Error lógico corregido en patrón 68

INFO:root:  Error lógico corregido en patrón 70

INFO:root:  Error lógico corregido en patrón 82

INFO:root:  Error lógico corregido en patrón 85

INFO:root:  Error lógico corregido en patrón 88

INFO:root:  Error lógico corregido en patrón 93

INFO:root:  Error lógico corregido en patrón 107

INFO:root:  Error lógico corregido en patrón 116

INFO:root:  Error lógico corregido en patrón 118

INFO:root:  Error lógico corregido en patrón 135

INFO:root:  Error lógico corregido en patrón 146

INFO:root:  Error lógico corregido en patrón 159

INFO:root:  Error lógico corregido en patrón 161

INFO:root:  Error lógico corregido en patrón 166

INFO:root:  Error lógico corregido en patrón 170

INFO:root:  Error lógico corregido en patrón 184

INFO:root:  Error lógico corregido en patrón 203

INFO:root:  Error lógico corregido en patrón 212

INFO:root:  Error lógico corregido en patrón 214

INFO:root:  Error lógico corregido en patrón 220

INFO:root:  Error lógico corregido en patrón 221

INFO:root:  Error lógico corregido en patrón 223

INFO:root:  Error lógico corregido en patrón 240

INFO:root:  Error lógico corregido en patrón 241

INFO:root:  Error lógico corregido en patrón 248

INFO:root:  Error lógico corregido en patrón 262

INFO:root:  Error lógico corregido en patrón 275

INFO:root:  Error lógico corregido en patrón 301

INFO:root:  Error lógico corregido en patrón 311

INFO:root:  Error lógico corregido en patrón 339

INFO:root:  Error lógico corregido en patrón 344

INFO:root:  Error lógico corregido en patrón 352

INFO:root:  Error lógico corregido en patrón 355

INFO:root:  Error lógico corregido en patrón 357

INFO:root:  Error lógico corregido en patrón 381

INFO:root:  Error lógico corregido en patrón 382

INFO:root:  Error lógico corregido en patrón 403

INFO:root:  Error lógico corregido en patrón 406

INFO:root:  Error lógico corregido en patrón 408

INFO:root:  Error lógico corregido en patrón 413

INFO:root:  Error lógico corregido en patrón 420

INFO:root:  Error lógico corregido en patrón 426

INFO:root:  Error lógico corregido en patrón 433

INFO:root:  Error lógico corregido en patrón 438

INFO:root:  Error lógico corregido en patrón 444

INFO:root:  Error lógico corregido en patrón 445

INFO:root:  Error lógico corregido en patrón 451

INFO:root:  Error lógico corregido en patrón 461

INFO:root:  Error lógico corregido en patrón 490

INFO:root:  Error lógico corregido en patrón 493

INFO:root:Saving results to DynamoDB for id_nmc_batch: nmc_144_0c003_1, id_arguments: BP_8

INFO:root:Checking if table 'results_dynamodb' exists...

INFO:root:Table 'results_dynamodb' already exists.

INFO:root:Results saved to DynamoDB for id_nmc_batch: nmc_144_0c003_1

(λ: args_worker) RequestId: 48e1db18-79b6-45ca-ba9f-9718bef4ddb1  Duration: 3717.10 ms  Billed Duration: 3718 ms
INFO:root:[OFFLINE] Lambda invoked successfully. HTTP code: 200

INFO:root:nmc_worker invoked with response: {'status': 'invoked'}
INFO:root:Invoking args_worker with event: {'id_nmc_batch': 'nmc_144_0c003_1', 'number_of_args_combinations_batches': 72, 'id_batch_arguments': 8}
INFO:root:[OFFLINE] Invoking lambda 'args_worker' at http://localhost:3000/dev/args_worker with payload: {'id_nmc_batch': 'nmc_144_0c003_1', 'number_of_args_combinations_batches': 72, 'id_batch_arguments': 9}



POST /dev/args_worker (λ: args_worker)
INFO:root:Event received in args_worker lambda_handler

INFO:root:codeConfig: 144, p: 0.003

INFO:root:Config with codeConfig 144 loaded

INFO:root:Bivariate bicycle code created

INFO:root:Circuit built

INFO:root:Detector error model built

INFO:root:Detector error model converted to check matrices

INFO:root:Successfully retrieved 1 arguments for id_batch_arguments: 9

INFO:root:Args variables loaded from DynamoDB

[32minfo[39m: um-cloud-data/detectors_observables/code_144/p_0c003/batch_1.json 200 2ms 3.12mb
INFO:root:Samples loaded from S3.

INFO:root:Downloading automorphism from S3: automorphisms/0.003/auto_9/data.pkl

[32minfo[39m: tum-cloud-data/automorphisms/0.003/auto_9/data.pkl 200 2ms 69.48mb
[32minfo[39m: um-cloud-data/automorphisms/0.003/auto_9/data.pkl 206 27ms 5.48mb
[32minfo[39m: um-cloud-data/automorphisms/0.003/auto_9/data.pkl 206 37ms 8mb
[32minfo[39m: um-cloud-data/automorphisms/0.003/auto_9/data.pkl 206 39ms 8mb
[32minfo[39m: um-cloud-data/automorphisms/0.003/auto_9/data.pkl 206 40ms 8mb
[32minfo[39m: um-cloud-data/automorphisms/0.003/auto_9/data.pkl 206 39ms 8mb
[32minfo[39m: um-cloud-data/automorphisms/0.003/auto_9/data.pkl 206 41ms 8mb
[32minfo[39m: um-cloud-data/automorphisms/0.003/auto_9/data.pkl 206 40ms 8mb
[32minfo[39m: um-cloud-data/automorphisms/0.003/auto_9/data.pkl 206 40ms 8mb
[32minfo[39m: um-cloud-data/automorphisms/0.003/auto_9/data.pkl 206 42ms 8mb
INFO:root:BP decoder initialized

INFO:root:Running 500 Monte Carlo trials

INFO:root:  Error lógico corregido en patrón 19

INFO:root:  Error lógico corregido en patrón 36

INFO:root:  Error lógico corregido en patrón 37

INFO:root:  Error lógico corregido en patrón 45

INFO:root:  Error lógico corregido en patrón 47

INFO:root:  Error lógico corregido en patrón 48

INFO:root:  Error lógico corregido en patrón 58

INFO:root:  Error lógico corregido en patrón 63

INFO:root:  Error lógico corregido en patrón 68

INFO:root:  Error lógico corregido en patrón 70

INFO:root:  Error lógico corregido en patrón 82

INFO:root:  Error lógico corregido en patrón 85

INFO:root:  Error lógico corregido en patrón 88

INFO:root:  Error lógico corregido en patrón 93

INFO:root:  Error lógico corregido en patrón 107

INFO:root:  Error lógico corregido en patrón 116

INFO:root:  Error lógico corregido en patrón 118

INFO:root:  Error lógico corregido en patrón 135

INFO:root:  Error lógico corregido en patrón 146

INFO:root:  Error lógico corregido en patrón 150

INFO:root:  Error lógico corregido en patrón 159

INFO:root:  Error lógico corregido en patrón 161

INFO:root:  Error lógico corregido en patrón 166

INFO:root:  Error lógico corregido en patrón 170

INFO:root:  Error lógico corregido en patrón 184

INFO:root:  Error lógico corregido en patrón 203

INFO:root:  Error lógico corregido en patrón 212

INFO:root:  Error lógico corregido en patrón 214

INFO:root:  Error lógico corregido en patrón 220

INFO:root:  Error lógico corregido en patrón 221

INFO:root:  Error lógico corregido en patrón 223

INFO:root:  Error lógico corregido en patrón 240

INFO:root:  Error lógico corregido en patrón 241

INFO:root:  Error lógico corregido en patrón 248

INFO:root:  Error lógico corregido en patrón 262

INFO:root:  Error lógico corregido en patrón 275

INFO:root:  Error lógico corregido en patrón 301

INFO:root:  Error lógico corregido en patrón 311

INFO:root:  Error lógico corregido en patrón 339

INFO:root:  Error lógico corregido en patrón 344

INFO:root:  Error lógico corregido en patrón 352

INFO:root:  Error lógico corregido en patrón 355

INFO:root:  Error lógico corregido en patrón 357

INFO:root:  Error lógico corregido en patrón 381

INFO:root:  Error lógico corregido en patrón 382

INFO:root:  Error lógico corregido en patrón 403

INFO:root:  Error lógico corregido en patrón 406

INFO:root:  Error lógico corregido en patrón 408

INFO:root:  Error lógico corregido en patrón 413

INFO:root:  Error lógico corregido en patrón 420

INFO:root:  Error lógico corregido en patrón 426

INFO:root:  Error lógico corregido en patrón 433

INFO:root:  Error lógico corregido en patrón 438

INFO:root:  Error lógico corregido en patrón 444

INFO:root:  Error lógico corregido en patrón 445

INFO:root:  Error lógico corregido en patrón 451

INFO:root:  Error lógico corregido en patrón 461

INFO:root:  Error lógico corregido en patrón 490

INFO:root:  Error lógico corregido en patrón 493

INFO:root:Saving results to DynamoDB for id_nmc_batch: nmc_144_0c003_1, id_arguments: BP_9

INFO:root:Checking if table 'results_dynamodb' exists...

INFO:root:Table 'results_dynamodb' already exists.

INFO:root:Results saved to DynamoDB for id_nmc_batch: nmc_144_0c003_1

(λ: args_worker) RequestId: 153b0706-2e00-49fe-8b7a-3b1f387d31ef  Duration: 3681.01 ms  Billed Duration: 3682 ms
INFO:root:[OFFLINE] Lambda invoked successfully. HTTP code: 200

INFO:root:nmc_worker invoked with response: {'status': 'invoked'}
INFO:root:Invoking args_worker with event: {'id_nmc_batch': 'nmc_144_0c003_1', 'number_of_args_combinations_batches': 72, 'id_batch_arguments': 9}
INFO:root:[OFFLINE] Invoking lambda 'args_worker' at http://localhost:3000/dev/args_worker with payload: {'id_nmc_batch': 'nmc_144_0c003_1', 'number_of_args_combinations_batches': 72, 'id_batch_arguments': 10}



POST /dev/args_worker (λ: args_worker)
INFO:root:Event received in args_worker lambda_handler

INFO:root:codeConfig: 144, p: 0.003

INFO:root:Config with codeConfig 144 loaded

INFO:root:Bivariate bicycle code created

INFO:root:Circuit built

INFO:root:Detector error model built

INFO:root:Detector error model converted to check matrices

INFO:root:Successfully retrieved 1 arguments for id_batch_arguments: 10

INFO:root:Args variables loaded from DynamoDB

[32minfo[39m: um-cloud-data/detectors_observables/code_144/p_0c003/batch_1.json 200 3ms 3.12mb
INFO:root:Samples loaded from S3.

INFO:root:Downloading automorphism from S3: automorphisms/0.003/auto_10/data.pkl

[32minfo[39m: tum-cloud-data/automorphisms/0.003/auto_10/data.pkl 200 0ms 69.48mb
[32minfo[39m: um-cloud-data/automorphisms/0.003/auto_10/data.pkl 206 31ms 5.48mb
[32minfo[39m: um-cloud-data/automorphisms/0.003/auto_10/data.pkl 206 37ms 8mb
[32minfo[39m: um-cloud-data/automorphisms/0.003/auto_10/data.pkl 206 38ms 8mb
[32minfo[39m: um-cloud-data/automorphisms/0.003/auto_10/data.pkl 206 41ms 8mb
[32minfo[39m: um-cloud-data/automorphisms/0.003/auto_10/data.pkl 206 40ms 8mb
[32minfo[39m: um-cloud-data/automorphisms/0.003/auto_10/data.pkl 206 40ms 8mb
[32minfo[39m: um-cloud-data/automorphisms/0.003/auto_10/data.pkl 206 43ms 8mb
[32minfo[39m: um-cloud-data/automorphisms/0.003/auto_10/data.pkl 206 41ms 8mb
[32minfo[39m: um-cloud-data/automorphisms/0.003/auto_10/data.pkl 206 42ms 8mb
INFO:root:BP decoder initialized

INFO:root:Running 500 Monte Carlo trials

INFO:root:  Error lógico corregido en patrón 19

INFO:root:  Error lógico corregido en patrón 36

INFO:root:  Error lógico corregido en patrón 37

INFO:root:  Error lógico corregido en patrón 45

INFO:root:  Error lógico corregido en patrón 47

INFO:root:  Error lógico corregido en patrón 48

INFO:root:  Error lógico corregido en patrón 58

INFO:root:  Error lógico corregido en patrón 63

INFO:root:  Error lógico corregido en patrón 68

INFO:root:  Error lógico corregido en patrón 70

INFO:root:  Error lógico corregido en patrón 82

INFO:root:  Error lógico corregido en patrón 85

INFO:root:  Error lógico corregido en patrón 88

INFO:root:  Error lógico corregido en patrón 93

INFO:root:  Error lógico corregido en patrón 107

INFO:root:  Error lógico corregido en patrón 116

INFO:root:  Error lógico corregido en patrón 118

INFO:root:  Error lógico corregido en patrón 135

INFO:root:  Error lógico corregido en patrón 146

INFO:root:  Error lógico corregido en patrón 159

INFO:root:  Error lógico corregido en patrón 161

INFO:root:  Error lógico corregido en patrón 166

INFO:root:  Error lógico corregido en patrón 170

INFO:root:  Error lógico corregido en patrón 184

INFO:root:  Error lógico corregido en patrón 203

INFO:root:  Error lógico corregido en patrón 212

INFO:root:  Error lógico corregido en patrón 214

INFO:root:  Error lógico corregido en patrón 220

INFO:root:  Error lógico corregido en patrón 221

INFO:root:  Error lógico corregido en patrón 223

INFO:root:  Error lógico corregido en patrón 241

INFO:root:  Error lógico corregido en patrón 248

INFO:root:  Error lógico corregido en patrón 262

INFO:root:  Error lógico corregido en patrón 275

INFO:root:  Error lógico corregido en patrón 301

INFO:root:  Error lógico corregido en patrón 311

INFO:root:  Error lógico corregido en patrón 339

INFO:root:  Error lógico corregido en patrón 344

INFO:root:  Error lógico corregido en patrón 352

INFO:root:  Error lógico corregido en patrón 355

INFO:root:  Error lógico corregido en patrón 357

INFO:root:  Error lógico corregido en patrón 381

INFO:root:  Error lógico corregido en patrón 382

INFO:root:  Error lógico corregido en patrón 403

INFO:root:  Error lógico corregido en patrón 406

INFO:root:  Error lógico corregido en patrón 408

INFO:root:  Error lógico corregido en patrón 413

INFO:root:  Error lógico corregido en patrón 420

INFO:root:  Error lógico corregido en patrón 426

INFO:root:  Error lógico corregido en patrón 433

INFO:root:  Error lógico corregido en patrón 438

INFO:root:  Error lógico corregido en patrón 444

INFO:root:  Error lógico corregido en patrón 445

INFO:root:  Error lógico corregido en patrón 451

INFO:root:  Error lógico corregido en patrón 461

INFO:root:  Error lógico corregido en patrón 490

INFO:root:  Error lógico corregido en patrón 493

INFO:root:Saving results to DynamoDB for id_nmc_batch: nmc_144_0c003_1, id_arguments: BP_10

INFO:root:Checking if table 'results_dynamodb' exists...

INFO:root:Table 'results_dynamodb' already exists.

INFO:root:Results saved to DynamoDB for id_nmc_batch: nmc_144_0c003_1

(λ: args_worker) RequestId: f75b54b0-9e72-4e64-9452-68e9fd004e18  Duration: 3722.74 ms  Billed Duration: 3723 ms
INFO:root:[OFFLINE] Lambda invoked successfully. HTTP code: 200

INFO:root:nmc_worker invoked with response: {'status': 'invoked'}
INFO:root:Invoking args_worker with event: {'id_nmc_batch': 'nmc_144_0c003_1', 'number_of_args_combinations_batches': 72, 'id_batch_arguments': 10}
INFO:root:[OFFLINE] Invoking lambda 'args_worker' at http://localhost:3000/dev/args_worker with payload: {'id_nmc_batch': 'nmc_144_0c003_1', 'number_of_args_combinations_batches': 72, 'id_batch_arguments': 11}



POST /dev/args_worker (λ: args_worker)
INFO:root:Event received in args_worker lambda_handler

INFO:root:codeConfig: 144, p: 0.003

INFO:root:Config with codeConfig 144 loaded

INFO:root:Bivariate bicycle code created

INFO:root:Circuit built

INFO:root:Detector error model built

INFO:root:Detector error model converted to check matrices

INFO:root:Successfully retrieved 1 arguments for id_batch_arguments: 11

INFO:root:Args variables loaded from DynamoDB

[32minfo[39m: um-cloud-data/detectors_observables/code_144/p_0c003/batch_1.json 200 2ms 3.12mb
INFO:root:Samples loaded from S3.

INFO:root:Downloading automorphism from S3: automorphisms/0.003/auto_11/data.pkl

[32minfo[39m: tum-cloud-data/automorphisms/0.003/auto_11/data.pkl 200 1ms 69.48mb
[32minfo[39m: um-cloud-data/automorphisms/0.003/auto_11/data.pkl 206 27ms 5.48mb
[32minfo[39m: um-cloud-data/automorphisms/0.003/auto_11/data.pkl 206 44ms 8mb
[32minfo[39m: um-cloud-data/automorphisms/0.003/auto_11/data.pkl 206 44ms 8mb
[32minfo[39m: um-cloud-data/automorphisms/0.003/auto_11/data.pkl 206 43ms 8mb
[32minfo[39m: um-cloud-data/automorphisms/0.003/auto_11/data.pkl 206 43ms 8mb
[32minfo[39m: um-cloud-data/automorphisms/0.003/auto_11/data.pkl 206 43ms 8mb
[32minfo[39m: um-cloud-data/automorphisms/0.003/auto_11/data.pkl 206 45ms 8mb
[32minfo[39m: um-cloud-data/automorphisms/0.003/auto_11/data.pkl 206 44ms 8mb
[32minfo[39m: um-cloud-data/automorphisms/0.003/auto_11/data.pkl 206 42ms 8mb
INFO:root:BP decoder initialized

INFO:root:Running 500 Monte Carlo trials

INFO:root:  Error lógico corregido en patrón 19

INFO:root:  Error lógico corregido en patrón 36

INFO:root:  Error lógico corregido en patrón 37

INFO:root:  Error lógico corregido en patrón 45

INFO:root:  Error lógico corregido en patrón 47

INFO:root:  Error lógico corregido en patrón 58

INFO:root:  Error lógico corregido en patrón 63

INFO:root:  Error lógico corregido en patrón 68

INFO:root:  Error lógico corregido en patrón 70

INFO:root:  Error lógico corregido en patrón 82

INFO:root:  Error lógico corregido en patrón 85

INFO:root:  Error lógico corregido en patrón 88

INFO:root:  Error lógico corregido en patrón 93

INFO:root:  Error lógico corregido en patrón 107

INFO:root:  Error lógico corregido en patrón 116

INFO:root:  Error lógico corregido en patrón 118

INFO:root:  Error lógico corregido en patrón 135

INFO:root:  Error lógico corregido en patrón 146

INFO:root:  Error lógico corregido en patrón 159

INFO:root:  Error lógico corregido en patrón 161

INFO:root:  Error lógico corregido en patrón 166

INFO:root:  Error lógico corregido en patrón 170

INFO:root:  Error lógico corregido en patrón 184

INFO:root:  Error lógico corregido en patrón 203

INFO:root:  Error lógico corregido en patrón 212

INFO:root:  Error lógico corregido en patrón 214

INFO:root:  Error lógico corregido en patrón 220

INFO:root:  Error lógico corregido en patrón 221

INFO:root:  Error lógico corregido en patrón 223

INFO:root:  Error lógico corregido en patrón 241

INFO:root:  Error lógico corregido en patrón 248

INFO:root:  Error lógico corregido en patrón 262

INFO:root:  Error lógico corregido en patrón 275

INFO:root:  Error lógico corregido en patrón 301

INFO:root:  Error lógico corregido en patrón 311

INFO:root:  Error lógico corregido en patrón 339

INFO:root:  Error lógico corregido en patrón 344

INFO:root:  Error lógico corregido en patrón 352

INFO:root:  Error lógico corregido en patrón 355

INFO:root:  Error lógico corregido en patrón 357

INFO:root:  Error lógico corregido en patrón 381

INFO:root:  Error lógico corregido en patrón 382

INFO:root:  Error lógico corregido en patrón 403

INFO:root:  Error lógico corregido en patrón 406

INFO:root:  Error lógico corregido en patrón 408

INFO:root:  Error lógico corregido en patrón 413

INFO:root:  Error lógico corregido en patrón 420

INFO:root:  Error lógico corregido en patrón 426

INFO:root:  Error lógico corregido en patrón 433

INFO:root:  Error lógico corregido en patrón 438

INFO:root:  Error lógico corregido en patrón 444

INFO:root:  Error lógico corregido en patrón 445

INFO:root:  Error lógico corregido en patrón 451

INFO:root:  Error lógico corregido en patrón 461

INFO:root:  Error lógico corregido en patrón 490

INFO:root:  Error lógico corregido en patrón 493

INFO:root:Saving results to DynamoDB for id_nmc_batch: nmc_144_0c003_1, id_arguments: BP_11

INFO:root:Checking if table 'results_dynamodb' exists...

INFO:root:Table 'results_dynamodb' already exists.

INFO:root:Results saved to DynamoDB for id_nmc_batch: nmc_144_0c003_1

(λ: args_worker) RequestId: 1b2b8e7e-cf8f-4174-90b4-64871cf99186  Duration: 3703.22 ms  Billed Duration: 3704 ms
INFO:root:[OFFLINE] Lambda invoked successfully. HTTP code: 200

INFO:root:nmc_worker invoked with response: {'status': 'invoked'}
INFO:root:Invoking args_worker with event: {'id_nmc_batch': 'nmc_144_0c003_1', 'number_of_args_combinations_batches': 72, 'id_batch_arguments': 11}
INFO:root:[OFFLINE] Invoking lambda 'args_worker' at http://localhost:3000/dev/args_worker with payload: {'id_nmc_batch': 'nmc_144_0c003_1', 'number_of_args_combinations_batches': 72, 'id_batch_arguments': 12}



POST /dev/args_worker (λ: args_worker)
INFO:root:Event received in args_worker lambda_handler

INFO:root:codeConfig: 144, p: 0.003

INFO:root:Config with codeConfig 144 loaded

INFO:root:Bivariate bicycle code created

INFO:root:Circuit built

INFO:root:Detector error model built

INFO:root:Detector error model converted to check matrices

INFO:root:Successfully retrieved 1 arguments for id_batch_arguments: 12

INFO:root:Args variables loaded from DynamoDB

[32minfo[39m: um-cloud-data/detectors_observables/code_144/p_0c003/batch_1.json 200 2ms 3.12mb
INFO:root:Samples loaded from S3.

INFO:root:Downloading automorphism from S3: automorphisms/0.003/auto_12/data.pkl

[32minfo[39m: tum-cloud-data/automorphisms/0.003/auto_12/data.pkl 200 4ms 69.48mb
[32minfo[39m: um-cloud-data/automorphisms/0.003/auto_12/data.pkl 206 28ms 5.48mb
[32minfo[39m: um-cloud-data/automorphisms/0.003/auto_12/data.pkl 206 40ms 8mb
[32minfo[39m: um-cloud-data/automorphisms/0.003/auto_12/data.pkl 206 40ms 8mb
[32minfo[39m: um-cloud-data/automorphisms/0.003/auto_12/data.pkl 206 42ms 8mb
[32minfo[39m: um-cloud-data/automorphisms/0.003/auto_12/data.pkl 206 42ms 8mb
[32minfo[39m: um-cloud-data/automorphisms/0.003/auto_12/data.pkl 206 43ms 8mb
[32minfo[39m: um-cloud-data/automorphisms/0.003/auto_12/data.pkl 206 43ms 8mb
[32minfo[39m: um-cloud-data/automorphisms/0.003/auto_12/data.pkl 206 43ms 8mb
[32minfo[39m: um-cloud-data/automorphisms/0.003/auto_12/data.pkl 206 41ms 8mb
INFO:root:BP decoder initialized

INFO:root:Running 500 Monte Carlo trials

INFO:root:  Error lógico corregido en patrón 19

INFO:root:  Error lógico corregido en patrón 36

INFO:root:  Error lógico corregido en patrón 37

INFO:root:  Error lógico corregido en patrón 45

INFO:root:  Error lógico corregido en patrón 47

INFO:root:  Error lógico corregido en patrón 48

INFO:root:  Error lógico corregido en patrón 58

INFO:root:  Error lógico corregido en patrón 63

INFO:root:  Error lógico corregido en patrón 68

INFO:root:  Error lógico corregido en patrón 70

INFO:root:  Error lógico corregido en patrón 82

INFO:root:  Error lógico corregido en patrón 85

INFO:root:  Error lógico corregido en patrón 88

INFO:root:  Error lógico corregido en patrón 93

INFO:root:  Error lógico corregido en patrón 107

INFO:root:  Error lógico corregido en patrón 116

INFO:root:  Error lógico corregido en patrón 118

INFO:root:  Error lógico corregido en patrón 135

INFO:root:  Error lógico corregido en patrón 146

INFO:root:  Error lógico corregido en patrón 159

INFO:root:  Error lógico corregido en patrón 161

INFO:root:  Error lógico corregido en patrón 166

INFO:root:  Error lógico corregido en patrón 170

INFO:root:  Error lógico corregido en patrón 184

INFO:root:  Error lógico corregido en patrón 203

INFO:root:  Error lógico corregido en patrón 212

INFO:root:  Error lógico corregido en patrón 214

INFO:root:  Error lógico corregido en patrón 220

INFO:root:  Error lógico corregido en patrón 221

INFO:root:  Error lógico corregido en patrón 223

INFO:root:  Error lógico corregido en patrón 240

INFO:root:  Error lógico corregido en patrón 241

INFO:root:  Error lógico corregido en patrón 248

INFO:root:  Error lógico corregido en patrón 262

INFO:root:  Error lógico corregido en patrón 275

INFO:root:  Error lógico corregido en patrón 301

INFO:root:  Error lógico corregido en patrón 311

INFO:root:  Error lógico corregido en patrón 339

INFO:root:  Error lógico corregido en patrón 344

INFO:root:  Error lógico corregido en patrón 352

INFO:root:  Error lógico corregido en patrón 355

INFO:root:  Error lógico corregido en patrón 357

INFO:root:  Error lógico corregido en patrón 381

INFO:root:  Error lógico corregido en patrón 382

INFO:root:  Error lógico corregido en patrón 403

INFO:root:  Error lógico corregido en patrón 406

INFO:root:  Error lógico corregido en patrón 408

INFO:root:  Error lógico corregido en patrón 413

INFO:root:  Error lógico corregido en patrón 420

INFO:root:  Error lógico corregido en patrón 426

INFO:root:  Error lógico corregido en patrón 433

INFO:root:  Error lógico corregido en patrón 438

INFO:root:  Error lógico corregido en patrón 444

INFO:root:  Error lógico corregido en patrón 445

INFO:root:  Error lógico corregido en patrón 451

INFO:root:  Error lógico corregido en patrón 461

INFO:root:  Error lógico corregido en patrón 490

INFO:root:  Error lógico corregido en patrón 493

INFO:root:Saving results to DynamoDB for id_nmc_batch: nmc_144_0c003_1, id_arguments: BP_12

INFO:root:Checking if table 'results_dynamodb' exists...

INFO:root:Table 'results_dynamodb' already exists.

INFO:root:Results saved to DynamoDB for id_nmc_batch: nmc_144_0c003_1

(λ: args_worker) RequestId: a4cc20b4-6c6c-4303-bb0d-abbaf2ffa147  Duration: 3713.08 ms  Billed Duration: 3714 ms
INFO:root:[OFFLINE] Lambda invoked successfully. HTTP code: 200

INFO:root:nmc_worker invoked with response: {'status': 'invoked'}
INFO:root:Invoking args_worker with event: {'id_nmc_batch': 'nmc_144_0c003_1', 'number_of_args_combinations_batches': 72, 'id_batch_arguments': 12}
INFO:root:[OFFLINE] Invoking lambda 'args_worker' at http://localhost:3000/dev/args_worker with payload: {'id_nmc_batch': 'nmc_144_0c003_1', 'number_of_args_combinations_batches': 72, 'id_batch_arguments': 13}



POST /dev/args_worker (λ: args_worker)
INFO:root:Event received in args_worker lambda_handler

INFO:root:codeConfig: 144, p: 0.003

INFO:root:Config with codeConfig 144 loaded

INFO:root:Bivariate bicycle code created

INFO:root:Circuit built

INFO:root:Detector error model built

INFO:root:Detector error model converted to check matrices

INFO:root:Successfully retrieved 1 arguments for id_batch_arguments: 13

INFO:root:Args variables loaded from DynamoDB

[32minfo[39m: um-cloud-data/detectors_observables/code_144/p_0c003/batch_1.json 200 2ms 3.12mb
INFO:root:Samples loaded from S3.

INFO:root:Downloading automorphism from S3: automorphisms/0.003/auto_13/data.pkl

[32minfo[39m: tum-cloud-data/automorphisms/0.003/auto_13/data.pkl 200 3ms 69.48mb
[32minfo[39m: um-cloud-data/automorphisms/0.003/auto_13/data.pkl 206 29ms 5.48mb
[32minfo[39m: um-cloud-data/automorphisms/0.003/auto_13/data.pkl 206 36ms 8mb
[32minfo[39m: um-cloud-data/automorphisms/0.003/auto_13/data.pkl 206 44ms 8mb
[32minfo[39m: um-cloud-data/automorphisms/0.003/auto_13/data.pkl 206 45ms 8mb
[32minfo[39m: um-cloud-data/automorphisms/0.003/auto_13/data.pkl 206 43ms 8mb
[32minfo[39m: um-cloud-data/automorphisms/0.003/auto_13/data.pkl 206 42ms 8mb
[32minfo[39m: um-cloud-data/automorphisms/0.003/auto_13/data.pkl 206 44ms 8mb
[32minfo[39m: um-cloud-data/automorphisms/0.003/auto_13/data.pkl 206 43ms 8mb
[32minfo[39m: um-cloud-data/automorphisms/0.003/auto_13/data.pkl 206 43ms 8mb
INFO:root:BP decoder initialized

INFO:root:Running 500 Monte Carlo trials

INFO:root:  Error lógico corregido en patrón 19

INFO:root:  Error lógico corregido en patrón 36

INFO:root:  Error lógico corregido en patrón 37

INFO:root:  Error lógico corregido en patrón 45

INFO:root:  Error lógico corregido en patrón 47

INFO:root:  Error lógico corregido en patrón 58

INFO:root:  Error lógico corregido en patrón 63

INFO:root:  Error lógico corregido en patrón 68

INFO:root:  Error lógico corregido en patrón 70

INFO:root:  Error lógico corregido en patrón 82

INFO:root:  Error lógico corregido en patrón 85

INFO:root:  Error lógico corregido en patrón 88

INFO:root:  Error lógico corregido en patrón 93

INFO:root:  Error lógico corregido en patrón 107

INFO:root:  Error lógico corregido en patrón 116

INFO:root:  Error lógico corregido en patrón 118

INFO:root:  Error lógico corregido en patrón 135

INFO:root:  Error lógico corregido en patrón 146

INFO:root:  Error lógico corregido en patrón 150

INFO:root:  Error lógico corregido en patrón 159

INFO:root:  Error lógico corregido en patrón 161

INFO:root:  Error lógico corregido en patrón 166

INFO:root:  Error lógico corregido en patrón 170

INFO:root:  Error lógico corregido en patrón 184

INFO:root:  Error lógico corregido en patrón 203

INFO:root:  Error lógico corregido en patrón 212

INFO:root:  Error lógico corregido en patrón 214

INFO:root:  Error lógico corregido en patrón 220

INFO:root:  Error lógico corregido en patrón 221

INFO:root:  Error lógico corregido en patrón 223

INFO:root:  Error lógico corregido en patrón 240

INFO:root:  Error lógico corregido en patrón 241

INFO:root:  Error lógico corregido en patrón 248

INFO:root:  Error lógico corregido en patrón 262

INFO:root:  Error lógico corregido en patrón 275

INFO:root:  Error lógico corregido en patrón 301

INFO:root:  Error lógico corregido en patrón 311

INFO:root:  Error lógico corregido en patrón 339

INFO:root:  Error lógico corregido en patrón 344

INFO:root:  Error lógico corregido en patrón 352

INFO:root:  Error lógico corregido en patrón 355

INFO:root:  Error lógico corregido en patrón 357

INFO:root:  Error lógico corregido en patrón 381

INFO:root:  Error lógico corregido en patrón 382

INFO:root:  Error lógico corregido en patrón 403

INFO:root:  Error lógico corregido en patrón 406

INFO:root:  Error lógico corregido en patrón 408

INFO:root:  Error lógico corregido en patrón 413

INFO:root:  Error lógico corregido en patrón 420

INFO:root:  Error lógico corregido en patrón 426

INFO:root:  Error lógico corregido en patrón 433

INFO:root:  Error lógico corregido en patrón 438

INFO:root:  Error lógico corregido en patrón 444

INFO:root:  Error lógico corregido en patrón 445

INFO:root:  Error lógico corregido en patrón 451

INFO:root:  Error lógico corregido en patrón 461

INFO:root:  Error lógico corregido en patrón 490

INFO:root:  Error lógico corregido en patrón 493

INFO:root:Saving results to DynamoDB for id_nmc_batch: nmc_144_0c003_1, id_arguments: BP_13

INFO:root:Checking if table 'results_dynamodb' exists...

INFO:root:Table 'results_dynamodb' already exists.

INFO:root:Results saved to DynamoDB for id_nmc_batch: nmc_144_0c003_1

(λ: args_worker) RequestId: 4c32f27b-0072-4da2-8f0e-bdf1c73ef881  Duration: 3720.23 ms  Billed Duration: 3721 ms
INFO:root:[OFFLINE] Lambda invoked successfully. HTTP code: 200

INFO:root:nmc_worker invoked with response: {'status': 'invoked'}
INFO:root:Invoking args_worker with event: {'id_nmc_batch': 'nmc_144_0c003_1', 'number_of_args_combinations_batches': 72, 'id_batch_arguments': 13}
INFO:root:[OFFLINE] Invoking lambda 'args_worker' at http://localhost:3000/dev/args_worker with payload: {'id_nmc_batch': 'nmc_144_0c003_1', 'number_of_args_combinations_batches': 72, 'id_batch_arguments': 14}



POST /dev/args_worker (λ: args_worker)
INFO:root:Event received in args_worker lambda_handler

INFO:root:codeConfig: 144, p: 0.003
INFO:root:Config with codeConfig 144 loaded

INFO:root:Bivariate bicycle code created

INFO:root:Circuit built

INFO:root:Detector error model built

INFO:root:Detector error model converted to check matrices

INFO:root:Successfully retrieved 1 arguments for id_batch_arguments: 14

INFO:root:Args variables loaded from DynamoDB

[32minfo[39m: um-cloud-data/detectors_observables/code_144/p_0c003/batch_1.json 200 2ms 3.12mb
INFO:root:Samples loaded from S3.

INFO:root:Downloading automorphism from S3: automorphisms/0.003/auto_14/data.pkl

[32minfo[39m: tum-cloud-data/automorphisms/0.003/auto_14/data.pkl 200 3ms 69.48mb
[32minfo[39m: um-cloud-data/automorphisms/0.003/auto_14/data.pkl 206 36ms 5.48mb
[32minfo[39m: um-cloud-data/automorphisms/0.003/auto_14/data.pkl 206 44ms 8mb
[32minfo[39m: um-cloud-data/automorphisms/0.003/auto_14/data.pkl 206 47ms 8mb
[32minfo[39m: um-cloud-data/automorphisms/0.003/auto_14/data.pkl 206 48ms 8mb
[32minfo[39m: um-cloud-data/automorphisms/0.003/auto_14/data.pkl 206 47ms 8mb
[32minfo[39m: um-cloud-data/automorphisms/0.003/auto_14/data.pkl 206 48ms 8mb
[32minfo[39m: um-cloud-data/automorphisms/0.003/auto_14/data.pkl 206 49ms 8mb
[32minfo[39m: um-cloud-data/automorphisms/0.003/auto_14/data.pkl 206 50ms 8mb
[32minfo[39m: um-cloud-data/automorphisms/0.003/auto_14/data.pkl 206 48ms 8mb
INFO:root:BP decoder initialized

INFO:root:Running 500 Monte Carlo trials

INFO:root:  Error lógico corregido en patrón 19

INFO:root:  Error lógico corregido en patrón 36

INFO:root:  Error lógico corregido en patrón 37

INFO:root:  Error lógico corregido en patrón 45

INFO:root:  Error lógico corregido en patrón 47

INFO:root:  Error lógico corregido en patrón 58

INFO:root:  Error lógico corregido en patrón 63

INFO:root:  Error lógico corregido en patrón 68

INFO:root:  Error lógico corregido en patrón 70

INFO:root:  Error lógico corregido en patrón 82

INFO:root:  Error lógico corregido en patrón 85

INFO:root:  Error lógico corregido en patrón 88

INFO:root:  Error lógico corregido en patrón 93

INFO:root:  Error lógico corregido en patrón 107

INFO:root:  Error lógico corregido en patrón 116

INFO:root:  Error lógico corregido en patrón 118

INFO:root:  Error lógico corregido en patrón 135

INFO:root:  Error lógico corregido en patrón 146

INFO:root:  Error lógico corregido en patrón 159

INFO:root:  Error lógico corregido en patrón 161

INFO:root:  Error lógico corregido en patrón 166

INFO:root:  Error lógico corregido en patrón 170

INFO:root:  Error lógico corregido en patrón 184

INFO:root:  Error lógico corregido en patrón 203

INFO:root:  Error lógico corregido en patrón 212

INFO:root:  Error lógico corregido en patrón 214

INFO:root:  Error lógico corregido en patrón 220

INFO:root:  Error lógico corregido en patrón 221

INFO:root:  Error lógico corregido en patrón 223

INFO:root:  Error lógico corregido en patrón 240

INFO:root:  Error lógico corregido en patrón 241

INFO:root:  Error lógico corregido en patrón 248

INFO:root:  Error lógico corregido en patrón 262

INFO:root:  Error lógico corregido en patrón 275

INFO:root:  Error lógico corregido en patrón 301

INFO:root:  Error lógico corregido en patrón 311

INFO:root:  Error lógico corregido en patrón 339

INFO:root:  Error lógico corregido en patrón 344

INFO:root:  Error lógico corregido en patrón 352

INFO:root:  Error lógico corregido en patrón 355

INFO:root:  Error lógico corregido en patrón 357

INFO:root:  Error lógico corregido en patrón 381

INFO:root:  Error lógico corregido en patrón 382

INFO:root:  Error lógico corregido en patrón 403

INFO:root:  Error lógico corregido en patrón 406

INFO:root:  Error lógico corregido en patrón 408

INFO:root:  Error lógico corregido en patrón 413

INFO:root:  Error lógico corregido en patrón 420

INFO:root:  Error lógico corregido en patrón 426

INFO:root:  Error lógico corregido en patrón 433

INFO:root:  Error lógico corregido en patrón 438

INFO:root:  Error lógico corregido en patrón 444

INFO:root:  Error lógico corregido en patrón 445

INFO:root:  Error lógico corregido en patrón 451

INFO:root:  Error lógico corregido en patrón 461

INFO:root:  Error lógico corregido en patrón 490

INFO:root:  Error lógico corregido en patrón 493

INFO:root:Saving results to DynamoDB for id_nmc_batch: nmc_144_0c003_1, id_arguments: BP_14

INFO:root:Checking if table 'results_dynamodb' exists...

INFO:root:Table 'results_dynamodb' already exists.

INFO:root:Results saved to DynamoDB for id_nmc_batch: nmc_144_0c003_1

(λ: args_worker) RequestId: 16dccc12-08cc-467f-9e86-14d9a2a3bee0  Duration: 3750.34 ms  Billed Duration: 3751 ms
INFO:root:[OFFLINE] Lambda invoked successfully. HTTP code: 200

INFO:root:nmc_worker invoked with response: {'status': 'invoked'}
INFO:root:Invoking args_worker with event: {'id_nmc_batch': 'nmc_144_0c003_1', 'number_of_args_combinations_batches': 72, 'id_batch_arguments': 14}
INFO:root:[OFFLINE] Invoking lambda 'args_worker' at http://localhost:3000/dev/args_worker with payload: {'id_nmc_batch': 'nmc_144_0c003_1', 'number_of_args_combinations_batches': 72, 'id_batch_arguments': 15}



POST /dev/args_worker (λ: args_worker)
INFO:root:Event received in args_worker lambda_handler
INFO:root:codeConfig: 144, p: 0.003
INFO:root:Config with codeConfig 144 loaded

INFO:root:Bivariate bicycle code created

INFO:root:Circuit built

INFO:root:Detector error model built

INFO:root:Detector error model converted to check matrices

INFO:root:Successfully retrieved 1 arguments for id_batch_arguments: 15

INFO:root:Args variables loaded from DynamoDB

[32minfo[39m: um-cloud-data/detectors_observables/code_144/p_0c003/batch_1.json 200 2ms 3.12mb
INFO:root:Samples loaded from S3.

INFO:root:Downloading automorphism from S3: automorphisms/0.003/auto_15/data.pkl

[32minfo[39m: tum-cloud-data/automorphisms/0.003/auto_15/data.pkl 200 3ms 69.48mb
[32minfo[39m: um-cloud-data/automorphisms/0.003/auto_15/data.pkl 206 28ms 5.48mb
[32minfo[39m: um-cloud-data/automorphisms/0.003/auto_15/data.pkl 206 39ms 8mb
[32minfo[39m: um-cloud-data/automorphisms/0.003/auto_15/data.pkl 206 40ms 8mb
[32minfo[39m: um-cloud-data/automorphisms/0.003/auto_15/data.pkl 206 40ms 8mb
[32minfo[39m: um-cloud-data/automorphisms/0.003/auto_15/data.pkl 206 40ms 8mb
[32minfo[39m: um-cloud-data/automorphisms/0.003/auto_15/data.pkl 206 40ms 8mb
[32minfo[39m: um-cloud-data/automorphisms/0.003/auto_15/data.pkl 206 39ms 8mb
[32minfo[39m: um-cloud-data/automorphisms/0.003/auto_15/data.pkl 206 41ms 8mb
[32minfo[39m: um-cloud-data/automorphisms/0.003/auto_15/data.pkl 206 39ms 8mb
INFO:root:BP decoder initialized

INFO:root:Running 500 Monte Carlo trials

INFO:root:  Error lógico corregido en patrón 19

INFO:root:  Error lógico corregido en patrón 36

INFO:root:  Error lógico corregido en patrón 37

INFO:root:  Error lógico corregido en patrón 45

INFO:root:  Error lógico corregido en patrón 47

INFO:root:  Error lógico corregido en patrón 58

INFO:root:  Error lógico corregido en patrón 63

INFO:root:  Error lógico corregido en patrón 68

INFO:root:  Error lógico corregido en patrón 70

INFO:root:  Error lógico corregido en patrón 82

INFO:root:  Error lógico corregido en patrón 85

INFO:root:  Error lógico corregido en patrón 88

INFO:root:  Error lógico corregido en patrón 93

INFO:root:  Error lógico corregido en patrón 107

INFO:root:  Error lógico corregido en patrón 116

INFO:root:  Error lógico corregido en patrón 118

INFO:root:  Error lógico corregido en patrón 135

INFO:root:  Error lógico corregido en patrón 146

INFO:root:  Error lógico corregido en patrón 150

INFO:root:  Error lógico corregido en patrón 159

INFO:root:  Error lógico corregido en patrón 161

INFO:root:  Error lógico corregido en patrón 166

INFO:root:  Error lógico corregido en patrón 170

INFO:root:  Error lógico corregido en patrón 184

INFO:root:  Error lógico corregido en patrón 203

INFO:root:  Error lógico corregido en patrón 212

INFO:root:  Error lógico corregido en patrón 214

INFO:root:  Error lógico corregido en patrón 220

INFO:root:  Error lógico corregido en patrón 221

INFO:root:  Error lógico corregido en patrón 223

INFO:root:  Error lógico corregido en patrón 240

INFO:root:  Error lógico corregido en patrón 241

INFO:root:  Error lógico corregido en patrón 248

INFO:root:  Error lógico corregido en patrón 262

INFO:root:  Error lógico corregido en patrón 275

INFO:root:  Error lógico corregido en patrón 301

INFO:root:  Error lógico corregido en patrón 311

INFO:root:  Error lógico corregido en patrón 339

INFO:root:  Error lógico corregido en patrón 344

INFO:root:  Error lógico corregido en patrón 352

INFO:root:  Error lógico corregido en patrón 355

INFO:root:  Error lógico corregido en patrón 357

INFO:root:  Error lógico corregido en patrón 381

INFO:root:  Error lógico corregido en patrón 382

INFO:root:  Error lógico corregido en patrón 403

INFO:root:  Error lógico corregido en patrón 406

INFO:root:  Error lógico corregido en patrón 408

INFO:root:  Error lógico corregido en patrón 413

INFO:root:  Error lógico corregido en patrón 420

INFO:root:  Error lógico corregido en patrón 426

INFO:root:  Error lógico corregido en patrón 433

INFO:root:  Error lógico corregido en patrón 438

INFO:root:  Error lógico corregido en patrón 444

INFO:root:  Error lógico corregido en patrón 445

INFO:root:  Error lógico corregido en patrón 451

INFO:root:  Error lógico corregido en patrón 461

INFO:root:  Error lógico corregido en patrón 490

INFO:root:  Error lógico corregido en patrón 493

INFO:root:Saving results to DynamoDB for id_nmc_batch: nmc_144_0c003_1, id_arguments: BP_15

INFO:root:Checking if table 'results_dynamodb' exists...

INFO:root:Table 'results_dynamodb' already exists.

INFO:root:Results saved to DynamoDB for id_nmc_batch: nmc_144_0c003_1

(λ: args_worker) RequestId: 64e73d0b-23ce-49d5-bcbf-5a69fb5aee73  Duration: 3693.27 ms  Billed Duration: 3694 ms
INFO:root:[OFFLINE] Lambda invoked successfully. HTTP code: 200

INFO:root:nmc_worker invoked with response: {'status': 'invoked'}
INFO:root:Invoking args_worker with event: {'id_nmc_batch': 'nmc_144_0c003_1', 'number_of_args_combinations_batches': 72, 'id_batch_arguments': 15}
INFO:root:[OFFLINE] Invoking lambda 'args_worker' at http://localhost:3000/dev/args_worker with payload: {'id_nmc_batch': 'nmc_144_0c003_1', 'number_of_args_combinations_batches': 72, 'id_batch_arguments': 16}



POST /dev/args_worker (λ: args_worker)
INFO:root:Event received in args_worker lambda_handler

INFO:root:codeConfig: 144, p: 0.003

INFO:root:Config with codeConfig 144 loaded

INFO:root:Bivariate bicycle code created

INFO:root:Circuit built

INFO:root:Detector error model built

INFO:root:Detector error model converted to check matrices

INFO:root:Successfully retrieved 1 arguments for id_batch_arguments: 16

INFO:root:Args variables loaded from DynamoDB

[32minfo[39m: um-cloud-data/detectors_observables/code_144/p_0c003/batch_1.json 200 2ms 3.12mb
INFO:root:Samples loaded from S3.

INFO:root:Downloading automorphism from S3: automorphisms/0.003/auto_16/data.pkl

[32minfo[39m: tum-cloud-data/automorphisms/0.003/auto_16/data.pkl 200 4ms 69.48mb
[32minfo[39m: um-cloud-data/automorphisms/0.003/auto_16/data.pkl 206 29ms 5.48mb
[32minfo[39m: um-cloud-data/automorphisms/0.003/auto_16/data.pkl 206 36ms 8mb
[32minfo[39m: um-cloud-data/automorphisms/0.003/auto_16/data.pkl 206 37ms 8mb
[32minfo[39m: um-cloud-data/automorphisms/0.003/auto_16/data.pkl 206 37ms 8mb
[32minfo[39m: um-cloud-data/automorphisms/0.003/auto_16/data.pkl 206 38ms 8mb
[32minfo[39m: um-cloud-data/automorphisms/0.003/auto_16/data.pkl 206 39ms 8mb
[32minfo[39m: um-cloud-data/automorphisms/0.003/auto_16/data.pkl 206 40ms 8mb
[32minfo[39m: um-cloud-data/automorphisms/0.003/auto_16/data.pkl 206 40ms 8mb
[32minfo[39m: um-cloud-data/automorphisms/0.003/auto_16/data.pkl 206 37ms 8mb
INFO:root:BP decoder initialized

INFO:root:Running 500 Monte Carlo trials

INFO:root:  Error lógico corregido en patrón 19

INFO:root:  Error lógico corregido en patrón 36

INFO:root:  Error lógico corregido en patrón 37

INFO:root:  Error lógico corregido en patrón 45

INFO:root:  Error lógico corregido en patrón 47

INFO:root:  Error lógico corregido en patrón 58

INFO:root:  Error lógico corregido en patrón 63

INFO:root:  Error lógico corregido en patrón 68

INFO:root:  Error lógico corregido en patrón 70

INFO:root:  Error lógico corregido en patrón 82

INFO:root:  Error lógico corregido en patrón 85

INFO:root:  Error lógico corregido en patrón 88

INFO:root:  Error lógico corregido en patrón 93

INFO:root:  Error lógico corregido en patrón 107

INFO:root:  Error lógico corregido en patrón 116

INFO:root:  Error lógico corregido en patrón 118

INFO:root:  Error lógico corregido en patrón 135

INFO:root:  Error lógico corregido en patrón 146

INFO:root:  Error lógico corregido en patrón 150

INFO:root:  Error lógico corregido en patrón 159

INFO:root:  Error lógico corregido en patrón 161

INFO:root:  Error lógico corregido en patrón 166

INFO:root:  Error lógico corregido en patrón 170

INFO:root:  Error lógico corregido en patrón 184

INFO:root:  Error lógico corregido en patrón 203

INFO:root:  Error lógico corregido en patrón 212

INFO:root:  Error lógico corregido en patrón 214

INFO:root:  Error lógico corregido en patrón 220

INFO:root:  Error lógico corregido en patrón 221

INFO:root:  Error lógico corregido en patrón 223

INFO:root:  Error lógico corregido en patrón 240

INFO:root:  Error lógico corregido en patrón 241

INFO:root:  Error lógico corregido en patrón 248

INFO:root:  Error lógico corregido en patrón 262

INFO:root:  Error lógico corregido en patrón 275

INFO:root:  Error lógico corregido en patrón 301

INFO:root:  Error lógico corregido en patrón 311

INFO:root:  Error lógico corregido en patrón 339

INFO:root:  Error lógico corregido en patrón 344

INFO:root:  Error lógico corregido en patrón 352

INFO:root:  Error lógico corregido en patrón 355

INFO:root:  Error lógico corregido en patrón 357

INFO:root:  Error lógico corregido en patrón 381

INFO:root:  Error lógico corregido en patrón 382

INFO:root:  Error lógico corregido en patrón 403

INFO:root:  Error lógico corregido en patrón 406

INFO:root:  Error lógico corregido en patrón 408

INFO:root:  Error lógico corregido en patrón 413

INFO:root:  Error lógico corregido en patrón 420

INFO:root:  Error lógico corregido en patrón 426

INFO:root:  Error lógico corregido en patrón 433

INFO:root:  Error lógico corregido en patrón 438

INFO:root:  Error lógico corregido en patrón 444

INFO:root:  Error lógico corregido en patrón 445

INFO:root:  Error lógico corregido en patrón 451

INFO:root:  Error lógico corregido en patrón 461

INFO:root:  Error lógico corregido en patrón 490

INFO:root:  Error lógico corregido en patrón 493

INFO:root:Saving results to DynamoDB for id_nmc_batch: nmc_144_0c003_1, id_arguments: BP_16

INFO:root:Checking if table 'results_dynamodb' exists...

INFO:root:Table 'results_dynamodb' already exists.

INFO:root:Results saved to DynamoDB for id_nmc_batch: nmc_144_0c003_1

(λ: args_worker) RequestId: 737be953-f68c-4b4e-bc74-b598a38e5f89  Duration: 3708.18 ms  Billed Duration: 3709 ms
INFO:root:[OFFLINE] Lambda invoked successfully. HTTP code: 200

INFO:root:nmc_worker invoked with response: {'status': 'invoked'}
INFO:root:Invoking args_worker with event: {'id_nmc_batch': 'nmc_144_0c003_1', 'number_of_args_combinations_batches': 72, 'id_batch_arguments': 16}
INFO:root:[OFFLINE] Invoking lambda 'args_worker' at http://localhost:3000/dev/args_worker with payload: {'id_nmc_batch': 'nmc_144_0c003_1', 'number_of_args_combinations_batches': 72, 'id_batch_arguments': 17}



POST /dev/args_worker (λ: args_worker)
INFO:root:Event received in args_worker lambda_handler

INFO:root:codeConfig: 144, p: 0.003
INFO:root:Config with codeConfig 144 loaded

INFO:root:Bivariate bicycle code created

INFO:root:Circuit built

INFO:root:Detector error model built

INFO:root:Detector error model converted to check matrices

INFO:root:Successfully retrieved 1 arguments for id_batch_arguments: 17

INFO:root:Args variables loaded from DynamoDB

[32minfo[39m: um-cloud-data/detectors_observables/code_144/p_0c003/batch_1.json 200 2ms 3.12mb
INFO:root:Samples loaded from S3.

INFO:root:Downloading automorphism from S3: automorphisms/0.003/auto_17/data.pkl

[32minfo[39m: tum-cloud-data/automorphisms/0.003/auto_17/data.pkl 200 3ms 69.48mb
[32minfo[39m: um-cloud-data/automorphisms/0.003/auto_17/data.pkl 206 25ms 5.48mb
[32minfo[39m: um-cloud-data/automorphisms/0.003/auto_17/data.pkl 206 39ms 8mb
[32minfo[39m: um-cloud-data/automorphisms/0.003/auto_17/data.pkl 206 41ms 8mb
[32minfo[39m: um-cloud-data/automorphisms/0.003/auto_17/data.pkl 206 42ms 8mb
[32minfo[39m: um-cloud-data/automorphisms/0.003/auto_17/data.pkl 206 42ms 8mb
[32minfo[39m: um-cloud-data/automorphisms/0.003/auto_17/data.pkl 206 42ms 8mb
[32minfo[39m: um-cloud-data/automorphisms/0.003/auto_17/data.pkl 206 44ms 8mb
[32minfo[39m: um-cloud-data/automorphisms/0.003/auto_17/data.pkl 206 41ms 8mb
[32minfo[39m: um-cloud-data/automorphisms/0.003/auto_17/data.pkl 206 42ms 8mb
INFO:root:BP decoder initialized

INFO:root:Running 500 Monte Carlo trials

INFO:root:  Error lógico corregido en patrón 19

INFO:root:  Error lógico corregido en patrón 36

INFO:root:  Error lógico corregido en patrón 37

INFO:root:  Error lógico corregido en patrón 45

INFO:root:  Error lógico corregido en patrón 47

INFO:root:  Error lógico corregido en patrón 58

INFO:root:  Error lógico corregido en patrón 63

INFO:root:  Error lógico corregido en patrón 68

INFO:root:  Error lógico corregido en patrón 70

INFO:root:  Error lógico corregido en patrón 82

INFO:root:  Error lógico corregido en patrón 85

INFO:root:  Error lógico corregido en patrón 88

INFO:root:  Error lógico corregido en patrón 93

INFO:root:  Error lógico corregido en patrón 107

INFO:root:  Error lógico corregido en patrón 116

INFO:root:  Error lógico corregido en patrón 118

INFO:root:  Error lógico corregido en patrón 135

INFO:root:  Error lógico corregido en patrón 146

INFO:root:  Error lógico corregido en patrón 159

INFO:root:  Error lógico corregido en patrón 161

INFO:root:  Error lógico corregido en patrón 166

INFO:root:  Error lógico corregido en patrón 170

INFO:root:  Error lógico corregido en patrón 184

INFO:root:  Error lógico corregido en patrón 203

INFO:root:  Error lógico corregido en patrón 212

INFO:root:  Error lógico corregido en patrón 214

INFO:root:  Error lógico corregido en patrón 220

INFO:root:  Error lógico corregido en patrón 221

INFO:root:  Error lógico corregido en patrón 223

INFO:root:  Error lógico corregido en patrón 240

INFO:root:  Error lógico corregido en patrón 241

INFO:root:  Error lógico corregido en patrón 248

INFO:root:  Error lógico corregido en patrón 262

INFO:root:  Error lógico corregido en patrón 275

INFO:root:  Error lógico corregido en patrón 301

INFO:root:  Error lógico corregido en patrón 311

INFO:root:  Error lógico corregido en patrón 339

INFO:root:  Error lógico corregido en patrón 344

INFO:root:  Error lógico corregido en patrón 352

INFO:root:  Error lógico corregido en patrón 355

INFO:root:  Error lógico corregido en patrón 357

INFO:root:  Error lógico corregido en patrón 381

INFO:root:  Error lógico corregido en patrón 382

INFO:root:  Error lógico corregido en patrón 403

INFO:root:  Error lógico corregido en patrón 406

INFO:root:  Error lógico corregido en patrón 408

INFO:root:  Error lógico corregido en patrón 413

INFO:root:  Error lógico corregido en patrón 420

INFO:root:  Error lógico corregido en patrón 426

INFO:root:  Error lógico corregido en patrón 433

INFO:root:  Error lógico corregido en patrón 438

INFO:root:  Error lógico corregido en patrón 444

INFO:root:  Error lógico corregido en patrón 445

INFO:root:  Error lógico corregido en patrón 451

INFO:root:  Error lógico corregido en patrón 461

INFO:root:  Error lógico corregido en patrón 490

INFO:root:  Error lógico corregido en patrón 493

INFO:root:Saving results to DynamoDB for id_nmc_batch: nmc_144_0c003_1, id_arguments: BP_17

INFO:root:Checking if table 'results_dynamodb' exists...

INFO:root:Table 'results_dynamodb' already exists.

INFO:root:Results saved to DynamoDB for id_nmc_batch: nmc_144_0c003_1

(λ: args_worker) RequestId: ac4544c6-380b-475c-af2a-6ae18b022274  Duration: 3706.97 ms  Billed Duration: 3707 ms
INFO:root:[OFFLINE] Lambda invoked successfully. HTTP code: 200

INFO:root:nmc_worker invoked with response: {'status': 'invoked'}
INFO:root:Invoking args_worker with event: {'id_nmc_batch': 'nmc_144_0c003_1', 'number_of_args_combinations_batches': 72, 'id_batch_arguments': 17}
INFO:root:[OFFLINE] Invoking lambda 'args_worker' at http://localhost:3000/dev/args_worker with payload: {'id_nmc_batch': 'nmc_144_0c003_1', 'number_of_args_combinations_batches': 72, 'id_batch_arguments': 18}



POST /dev/args_worker (λ: args_worker)
INFO:root:Event received in args_worker lambda_handler

INFO:root:codeConfig: 144, p: 0.003

INFO:root:Config with codeConfig 144 loaded

INFO:root:Bivariate bicycle code created

INFO:root:Circuit built

INFO:root:Detector error model built

INFO:root:Detector error model converted to check matrices

INFO:root:Successfully retrieved 1 arguments for id_batch_arguments: 18

INFO:root:Args variables loaded from DynamoDB

[32minfo[39m: um-cloud-data/detectors_observables/code_144/p_0c003/batch_1.json 200 2ms 3.12mb
INFO:root:Samples loaded from S3.

INFO:root:Downloading automorphism from S3: automorphisms/0.003/auto_18/data.pkl

[32minfo[39m: tum-cloud-data/automorphisms/0.003/auto_18/data.pkl 200 4ms 69.48mb
[32minfo[39m: um-cloud-data/automorphisms/0.003/auto_18/data.pkl 206 29ms 5.48mb
[32minfo[39m: um-cloud-data/automorphisms/0.003/auto_18/data.pkl 206 38ms 8mb
[32minfo[39m: um-cloud-data/automorphisms/0.003/auto_18/data.pkl 206 43ms 8mb
[32minfo[39m: um-cloud-data/automorphisms/0.003/auto_18/data.pkl 206 42ms 8mb
[32minfo[39m: um-cloud-data/automorphisms/0.003/auto_18/data.pkl 206 42ms 8mb
[32minfo[39m: um-cloud-data/automorphisms/0.003/auto_18/data.pkl 206 42ms 8mb
[32minfo[39m: um-cloud-data/automorphisms/0.003/auto_18/data.pkl 206 44ms 8mb
[32minfo[39m: um-cloud-data/automorphisms/0.003/auto_18/data.pkl 206 43ms 8mb
[32minfo[39m: um-cloud-data/automorphisms/0.003/auto_18/data.pkl 206 43ms 8mb
INFO:root:BP decoder initialized

INFO:root:Running 500 Monte Carlo trials

INFO:root:  Error lógico corregido en patrón 19

INFO:root:  Error lógico corregido en patrón 36

INFO:root:  Error lógico corregido en patrón 37

INFO:root:  Error lógico corregido en patrón 45

INFO:root:  Error lógico corregido en patrón 47

INFO:root:  Error lógico corregido en patrón 58

INFO:root:  Error lógico corregido en patrón 63

INFO:root:  Error lógico corregido en patrón 68

INFO:root:  Error lógico corregido en patrón 70

INFO:root:  Error lógico corregido en patrón 82

INFO:root:  Error lógico corregido en patrón 85

INFO:root:  Error lógico corregido en patrón 88

INFO:root:  Error lógico corregido en patrón 93

INFO:root:  Error lógico corregido en patrón 107

INFO:root:  Error lógico corregido en patrón 116

INFO:root:  Error lógico corregido en patrón 118

INFO:root:  Error lógico corregido en patrón 135

INFO:root:  Error lógico corregido en patrón 146

INFO:root:  Error lógico corregido en patrón 150

INFO:root:  Error lógico corregido en patrón 159

INFO:root:  Error lógico corregido en patrón 161

INFO:root:  Error lógico corregido en patrón 166

INFO:root:  Error lógico corregido en patrón 170

INFO:root:  Error lógico corregido en patrón 184

INFO:root:  Error lógico corregido en patrón 203

INFO:root:  Error lógico corregido en patrón 212

INFO:root:  Error lógico corregido en patrón 214

INFO:root:  Error lógico corregido en patrón 220

INFO:root:  Error lógico corregido en patrón 221

INFO:root:  Error lógico corregido en patrón 223

INFO:root:  Error lógico corregido en patrón 240

INFO:root:  Error lógico corregido en patrón 241

INFO:root:  Error lógico corregido en patrón 248

INFO:root:  Error lógico corregido en patrón 262

INFO:root:  Error lógico corregido en patrón 275

INFO:root:  Error lógico corregido en patrón 301

INFO:root:  Error lógico corregido en patrón 311

INFO:root:  Error lógico corregido en patrón 339

INFO:root:  Error lógico corregido en patrón 344

INFO:root:  Error lógico corregido en patrón 352

INFO:root:  Error lógico corregido en patrón 355

INFO:root:  Error lógico corregido en patrón 357

INFO:root:  Error lógico corregido en patrón 381

INFO:root:  Error lógico corregido en patrón 382

INFO:root:  Error lógico corregido en patrón 403

INFO:root:  Error lógico corregido en patrón 406

INFO:root:  Error lógico corregido en patrón 408

INFO:root:  Error lógico corregido en patrón 413

INFO:root:  Error lógico corregido en patrón 420

INFO:root:  Error lógico corregido en patrón 426

INFO:root:  Error lógico corregido en patrón 433

INFO:root:  Error lógico corregido en patrón 438

INFO:root:  Error lógico corregido en patrón 444

INFO:root:  Error lógico corregido en patrón 445

INFO:root:  Error lógico corregido en patrón 451

INFO:root:  Error lógico corregido en patrón 461

INFO:root:  Error lógico corregido en patrón 490

INFO:root:  Error lógico corregido en patrón 493

INFO:root:Saving results to DynamoDB for id_nmc_batch: nmc_144_0c003_1, id_arguments: BP_18

INFO:root:Checking if table 'results_dynamodb' exists...

INFO:root:Table 'results_dynamodb' already exists.

INFO:root:Results saved to DynamoDB for id_nmc_batch: nmc_144_0c003_1

(λ: args_worker) RequestId: 891d8190-ba4b-4c2f-9dfe-07ac2237ee1e  Duration: 3703.55 ms  Billed Duration: 3704 ms
INFO:root:[OFFLINE] Lambda invoked successfully. HTTP code: 200

INFO:root:nmc_worker invoked with response: {'status': 'invoked'}
INFO:root:Invoking args_worker with event: {'id_nmc_batch': 'nmc_144_0c003_1', 'number_of_args_combinations_batches': 72, 'id_batch_arguments': 18}
INFO:root:[OFFLINE] Invoking lambda 'args_worker' at http://localhost:3000/dev/args_worker with payload: {'id_nmc_batch': 'nmc_144_0c003_1', 'number_of_args_combinations_batches': 72, 'id_batch_arguments': 19}



POST /dev/args_worker (λ: args_worker)
INFO:root:Event received in args_worker lambda_handler

INFO:root:codeConfig: 144, p: 0.003

INFO:root:Config with codeConfig 144 loaded

INFO:root:Bivariate bicycle code created

INFO:root:Circuit built

INFO:root:Detector error model built

INFO:root:Detector error model converted to check matrices

INFO:root:Successfully retrieved 1 arguments for id_batch_arguments: 19

INFO:root:Args variables loaded from DynamoDB

[32minfo[39m: um-cloud-data/detectors_observables/code_144/p_0c003/batch_1.json 200 2ms 3.12mb
INFO:root:Samples loaded from S3.

INFO:root:Downloading automorphism from S3: automorphisms/0.003/auto_19/data.pkl

[32minfo[39m: tum-cloud-data/automorphisms/0.003/auto_19/data.pkl 200 3ms 69.48mb
[32minfo[39m: um-cloud-data/automorphisms/0.003/auto_19/data.pkl 206 36ms 8mb
[32minfo[39m: um-cloud-data/automorphisms/0.003/auto_19/data.pkl 206 29ms 5.48mb
[32minfo[39m: um-cloud-data/automorphisms/0.003/auto_19/data.pkl 206 39ms 8mb
[32minfo[39m: um-cloud-data/automorphisms/0.003/auto_19/data.pkl 206 41ms 8mb
[32minfo[39m: um-cloud-data/automorphisms/0.003/auto_19/data.pkl 206 42ms 8mb
[32minfo[39m: um-cloud-data/automorphisms/0.003/auto_19/data.pkl 206 42ms 8mb
[32minfo[39m: um-cloud-data/automorphisms/0.003/auto_19/data.pkl 206 42ms 8mb
[32minfo[39m: um-cloud-data/automorphisms/0.003/auto_19/data.pkl 206 42ms 8mb
[32minfo[39m: um-cloud-data/automorphisms/0.003/auto_19/data.pkl 206 43ms 8mb
INFO:root:BP decoder initialized

INFO:root:Running 500 Monte Carlo trials

INFO:root:  Error lógico corregido en patrón 19

INFO:root:  Error lógico corregido en patrón 36

INFO:root:  Error lógico corregido en patrón 37

INFO:root:  Error lógico corregido en patrón 45

INFO:root:  Error lógico corregido en patrón 47

INFO:root:  Error lógico corregido en patrón 58

INFO:root:  Error lógico corregido en patrón 63

INFO:root:  Error lógico corregido en patrón 68

INFO:root:  Error lógico corregido en patrón 70

INFO:root:  Error lógico corregido en patrón 82

INFO:root:  Error lógico corregido en patrón 85

INFO:root:  Error lógico corregido en patrón 88

INFO:root:  Error lógico corregido en patrón 93

INFO:root:  Error lógico corregido en patrón 107

INFO:root:  Error lógico corregido en patrón 116

INFO:root:  Error lógico corregido en patrón 118

INFO:root:  Error lógico corregido en patrón 135

INFO:root:  Error lógico corregido en patrón 146

INFO:root:  Error lógico corregido en patrón 159

INFO:root:  Error lógico corregido en patrón 161

INFO:root:  Error lógico corregido en patrón 166

INFO:root:  Error lógico corregido en patrón 170

INFO:root:  Error lógico corregido en patrón 184

INFO:root:  Error lógico corregido en patrón 203

INFO:root:  Error lógico corregido en patrón 212

INFO:root:  Error lógico corregido en patrón 214

INFO:root:  Error lógico corregido en patrón 220

INFO:root:  Error lógico corregido en patrón 221

INFO:root:  Error lógico corregido en patrón 223

INFO:root:  Error lógico corregido en patrón 241

INFO:root:  Error lógico corregido en patrón 248

INFO:root:  Error lógico corregido en patrón 262

INFO:root:  Error lógico corregido en patrón 275

INFO:root:  Error lógico corregido en patrón 301

INFO:root:  Error lógico corregido en patrón 311

INFO:root:  Error lógico corregido en patrón 339

INFO:root:  Error lógico corregido en patrón 344

INFO:root:  Error lógico corregido en patrón 352

INFO:root:  Error lógico corregido en patrón 355

INFO:root:  Error lógico corregido en patrón 357

INFO:root:  Error lógico corregido en patrón 381

INFO:root:  Error lógico corregido en patrón 382

INFO:root:  Error lógico corregido en patrón 403

INFO:root:  Error lógico corregido en patrón 406

INFO:root:  Error lógico corregido en patrón 408

INFO:root:  Error lógico corregido en patrón 413

INFO:root:  Error lógico corregido en patrón 420

INFO:root:  Error lógico corregido en patrón 426

INFO:root:  Error lógico corregido en patrón 433

INFO:root:  Error lógico corregido en patrón 438

INFO:root:  Error lógico corregido en patrón 444

INFO:root:  Error lógico corregido en patrón 445

INFO:root:  Error lógico corregido en patrón 451

INFO:root:  Error lógico corregido en patrón 461

INFO:root:  Error lógico corregido en patrón 490

INFO:root:  Error lógico corregido en patrón 493

INFO:root:Saving results to DynamoDB for id_nmc_batch: nmc_144_0c003_1, id_arguments: BP_19

INFO:root:Checking if table 'results_dynamodb' exists...

INFO:root:Table 'results_dynamodb' already exists.

INFO:root:Results saved to DynamoDB for id_nmc_batch: nmc_144_0c003_1

(λ: args_worker) RequestId: 92738be7-c3c6-4104-94a8-458ca6312f9e  Duration: 3690.57 ms  Billed Duration: 3691 ms
INFO:root:[OFFLINE] Lambda invoked successfully. HTTP code: 200

INFO:root:nmc_worker invoked with response: {'status': 'invoked'}
INFO:root:Invoking args_worker with event: {'id_nmc_batch': 'nmc_144_0c003_1', 'number_of_args_combinations_batches': 72, 'id_batch_arguments': 19}
INFO:root:[OFFLINE] Invoking lambda 'args_worker' at http://localhost:3000/dev/args_worker with payload: {'id_nmc_batch': 'nmc_144_0c003_1', 'number_of_args_combinations_batches': 72, 'id_batch_arguments': 20}



POST /dev/args_worker (λ: args_worker)
INFO:root:Event received in args_worker lambda_handler

INFO:root:codeConfig: 144, p: 0.003

INFO:root:Config with codeConfig 144 loaded

INFO:root:Bivariate bicycle code created

INFO:root:Circuit built

INFO:root:Detector error model built

INFO:root:Detector error model converted to check matrices

INFO:root:Successfully retrieved 1 arguments for id_batch_arguments: 20

INFO:root:Args variables loaded from DynamoDB

[32minfo[39m: um-cloud-data/detectors_observables/code_144/p_0c003/batch_1.json 200 2ms 3.12mb
INFO:root:Samples loaded from S3.

INFO:root:Downloading automorphism from S3: automorphisms/0.003/auto_20/data.pkl

[32minfo[39m: tum-cloud-data/automorphisms/0.003/auto_20/data.pkl 200 2ms 69.48mb
[32minfo[39m: um-cloud-data/automorphisms/0.003/auto_20/data.pkl 206 27ms 5.48mb
[32minfo[39m: um-cloud-data/automorphisms/0.003/auto_20/data.pkl 206 40ms 8mb
[32minfo[39m: um-cloud-data/automorphisms/0.003/auto_20/data.pkl 206 40ms 8mb
[32minfo[39m: um-cloud-data/automorphisms/0.003/auto_20/data.pkl 206 40ms 8mb
[32minfo[39m: um-cloud-data/automorphisms/0.003/auto_20/data.pkl 206 40ms 8mb
[32minfo[39m: um-cloud-data/automorphisms/0.003/auto_20/data.pkl 206 38ms 8mb
[32minfo[39m: um-cloud-data/automorphisms/0.003/auto_20/data.pkl 206 41ms 8mb
[32minfo[39m: um-cloud-data/automorphisms/0.003/auto_20/data.pkl 206 41ms 8mb
[32minfo[39m: um-cloud-data/automorphisms/0.003/auto_20/data.pkl 206 39ms 8mb
INFO:root:BP decoder initialized

INFO:root:Running 500 Monte Carlo trials

INFO:root:  Error lógico corregido en patrón 19

INFO:root:  Error lógico corregido en patrón 36

INFO:root:  Error lógico corregido en patrón 37

INFO:root:  Error lógico corregido en patrón 45

INFO:root:  Error lógico corregido en patrón 47

INFO:root:  Error lógico corregido en patrón 58

INFO:root:  Error lógico corregido en patrón 63

INFO:root:  Error lógico corregido en patrón 68

INFO:root:  Error lógico corregido en patrón 70

INFO:root:  Error lógico corregido en patrón 82

INFO:root:  Error lógico corregido en patrón 85

INFO:root:  Error lógico corregido en patrón 88

INFO:root:  Error lógico corregido en patrón 93

INFO:root:  Error lógico corregido en patrón 107

INFO:root:  Error lógico corregido en patrón 116

INFO:root:  Error lógico corregido en patrón 118

INFO:root:  Error lógico corregido en patrón 135

INFO:root:  Error lógico corregido en patrón 146

INFO:root:  Error lógico corregido en patrón 150

INFO:root:  Error lógico corregido en patrón 159

INFO:root:  Error lógico corregido en patrón 161

INFO:root:  Error lógico corregido en patrón 166

INFO:root:  Error lógico corregido en patrón 170

INFO:root:  Error lógico corregido en patrón 184

INFO:root:  Error lógico corregido en patrón 203

INFO:root:  Error lógico corregido en patrón 212

INFO:root:  Error lógico corregido en patrón 214

INFO:root:  Error lógico corregido en patrón 220

INFO:root:  Error lógico corregido en patrón 221

INFO:root:  Error lógico corregido en patrón 223

INFO:root:  Error lógico corregido en patrón 241

INFO:root:  Error lógico corregido en patrón 248

INFO:root:  Error lógico corregido en patrón 262

INFO:root:  Error lógico corregido en patrón 275

INFO:root:  Error lógico corregido en patrón 301

INFO:root:  Error lógico corregido en patrón 311

INFO:root:  Error lógico corregido en patrón 339

INFO:root:  Error lógico corregido en patrón 344

INFO:root:  Error lógico corregido en patrón 352

INFO:root:  Error lógico corregido en patrón 355

INFO:root:  Error lógico corregido en patrón 357

INFO:root:  Error lógico corregido en patrón 381

INFO:root:  Error lógico corregido en patrón 382

INFO:root:  Error lógico corregido en patrón 403

INFO:root:  Error lógico corregido en patrón 406

INFO:root:  Error lógico corregido en patrón 408

INFO:root:  Error lógico corregido en patrón 413

INFO:root:  Error lógico corregido en patrón 420

INFO:root:  Error lógico corregido en patrón 426

INFO:root:  Error lógico corregido en patrón 433

INFO:root:  Error lógico corregido en patrón 438

INFO:root:  Error lógico corregido en patrón 444

INFO:root:  Error lógico corregido en patrón 445

INFO:root:  Error lógico corregido en patrón 451

INFO:root:  Error lógico corregido en patrón 461

INFO:root:  Error lógico corregido en patrón 490

INFO:root:  Error lógico corregido en patrón 493

INFO:root:Saving results to DynamoDB for id_nmc_batch: nmc_144_0c003_1, id_arguments: BP_20

INFO:root:Checking if table 'results_dynamodb' exists...

INFO:root:Table 'results_dynamodb' already exists.

INFO:root:Results saved to DynamoDB for id_nmc_batch: nmc_144_0c003_1

(λ: args_worker) RequestId: c19c339c-5009-4c00-b71c-97d027133ad1  Duration: 3710.08 ms  Billed Duration: 3711 ms
INFO:root:[OFFLINE] Lambda invoked successfully. HTTP code: 200

INFO:root:nmc_worker invoked with response: {'status': 'invoked'}
INFO:root:Invoking args_worker with event: {'id_nmc_batch': 'nmc_144_0c003_1', 'number_of_args_combinations_batches': 72, 'id_batch_arguments': 20}
INFO:root:[OFFLINE] Invoking lambda 'args_worker' at http://localhost:3000/dev/args_worker with payload: {'id_nmc_batch': 'nmc_144_0c003_1', 'number_of_args_combinations_batches': 72, 'id_batch_arguments': 21}



POST /dev/args_worker (λ: args_worker)
INFO:root:Event received in args_worker lambda_handler

INFO:root:codeConfig: 144, p: 0.003

INFO:root:Config with codeConfig 144 loaded

INFO:root:Bivariate bicycle code created

INFO:root:Circuit built

INFO:root:Detector error model built

INFO:root:Detector error model converted to check matrices

INFO:root:Successfully retrieved 1 arguments for id_batch_arguments: 21

INFO:root:Args variables loaded from DynamoDB

[32minfo[39m: um-cloud-data/detectors_observables/code_144/p_0c003/batch_1.json 200 2ms 3.12mb
INFO:root:Samples loaded from S3.

INFO:root:Downloading automorphism from S3: automorphisms/0.003/auto_21/data.pkl

[32minfo[39m: tum-cloud-data/automorphisms/0.003/auto_21/data.pkl 200 4ms 69.48mb
[32minfo[39m: um-cloud-data/automorphisms/0.003/auto_21/data.pkl 206 29ms 5.48mb
[32minfo[39m: um-cloud-data/automorphisms/0.003/auto_21/data.pkl 206 40ms 8mb
[32minfo[39m: um-cloud-data/automorphisms/0.003/auto_21/data.pkl 206 40ms 8mb
[32minfo[39m: um-cloud-data/automorphisms/0.003/auto_21/data.pkl 206 41ms 8mb
[32minfo[39m: um-cloud-data/automorphisms/0.003/auto_21/data.pkl 206 41ms 8mb
[32minfo[39m: um-cloud-data/automorphisms/0.003/auto_21/data.pkl 206 41ms 8mb
[32minfo[39m: um-cloud-data/automorphisms/0.003/auto_21/data.pkl 206 40ms 8mb
[32minfo[39m: um-cloud-data/automorphisms/0.003/auto_21/data.pkl 206 41ms 8mb
[32minfo[39m: um-cloud-data/automorphisms/0.003/auto_21/data.pkl 206 42ms 8mb
INFO:root:BP decoder initialized

INFO:root:Running 500 Monte Carlo trials

INFO:root:  Error lógico corregido en patrón 19

INFO:root:  Error lógico corregido en patrón 36

INFO:root:  Error lógico corregido en patrón 37

INFO:root:  Error lógico corregido en patrón 45

INFO:root:  Error lógico corregido en patrón 47

INFO:root:  Error lógico corregido en patrón 58

INFO:root:  Error lógico corregido en patrón 63

INFO:root:  Error lógico corregido en patrón 68

INFO:root:  Error lógico corregido en patrón 70

INFO:root:  Error lógico corregido en patrón 82

INFO:root:  Error lógico corregido en patrón 85

INFO:root:  Error lógico corregido en patrón 88

INFO:root:  Error lógico corregido en patrón 93

INFO:root:  Error lógico corregido en patrón 107

INFO:root:  Error lógico corregido en patrón 116

INFO:root:  Error lógico corregido en patrón 118

INFO:root:  Error lógico corregido en patrón 135

INFO:root:  Error lógico corregido en patrón 146

INFO:root:  Error lógico corregido en patrón 159

INFO:root:  Error lógico corregido en patrón 161

INFO:root:  Error lógico corregido en patrón 166

INFO:root:  Error lógico corregido en patrón 170

INFO:root:  Error lógico corregido en patrón 184

INFO:root:  Error lógico corregido en patrón 203

INFO:root:  Error lógico corregido en patrón 212

INFO:root:  Error lógico corregido en patrón 214

INFO:root:  Error lógico corregido en patrón 220

INFO:root:  Error lógico corregido en patrón 221

INFO:root:  Error lógico corregido en patrón 223

INFO:root:  Error lógico corregido en patrón 240

INFO:root:  Error lógico corregido en patrón 241

INFO:root:  Error lógico corregido en patrón 248

INFO:root:  Error lógico corregido en patrón 262

INFO:root:  Error lógico corregido en patrón 275

INFO:root:  Error lógico corregido en patrón 301

INFO:root:  Error lógico corregido en patrón 311

INFO:root:  Error lógico corregido en patrón 339

INFO:root:  Error lógico corregido en patrón 344

INFO:root:  Error lógico corregido en patrón 352

INFO:root:  Error lógico corregido en patrón 355

INFO:root:  Error lógico corregido en patrón 357

INFO:root:  Error lógico corregido en patrón 381

INFO:root:  Error lógico corregido en patrón 382

INFO:root:  Error lógico corregido en patrón 403

INFO:root:  Error lógico corregido en patrón 406

INFO:root:  Error lógico corregido en patrón 408

INFO:root:  Error lógico corregido en patrón 413

INFO:root:  Error lógico corregido en patrón 420

INFO:root:  Error lógico corregido en patrón 426

INFO:root:  Error lógico corregido en patrón 433

INFO:root:  Error lógico corregido en patrón 438

INFO:root:  Error lógico corregido en patrón 444

INFO:root:  Error lógico corregido en patrón 445

INFO:root:  Error lógico corregido en patrón 451

INFO:root:  Error lógico corregido en patrón 461

INFO:root:  Error lógico corregido en patrón 490

INFO:root:  Error lógico corregido en patrón 493

INFO:root:Saving results to DynamoDB for id_nmc_batch: nmc_144_0c003_1, id_arguments: BP_21

INFO:root:Checking if table 'results_dynamodb' exists...

INFO:root:Table 'results_dynamodb' already exists.

INFO:root:Results saved to DynamoDB for id_nmc_batch: nmc_144_0c003_1

(λ: args_worker) RequestId: 49c34c2b-871a-426b-a59d-fef2ea4a6542  Duration: 3692.87 ms  Billed Duration: 3693 ms
INFO:root:[OFFLINE] Lambda invoked successfully. HTTP code: 200

INFO:root:nmc_worker invoked with response: {'status': 'invoked'}
INFO:root:Invoking args_worker with event: {'id_nmc_batch': 'nmc_144_0c003_1', 'number_of_args_combinations_batches': 72, 'id_batch_arguments': 21}
INFO:root:[OFFLINE] Invoking lambda 'args_worker' at http://localhost:3000/dev/args_worker with payload: {'id_nmc_batch': 'nmc_144_0c003_1', 'number_of_args_combinations_batches': 72, 'id_batch_arguments': 22}



POST /dev/args_worker (λ: args_worker)
INFO:root:Event received in args_worker lambda_handler

INFO:root:codeConfig: 144, p: 0.003

INFO:root:Config with codeConfig 144 loaded

INFO:root:Bivariate bicycle code created

INFO:root:Circuit built

INFO:root:Detector error model built

INFO:root:Detector error model converted to check matrices

INFO:root:Successfully retrieved 1 arguments for id_batch_arguments: 22

INFO:root:Args variables loaded from DynamoDB

[32minfo[39m: um-cloud-data/detectors_observables/code_144/p_0c003/batch_1.json 200 2ms 3.12mb
INFO:root:Samples loaded from S3.

INFO:root:Downloading automorphism from S3: automorphisms/0.003/auto_22/data.pkl

[32minfo[39m: tum-cloud-data/automorphisms/0.003/auto_22/data.pkl 200 4ms 69.48mb
[32minfo[39m: um-cloud-data/automorphisms/0.003/auto_22/data.pkl 206 35ms 5.48mb
[32minfo[39m: um-cloud-data/automorphisms/0.003/auto_22/data.pkl 206 49ms 8mb
[32minfo[39m: um-cloud-data/automorphisms/0.003/auto_22/data.pkl 206 50ms 8mb
[32minfo[39m: um-cloud-data/automorphisms/0.003/auto_22/data.pkl 206 51ms 8mb
[32minfo[39m: um-cloud-data/automorphisms/0.003/auto_22/data.pkl 206 51ms 8mb
[32minfo[39m: um-cloud-data/automorphisms/0.003/auto_22/data.pkl 206 52ms 8mb
[32minfo[39m: um-cloud-data/automorphisms/0.003/auto_22/data.pkl 206 52ms 8mb
[32minfo[39m: um-cloud-data/automorphisms/0.003/auto_22/data.pkl 206 50ms 8mb
[32minfo[39m: um-cloud-data/automorphisms/0.003/auto_22/data.pkl 206 51ms 8mb
INFO:root:BP decoder initialized

INFO:root:Running 500 Monte Carlo trials

INFO:root:  Error lógico corregido en patrón 19

INFO:root:  Error lógico corregido en patrón 36

INFO:root:  Error lógico corregido en patrón 37

INFO:root:  Error lógico corregido en patrón 45

INFO:root:  Error lógico corregido en patrón 47

INFO:root:  Error lógico corregido en patrón 58

INFO:root:  Error lógico corregido en patrón 63

INFO:root:  Error lógico corregido en patrón 68

INFO:root:  Error lógico corregido en patrón 70

INFO:root:  Error lógico corregido en patrón 82

INFO:root:  Error lógico corregido en patrón 85

INFO:root:  Error lógico corregido en patrón 88

INFO:root:  Error lógico corregido en patrón 93

INFO:root:  Error lógico corregido en patrón 107

INFO:root:  Error lógico corregido en patrón 116

INFO:root:  Error lógico corregido en patrón 118

INFO:root:  Error lógico corregido en patrón 135

INFO:root:  Error lógico corregido en patrón 146

INFO:root:  Error lógico corregido en patrón 159

INFO:root:  Error lógico corregido en patrón 161

INFO:root:  Error lógico corregido en patrón 166

INFO:root:  Error lógico corregido en patrón 170

INFO:root:  Error lógico corregido en patrón 184

INFO:root:  Error lógico corregido en patrón 203

INFO:root:  Error lógico corregido en patrón 212

INFO:root:  Error lógico corregido en patrón 214

INFO:root:  Error lógico corregido en patrón 220

INFO:root:  Error lógico corregido en patrón 221

INFO:root:  Error lógico corregido en patrón 223

INFO:root:  Error lógico corregido en patrón 240

INFO:root:  Error lógico corregido en patrón 241

INFO:root:  Error lógico corregido en patrón 248

INFO:root:  Error lógico corregido en patrón 262

INFO:root:  Error lógico corregido en patrón 275

INFO:root:  Error lógico corregido en patrón 301

INFO:root:  Error lógico corregido en patrón 311

INFO:root:  Error lógico corregido en patrón 339

INFO:root:  Error lógico corregido en patrón 344

INFO:root:  Error lógico corregido en patrón 352

INFO:root:  Error lógico corregido en patrón 355

INFO:root:  Error lógico corregido en patrón 357

INFO:root:  Error lógico corregido en patrón 381

INFO:root:  Error lógico corregido en patrón 382

INFO:root:  Error lógico corregido en patrón 403

INFO:root:  Error lógico corregido en patrón 406

INFO:root:  Error lógico corregido en patrón 408

INFO:root:  Error lógico corregido en patrón 413

INFO:root:  Error lógico corregido en patrón 420

INFO:root:  Error lógico corregido en patrón 426

INFO:root:  Error lógico corregido en patrón 433

INFO:root:  Error lógico corregido en patrón 438

INFO:root:  Error lógico corregido en patrón 444

INFO:root:  Error lógico corregido en patrón 445

INFO:root:  Error lógico corregido en patrón 451

INFO:root:  Error lógico corregido en patrón 461

INFO:root:  Error lógico corregido en patrón 490

INFO:root:  Error lógico corregido en patrón 493

INFO:root:Saving results to DynamoDB for id_nmc_batch: nmc_144_0c003_1, id_arguments: BP_22

INFO:root:Checking if table 'results_dynamodb' exists...

INFO:root:Table 'results_dynamodb' already exists.

INFO:root:Results saved to DynamoDB for id_nmc_batch: nmc_144_0c003_1

(λ: args_worker) RequestId: 7246e316-405e-4049-bbe3-dfb6483dc373  Duration: 3719.97 ms  Billed Duration: 3720 ms
INFO:root:[OFFLINE] Lambda invoked successfully. HTTP code: 200

INFO:root:nmc_worker invoked with response: {'status': 'invoked'}
INFO:root:Invoking args_worker with event: {'id_nmc_batch': 'nmc_144_0c003_1', 'number_of_args_combinations_batches': 72, 'id_batch_arguments': 22}
INFO:root:[OFFLINE] Invoking lambda 'args_worker' at http://localhost:3000/dev/args_worker with payload: {'id_nmc_batch': 'nmc_144_0c003_1', 'number_of_args_combinations_batches': 72, 'id_batch_arguments': 23}



POST /dev/args_worker (λ: args_worker)
INFO:root:Event received in args_worker lambda_handler

INFO:root:codeConfig: 144, p: 0.003

INFO:root:Config with codeConfig 144 loaded

INFO:root:Bivariate bicycle code created

INFO:root:Circuit built

INFO:root:Detector error model built

INFO:root:Detector error model converted to check matrices

INFO:root:Successfully retrieved 1 arguments for id_batch_arguments: 23

INFO:root:Args variables loaded from DynamoDB

[32minfo[39m: um-cloud-data/detectors_observables/code_144/p_0c003/batch_1.json 200 2ms 3.12mb
INFO:root:Samples loaded from S3.

INFO:root:Downloading automorphism from S3: automorphisms/0.003/auto_23/data.pkl

[32minfo[39m: tum-cloud-data/automorphisms/0.003/auto_23/data.pkl 200 3ms 69.48mb
[32minfo[39m: um-cloud-data/automorphisms/0.003/auto_23/data.pkl 206 28ms 5.48mb
[32minfo[39m: um-cloud-data/automorphisms/0.003/auto_23/data.pkl 206 57ms 8mb
[32minfo[39m: um-cloud-data/automorphisms/0.003/auto_23/data.pkl 206 60ms 8mb
[32minfo[39m: um-cloud-data/automorphisms/0.003/auto_23/data.pkl 206 58ms 8mb
[32minfo[39m: um-cloud-data/automorphisms/0.003/auto_23/data.pkl 206 59ms 8mb
[32minfo[39m: um-cloud-data/automorphisms/0.003/auto_23/data.pkl 206 59ms 8mb
[32minfo[39m: um-cloud-data/automorphisms/0.003/auto_23/data.pkl 206 60ms 8mb
[32minfo[39m: um-cloud-data/automorphisms/0.003/auto_23/data.pkl 206 59ms 8mb
[32minfo[39m: um-cloud-data/automorphisms/0.003/auto_23/data.pkl 206 58ms 8mb
INFO:root:BP decoder initialized

INFO:root:Running 500 Monte Carlo trials

INFO:root:  Error lógico corregido en patrón 19

INFO:root:  Error lógico corregido en patrón 36

INFO:root:  Error lógico corregido en patrón 37

INFO:root:  Error lógico corregido en patrón 45

INFO:root:  Error lógico corregido en patrón 47

INFO:root:  Error lógico corregido en patrón 48

INFO:root:  Error lógico corregido en patrón 58

INFO:root:  Error lógico corregido en patrón 63

INFO:root:  Error lógico corregido en patrón 68

INFO:root:  Error lógico corregido en patrón 70

INFO:root:  Error lógico corregido en patrón 82

INFO:root:  Error lógico corregido en patrón 85

INFO:root:  Error lógico corregido en patrón 88

INFO:root:  Error lógico corregido en patrón 93

INFO:root:  Error lógico corregido en patrón 107

INFO:root:  Error lógico corregido en patrón 116

INFO:root:  Error lógico corregido en patrón 118

INFO:root:  Error lógico corregido en patrón 135

INFO:root:  Error lógico corregido en patrón 146

INFO:root:  Error lógico corregido en patrón 159

INFO:root:  Error lógico corregido en patrón 161

INFO:root:  Error lógico corregido en patrón 166

INFO:root:  Error lógico corregido en patrón 170

INFO:root:  Error lógico corregido en patrón 184

INFO:root:  Error lógico corregido en patrón 203

INFO:root:  Error lógico corregido en patrón 212

INFO:root:  Error lógico corregido en patrón 214

INFO:root:  Error lógico corregido en patrón 220

INFO:root:  Error lógico corregido en patrón 221

INFO:root:  Error lógico corregido en patrón 223

INFO:root:  Error lógico corregido en patrón 241

INFO:root:  Error lógico corregido en patrón 248

INFO:root:  Error lógico corregido en patrón 262

INFO:root:  Error lógico corregido en patrón 275

INFO:root:  Error lógico corregido en patrón 301

INFO:root:  Error lógico corregido en patrón 311

INFO:root:  Error lógico corregido en patrón 339

INFO:root:  Error lógico corregido en patrón 344

INFO:root:  Error lógico corregido en patrón 352

INFO:root:  Error lógico corregido en patrón 355

INFO:root:  Error lógico corregido en patrón 357

INFO:root:  Error lógico corregido en patrón 381

INFO:root:  Error lógico corregido en patrón 382

INFO:root:  Error lógico corregido en patrón 403

INFO:root:  Error lógico corregido en patrón 406

INFO:root:  Error lógico corregido en patrón 408

INFO:root:  Error lógico corregido en patrón 413

INFO:root:  Error lógico corregido en patrón 420

INFO:root:  Error lógico corregido en patrón 426

INFO:root:  Error lógico corregido en patrón 433

INFO:root:  Error lógico corregido en patrón 438

INFO:root:  Error lógico corregido en patrón 444

INFO:root:  Error lógico corregido en patrón 445

INFO:root:  Error lógico corregido en patrón 451

INFO:root:  Error lógico corregido en patrón 461

INFO:root:  Error lógico corregido en patrón 490

INFO:root:  Error lógico corregido en patrón 493

INFO:root:Saving results to DynamoDB for id_nmc_batch: nmc_144_0c003_1, id_arguments: BP_23

INFO:root:Checking if table 'results_dynamodb' exists...

INFO:root:Table 'results_dynamodb' already exists.

INFO:root:Results saved to DynamoDB for id_nmc_batch: nmc_144_0c003_1

(λ: args_worker) RequestId: 54e59fc7-b4c9-4b62-bcb8-8dec5a800284  Duration: 3719.00 ms  Billed Duration: 3720 ms
INFO:root:[OFFLINE] Lambda invoked successfully. HTTP code: 200

INFO:root:nmc_worker invoked with response: {'status': 'invoked'}
INFO:root:Invoking args_worker with event: {'id_nmc_batch': 'nmc_144_0c003_1', 'number_of_args_combinations_batches': 72, 'id_batch_arguments': 23}
INFO:root:[OFFLINE] Invoking lambda 'args_worker' at http://localhost:3000/dev/args_worker with payload: {'id_nmc_batch': 'nmc_144_0c003_1', 'number_of_args_combinations_batches': 72, 'id_batch_arguments': 24}



POST /dev/args_worker (λ: args_worker)
INFO:root:Event received in args_worker lambda_handler

INFO:root:codeConfig: 144, p: 0.003

INFO:root:Config with codeConfig 144 loaded

INFO:root:Bivariate bicycle code created

INFO:root:Circuit built

INFO:root:Detector error model built

INFO:root:Detector error model converted to check matrices

INFO:root:Successfully retrieved 1 arguments for id_batch_arguments: 24

INFO:root:Args variables loaded from DynamoDB

[32minfo[39m: um-cloud-data/detectors_observables/code_144/p_0c003/batch_1.json 200 2ms 3.12mb
INFO:root:Samples loaded from S3.

INFO:root:Downloading automorphism from S3: automorphisms/0.003/auto_24/data.pkl

[32minfo[39m: tum-cloud-data/automorphisms/0.003/auto_24/data.pkl 200 4ms 69.48mb
[32minfo[39m: um-cloud-data/automorphisms/0.003/auto_24/data.pkl 206 36ms 5.48mb
[32minfo[39m: um-cloud-data/automorphisms/0.003/auto_24/data.pkl 206 43ms 8mb
[32minfo[39m: um-cloud-data/automorphisms/0.003/auto_24/data.pkl 206 43ms 8mb
[32minfo[39m: um-cloud-data/automorphisms/0.003/auto_24/data.pkl 206 44ms 8mb
[32minfo[39m: um-cloud-data/automorphisms/0.003/auto_24/data.pkl 206 46ms 8mb
[32minfo[39m: um-cloud-data/automorphisms/0.003/auto_24/data.pkl 206 48ms 8mb
[32minfo[39m: um-cloud-data/automorphisms/0.003/auto_24/data.pkl 206 47ms 8mb
[32minfo[39m: um-cloud-data/automorphisms/0.003/auto_24/data.pkl 206 47ms 8mb
[32minfo[39m: um-cloud-data/automorphisms/0.003/auto_24/data.pkl 206 47ms 8mb
INFO:root:BP decoder initialized

INFO:root:Running 500 Monte Carlo trials

INFO:root:  Error lógico corregido en patrón 19

INFO:root:  Error lógico corregido en patrón 36

INFO:root:  Error lógico corregido en patrón 37

INFO:root:  Error lógico corregido en patrón 45

INFO:root:  Error lógico corregido en patrón 47

INFO:root:  Error lógico corregido en patrón 58

INFO:root:  Error lógico corregido en patrón 63

INFO:root:  Error lógico corregido en patrón 68

INFO:root:  Error lógico corregido en patrón 70

INFO:root:  Error lógico corregido en patrón 82

INFO:root:  Error lógico corregido en patrón 85

INFO:root:  Error lógico corregido en patrón 88

INFO:root:  Error lógico corregido en patrón 93

INFO:root:  Error lógico corregido en patrón 107

INFO:root:  Error lógico corregido en patrón 116

INFO:root:  Error lógico corregido en patrón 118

INFO:root:  Error lógico corregido en patrón 135

INFO:root:  Error lógico corregido en patrón 146

INFO:root:  Error lógico corregido en patrón 159

INFO:root:  Error lógico corregido en patrón 161

INFO:root:  Error lógico corregido en patrón 166

INFO:root:  Error lógico corregido en patrón 170

INFO:root:  Error lógico corregido en patrón 184

INFO:root:  Error lógico corregido en patrón 203

INFO:root:  Error lógico corregido en patrón 212

INFO:root:  Error lógico corregido en patrón 214

INFO:root:  Error lógico corregido en patrón 220

INFO:root:  Error lógico corregido en patrón 221

INFO:root:  Error lógico corregido en patrón 223

INFO:root:  Error lógico corregido en patrón 241

INFO:root:  Error lógico corregido en patrón 248

INFO:root:  Error lógico corregido en patrón 262

INFO:root:  Error lógico corregido en patrón 275

INFO:root:  Error lógico corregido en patrón 301

INFO:root:  Error lógico corregido en patrón 311

INFO:root:  Error lógico corregido en patrón 339

INFO:root:  Error lógico corregido en patrón 344

INFO:root:  Error lógico corregido en patrón 352

INFO:root:  Error lógico corregido en patrón 355

INFO:root:  Error lógico corregido en patrón 357

INFO:root:  Error lógico corregido en patrón 381

INFO:root:  Error lógico corregido en patrón 382

INFO:root:  Error lógico corregido en patrón 403

INFO:root:  Error lógico corregido en patrón 406

INFO:root:  Error lógico corregido en patrón 408

INFO:root:  Error lógico corregido en patrón 413

INFO:root:  Error lógico corregido en patrón 420

INFO:root:  Error lógico corregido en patrón 426

INFO:root:  Error lógico corregido en patrón 433

INFO:root:  Error lógico corregido en patrón 438

INFO:root:  Error lógico corregido en patrón 444

INFO:root:  Error lógico corregido en patrón 445

INFO:root:  Error lógico corregido en patrón 451

INFO:root:  Error lógico corregido en patrón 461

INFO:root:  Error lógico corregido en patrón 490

INFO:root:  Error lógico corregido en patrón 493

INFO:root:Saving results to DynamoDB for id_nmc_batch: nmc_144_0c003_1, id_arguments: BP_24

INFO:root:Checking if table 'results_dynamodb' exists...

INFO:root:Table 'results_dynamodb' already exists.

INFO:root:Results saved to DynamoDB for id_nmc_batch: nmc_144_0c003_1

(λ: args_worker) RequestId: a8765494-de4b-4793-b56b-7a3fd07dc88e  Duration: 3712.47 ms  Billed Duration: 3713 ms
INFO:root:[OFFLINE] Lambda invoked successfully. HTTP code: 200

INFO:root:nmc_worker invoked with response: {'status': 'invoked'}
INFO:root:Invoking args_worker with event: {'id_nmc_batch': 'nmc_144_0c003_1', 'number_of_args_combinations_batches': 72, 'id_batch_arguments': 24}
INFO:root:[OFFLINE] Invoking lambda 'args_worker' at http://localhost:3000/dev/args_worker with payload: {'id_nmc_batch': 'nmc_144_0c003_1', 'number_of_args_combinations_batches': 72, 'id_batch_arguments': 25}



POST /dev/args_worker (λ: args_worker)
INFO:root:Event received in args_worker lambda_handler

INFO:root:codeConfig: 144, p: 0.003

INFO:root:Config with codeConfig 144 loaded

INFO:root:Bivariate bicycle code created

INFO:root:Circuit built

INFO:root:Detector error model built

INFO:root:Detector error model converted to check matrices

INFO:root:Successfully retrieved 1 arguments for id_batch_arguments: 25

INFO:root:Args variables loaded from DynamoDB

[32minfo[39m: um-cloud-data/detectors_observables/code_144/p_0c003/batch_1.json 200 2ms 3.12mb
INFO:root:Samples loaded from S3.

INFO:root:Downloading automorphism from S3: automorphisms/0.003/auto_25/data.pkl

[32minfo[39m: tum-cloud-data/automorphisms/0.003/auto_25/data.pkl 200 2ms 69.48mb
[32minfo[39m: um-cloud-data/automorphisms/0.003/auto_25/data.pkl 206 30ms 5.48mb
[32minfo[39m: um-cloud-data/automorphisms/0.003/auto_25/data.pkl 206 41ms 8mb
[32minfo[39m: um-cloud-data/automorphisms/0.003/auto_25/data.pkl 206 41ms 8mb
[32minfo[39m: um-cloud-data/automorphisms/0.003/auto_25/data.pkl 206 42ms 8mb
[32minfo[39m: um-cloud-data/automorphisms/0.003/auto_25/data.pkl 206 43ms 8mb
[32minfo[39m: um-cloud-data/automorphisms/0.003/auto_25/data.pkl 206 42ms 8mb
[32minfo[39m: um-cloud-data/automorphisms/0.003/auto_25/data.pkl 206 42ms 8mb
[32minfo[39m: um-cloud-data/automorphisms/0.003/auto_25/data.pkl 206 43ms 8mb
[32minfo[39m: um-cloud-data/automorphisms/0.003/auto_25/data.pkl 206 43ms 8mb
INFO:root:BP decoder initialized

INFO:root:Running 500 Monte Carlo trials

INFO:root:  Error lógico corregido en patrón 19

INFO:root:  Error lógico corregido en patrón 36

INFO:root:  Error lógico corregido en patrón 37

INFO:root:  Error lógico corregido en patrón 45

INFO:root:  Error lógico corregido en patrón 47

INFO:root:  Error lógico corregido en patrón 48

INFO:root:  Error lógico corregido en patrón 58

INFO:root:  Error lógico corregido en patrón 63

INFO:root:  Error lógico corregido en patrón 68

INFO:root:  Error lógico corregido en patrón 70

INFO:root:  Error lógico corregido en patrón 82

INFO:root:  Error lógico corregido en patrón 85

INFO:root:  Error lógico corregido en patrón 88

INFO:root:  Error lógico corregido en patrón 93

INFO:root:  Error lógico corregido en patrón 107

INFO:root:  Error lógico corregido en patrón 116

INFO:root:  Error lógico corregido en patrón 118

INFO:root:  Error lógico corregido en patrón 135

INFO:root:  Error lógico corregido en patrón 146

INFO:root:  Error lógico corregido en patrón 159

INFO:root:  Error lógico corregido en patrón 161

INFO:root:  Error lógico corregido en patrón 166

INFO:root:  Error lógico corregido en patrón 170

INFO:root:  Error lógico corregido en patrón 184

INFO:root:  Error lógico corregido en patrón 203

INFO:root:  Error lógico corregido en patrón 212

INFO:root:  Error lógico corregido en patrón 214

INFO:root:  Error lógico corregido en patrón 220

INFO:root:  Error lógico corregido en patrón 221

INFO:root:  Error lógico corregido en patrón 223

INFO:root:  Error lógico corregido en patrón 241

INFO:root:  Error lógico corregido en patrón 248

INFO:root:  Error lógico corregido en patrón 262

INFO:root:  Error lógico corregido en patrón 275

INFO:root:  Error lógico corregido en patrón 301

INFO:root:  Error lógico corregido en patrón 311

INFO:root:  Error lógico corregido en patrón 339

INFO:root:  Error lógico corregido en patrón 344

INFO:root:  Error lógico corregido en patrón 352

INFO:root:  Error lógico corregido en patrón 355

INFO:root:  Error lógico corregido en patrón 357

INFO:root:  Error lógico corregido en patrón 381

INFO:root:  Error lógico corregido en patrón 382

INFO:root:  Error lógico corregido en patrón 403

INFO:root:  Error lógico corregido en patrón 406

INFO:root:  Error lógico corregido en patrón 408

INFO:root:  Error lógico corregido en patrón 413

INFO:root:  Error lógico corregido en patrón 420

INFO:root:  Error lógico corregido en patrón 426

INFO:root:  Error lógico corregido en patrón 433

INFO:root:  Error lógico corregido en patrón 438

INFO:root:  Error lógico corregido en patrón 444

INFO:root:  Error lógico corregido en patrón 445

INFO:root:  Error lógico corregido en patrón 451

INFO:root:  Error lógico corregido en patrón 461

INFO:root:  Error lógico corregido en patrón 490

INFO:root:  Error lógico corregido en patrón 493

INFO:root:Saving results to DynamoDB for id_nmc_batch: nmc_144_0c003_1, id_arguments: BP_25

INFO:root:Checking if table 'results_dynamodb' exists...

INFO:root:Table 'results_dynamodb' already exists.

INFO:root:Results saved to DynamoDB for id_nmc_batch: nmc_144_0c003_1

(λ: args_worker) RequestId: 96c7b250-0efc-442b-be70-ce0d7aade123  Duration: 3713.66 ms  Billed Duration: 3714 ms
INFO:root:[OFFLINE] Lambda invoked successfully. HTTP code: 200

INFO:root:nmc_worker invoked with response: {'status': 'invoked'}
INFO:root:Invoking args_worker with event: {'id_nmc_batch': 'nmc_144_0c003_1', 'number_of_args_combinations_batches': 72, 'id_batch_arguments': 25}
INFO:root:[OFFLINE] Invoking lambda 'args_worker' at http://localhost:3000/dev/args_worker with payload: {'id_nmc_batch': 'nmc_144_0c003_1', 'number_of_args_combinations_batches': 72, 'id_batch_arguments': 26}



POST /dev/args_worker (λ: args_worker)
INFO:root:Event received in args_worker lambda_handler

INFO:root:codeConfig: 144, p: 0.003

INFO:root:Config with codeConfig 144 loaded

INFO:root:Bivariate bicycle code created

INFO:root:Circuit built

INFO:root:Detector error model built

INFO:root:Detector error model converted to check matrices

INFO:root:Successfully retrieved 1 arguments for id_batch_arguments: 26

INFO:root:Args variables loaded from DynamoDB

[32minfo[39m: um-cloud-data/detectors_observables/code_144/p_0c003/batch_1.json 200 2ms 3.12mb
INFO:root:Samples loaded from S3.

INFO:root:Downloading automorphism from S3: automorphisms/0.003/auto_26/data.pkl

[32minfo[39m: tum-cloud-data/automorphisms/0.003/auto_26/data.pkl 200 3ms 69.48mb
[32minfo[39m: um-cloud-data/automorphisms/0.003/auto_26/data.pkl 206 30ms 5.48mb
[32minfo[39m: um-cloud-data/automorphisms/0.003/auto_26/data.pkl 206 40ms 8mb
[32minfo[39m: um-cloud-data/automorphisms/0.003/auto_26/data.pkl 206 39ms 8mb
[32minfo[39m: um-cloud-data/automorphisms/0.003/auto_26/data.pkl 206 40ms 8mb
[32minfo[39m: um-cloud-data/automorphisms/0.003/auto_26/data.pkl 206 40ms 8mb
[32minfo[39m: um-cloud-data/automorphisms/0.003/auto_26/data.pkl 206 40ms 8mb
[32minfo[39m: um-cloud-data/automorphisms/0.003/auto_26/data.pkl 206 40ms 8mb
[32minfo[39m: um-cloud-data/automorphisms/0.003/auto_26/data.pkl 206 41ms 8mb
[32minfo[39m: um-cloud-data/automorphisms/0.003/auto_26/data.pkl 206 41ms 8mb
INFO:root:BP decoder initialized

INFO:root:Running 500 Monte Carlo trials

INFO:root:  Error lógico corregido en patrón 19

INFO:root:  Error lógico corregido en patrón 36

INFO:root:  Error lógico corregido en patrón 37

INFO:root:  Error lógico corregido en patrón 45

INFO:root:  Error lógico corregido en patrón 47

INFO:root:  Error lógico corregido en patrón 48

INFO:root:  Error lógico corregido en patrón 58

INFO:root:  Error lógico corregido en patrón 63

INFO:root:  Error lógico corregido en patrón 68

INFO:root:  Error lógico corregido en patrón 70

INFO:root:  Error lógico corregido en patrón 82

INFO:root:  Error lógico corregido en patrón 85

INFO:root:  Error lógico corregido en patrón 88

INFO:root:  Error lógico corregido en patrón 93

INFO:root:  Error lógico corregido en patrón 107

INFO:root:  Error lógico corregido en patrón 116

INFO:root:  Error lógico corregido en patrón 118

INFO:root:  Error lógico corregido en patrón 135

INFO:root:  Error lógico corregido en patrón 146

INFO:root:  Error lógico corregido en patrón 150

INFO:root:  Error lógico corregido en patrón 159

INFO:root:  Error lógico corregido en patrón 161

INFO:root:  Error lógico corregido en patrón 166

INFO:root:  Error lógico corregido en patrón 170

INFO:root:  Error lógico corregido en patrón 184

INFO:root:  Error lógico corregido en patrón 203

INFO:root:  Error lógico corregido en patrón 212

INFO:root:  Error lógico corregido en patrón 214

INFO:root:  Error lógico corregido en patrón 220

INFO:root:  Error lógico corregido en patrón 221

INFO:root:  Error lógico corregido en patrón 223

INFO:root:  Error lógico corregido en patrón 240

INFO:root:  Error lógico corregido en patrón 241

INFO:root:  Error lógico corregido en patrón 248

INFO:root:  Error lógico corregido en patrón 262

INFO:root:  Error lógico corregido en patrón 275

INFO:root:  Error lógico corregido en patrón 301

INFO:root:  Error lógico corregido en patrón 311

INFO:root:  Error lógico corregido en patrón 339

INFO:root:  Error lógico corregido en patrón 344

INFO:root:  Error lógico corregido en patrón 352

INFO:root:  Error lógico corregido en patrón 355

INFO:root:  Error lógico corregido en patrón 357

INFO:root:  Error lógico corregido en patrón 381

INFO:root:  Error lógico corregido en patrón 382

INFO:root:  Error lógico corregido en patrón 403

INFO:root:  Error lógico corregido en patrón 406

INFO:root:  Error lógico corregido en patrón 408

INFO:root:  Error lógico corregido en patrón 413

INFO:root:  Error lógico corregido en patrón 420

INFO:root:  Error lógico corregido en patrón 426

INFO:root:  Error lógico corregido en patrón 433

INFO:root:  Error lógico corregido en patrón 438

INFO:root:  Error lógico corregido en patrón 444

INFO:root:  Error lógico corregido en patrón 445

INFO:root:  Error lógico corregido en patrón 451

INFO:root:  Error lógico corregido en patrón 461

INFO:root:  Error lógico corregido en patrón 490

INFO:root:  Error lógico corregido en patrón 493

INFO:root:Saving results to DynamoDB for id_nmc_batch: nmc_144_0c003_1, id_arguments: BP_26

INFO:root:Checking if table 'results_dynamodb' exists...

INFO:root:Table 'results_dynamodb' already exists.

INFO:root:Results saved to DynamoDB for id_nmc_batch: nmc_144_0c003_1

(λ: args_worker) RequestId: 650e55a3-0e42-4dd3-8e09-63499e7e8358  Duration: 3734.34 ms  Billed Duration: 3735 ms
INFO:root:[OFFLINE] Lambda invoked successfully. HTTP code: 200

INFO:root:nmc_worker invoked with response: {'status': 'invoked'}
INFO:root:Invoking args_worker with event: {'id_nmc_batch': 'nmc_144_0c003_1', 'number_of_args_combinations_batches': 72, 'id_batch_arguments': 26}
INFO:root:[OFFLINE] Invoking lambda 'args_worker' at http://localhost:3000/dev/args_worker with payload: {'id_nmc_batch': 'nmc_144_0c003_1', 'number_of_args_combinations_batches': 72, 'id_batch_arguments': 27}



POST /dev/args_worker (λ: args_worker)
INFO:root:Event received in args_worker lambda_handler

INFO:root:codeConfig: 144, p: 0.003

INFO:root:Config with codeConfig 144 loaded

INFO:root:Bivariate bicycle code created

INFO:root:Circuit built

INFO:root:Detector error model built

INFO:root:Detector error model converted to check matrices

INFO:root:Successfully retrieved 1 arguments for id_batch_arguments: 27

INFO:root:Args variables loaded from DynamoDB

[32minfo[39m: um-cloud-data/detectors_observables/code_144/p_0c003/batch_1.json 200 2ms 3.12mb
INFO:root:Samples loaded from S3.

INFO:root:Downloading automorphism from S3: automorphisms/0.003/auto_27/data.pkl

[32minfo[39m: tum-cloud-data/automorphisms/0.003/auto_27/data.pkl 200 3ms 69.48mb
[32minfo[39m: um-cloud-data/automorphisms/0.003/auto_27/data.pkl 206 27ms 5.48mb
[32minfo[39m: um-cloud-data/automorphisms/0.003/auto_27/data.pkl 206 45ms 8mb
[32minfo[39m: um-cloud-data/automorphisms/0.003/auto_27/data.pkl 206 45ms 8mb
[32minfo[39m: um-cloud-data/automorphisms/0.003/auto_27/data.pkl 206 45ms 8mb
[32minfo[39m: um-cloud-data/automorphisms/0.003/auto_27/data.pkl 206 45ms 8mb
[32minfo[39m: um-cloud-data/automorphisms/0.003/auto_27/data.pkl 206 43ms 8mb
[32minfo[39m: um-cloud-data/automorphisms/0.003/auto_27/data.pkl 206 47ms 8mb
[32minfo[39m: um-cloud-data/automorphisms/0.003/auto_27/data.pkl 206 44ms 8mb
[32minfo[39m: um-cloud-data/automorphisms/0.003/auto_27/data.pkl 206 46ms 8mb
INFO:root:BP decoder initialized

INFO:root:Running 500 Monte Carlo trials

INFO:root:  Error lógico corregido en patrón 19

INFO:root:  Error lógico corregido en patrón 36

INFO:root:  Error lógico corregido en patrón 37

INFO:root:  Error lógico corregido en patrón 45

INFO:root:  Error lógico corregido en patrón 47

INFO:root:  Error lógico corregido en patrón 48

INFO:root:  Error lógico corregido en patrón 58

INFO:root:  Error lógico corregido en patrón 63

INFO:root:  Error lógico corregido en patrón 68

INFO:root:  Error lógico corregido en patrón 70

INFO:root:  Error lógico corregido en patrón 82

INFO:root:  Error lógico corregido en patrón 85

INFO:root:  Error lógico corregido en patrón 88

INFO:root:  Error lógico corregido en patrón 93

INFO:root:  Error lógico corregido en patrón 107

INFO:root:  Error lógico corregido en patrón 116

INFO:root:  Error lógico corregido en patrón 118

INFO:root:  Error lógico corregido en patrón 135

INFO:root:  Error lógico corregido en patrón 146

INFO:root:  Error lógico corregido en patrón 159

INFO:root:  Error lógico corregido en patrón 161

INFO:root:  Error lógico corregido en patrón 166

INFO:root:  Error lógico corregido en patrón 170

INFO:root:  Error lógico corregido en patrón 184

INFO:root:  Error lógico corregido en patrón 203

INFO:root:  Error lógico corregido en patrón 212

INFO:root:  Error lógico corregido en patrón 214

INFO:root:  Error lógico corregido en patrón 220

INFO:root:  Error lógico corregido en patrón 221

INFO:root:  Error lógico corregido en patrón 223

INFO:root:  Error lógico corregido en patrón 241

INFO:root:  Error lógico corregido en patrón 248

INFO:root:  Error lógico corregido en patrón 262

INFO:root:  Error lógico corregido en patrón 275

INFO:root:  Error lógico corregido en patrón 301

INFO:root:  Error lógico corregido en patrón 311

INFO:root:  Error lógico corregido en patrón 339

INFO:root:  Error lógico corregido en patrón 344

INFO:root:  Error lógico corregido en patrón 352

INFO:root:  Error lógico corregido en patrón 355

INFO:root:  Error lógico corregido en patrón 357

INFO:root:  Error lógico corregido en patrón 381

INFO:root:  Error lógico corregido en patrón 382

INFO:root:  Error lógico corregido en patrón 403

INFO:root:  Error lógico corregido en patrón 406

INFO:root:  Error lógico corregido en patrón 408

INFO:root:  Error lógico corregido en patrón 413

INFO:root:  Error lógico corregido en patrón 420

INFO:root:  Error lógico corregido en patrón 426

INFO:root:  Error lógico corregido en patrón 433

INFO:root:  Error lógico corregido en patrón 438

INFO:root:  Error lógico corregido en patrón 444

INFO:root:  Error lógico corregido en patrón 445

INFO:root:  Error lógico corregido en patrón 451

INFO:root:  Error lógico corregido en patrón 461

INFO:root:  Error lógico corregido en patrón 490

INFO:root:  Error lógico corregido en patrón 493

INFO:root:Saving results to DynamoDB for id_nmc_batch: nmc_144_0c003_1, id_arguments: BP_27

INFO:root:Checking if table 'results_dynamodb' exists...

INFO:root:Table 'results_dynamodb' already exists.

INFO:root:Results saved to DynamoDB for id_nmc_batch: nmc_144_0c003_1

(λ: args_worker) RequestId: 6af785cb-a60a-4de7-978e-77e1c5b60729  Duration: 3827.09 ms  Billed Duration: 3828 ms
INFO:root:[OFFLINE] Lambda invoked successfully. HTTP code: 200

INFO:root:nmc_worker invoked with response: {'status': 'invoked'}
INFO:root:Invoking args_worker with event: {'id_nmc_batch': 'nmc_144_0c003_1', 'number_of_args_combinations_batches': 72, 'id_batch_arguments': 27}
INFO:root:[OFFLINE] Invoking lambda 'args_worker' at http://localhost:3000/dev/args_worker with payload: {'id_nmc_batch': 'nmc_144_0c003_1', 'number_of_args_combinations_batches': 72, 'id_batch_arguments': 28}



POST /dev/args_worker (λ: args_worker)
INFO:root:Event received in args_worker lambda_handler

INFO:root:codeConfig: 144, p: 0.003

INFO:root:Config with codeConfig 144 loaded

INFO:root:Bivariate bicycle code created

INFO:root:Circuit built

INFO:root:Detector error model built

INFO:root:Detector error model converted to check matrices

INFO:root:Successfully retrieved 1 arguments for id_batch_arguments: 28

INFO:root:Args variables loaded from DynamoDB

[32minfo[39m: um-cloud-data/detectors_observables/code_144/p_0c003/batch_1.json 200 2ms 3.12mb
INFO:root:Samples loaded from S3.

INFO:root:Downloading automorphism from S3: automorphisms/0.003/auto_28/data.pkl

[32minfo[39m: tum-cloud-data/automorphisms/0.003/auto_28/data.pkl 200 2ms 69.48mb
[32minfo[39m: um-cloud-data/automorphisms/0.003/auto_28/data.pkl 206 31ms 5.48mb
[32minfo[39m: um-cloud-data/automorphisms/0.003/auto_28/data.pkl 206 38ms 8mb
[32minfo[39m: um-cloud-data/automorphisms/0.003/auto_28/data.pkl 206 40ms 8mb
[32minfo[39m: um-cloud-data/automorphisms/0.003/auto_28/data.pkl 206 41ms 8mb
[32minfo[39m: um-cloud-data/automorphisms/0.003/auto_28/data.pkl 206 41ms 8mb
[32minfo[39m: um-cloud-data/automorphisms/0.003/auto_28/data.pkl 206 42ms 8mb
[32minfo[39m: um-cloud-data/automorphisms/0.003/auto_28/data.pkl 206 42ms 8mb
[32minfo[39m: um-cloud-data/automorphisms/0.003/auto_28/data.pkl 206 44ms 8mb
[32minfo[39m: um-cloud-data/automorphisms/0.003/auto_28/data.pkl 206 44ms 8mb
INFO:root:BP decoder initialized

INFO:root:Running 500 Monte Carlo trials

INFO:root:  Error lógico corregido en patrón 19

INFO:root:  Error lógico corregido en patrón 36

INFO:root:  Error lógico corregido en patrón 37

INFO:root:  Error lógico corregido en patrón 45

INFO:root:  Error lógico corregido en patrón 47

INFO:root:  Error lógico corregido en patrón 48

INFO:root:  Error lógico corregido en patrón 58

INFO:root:  Error lógico corregido en patrón 63

INFO:root:  Error lógico corregido en patrón 68

INFO:root:  Error lógico corregido en patrón 70

INFO:root:  Error lógico corregido en patrón 82

INFO:root:  Error lógico corregido en patrón 85

INFO:root:  Error lógico corregido en patrón 88

INFO:root:  Error lógico corregido en patrón 93

INFO:root:  Error lógico corregido en patrón 107

INFO:root:  Error lógico corregido en patrón 116

INFO:root:  Error lógico corregido en patrón 118

INFO:root:  Error lógico corregido en patrón 135

INFO:root:  Error lógico corregido en patrón 146

INFO:root:  Error lógico corregido en patrón 150

INFO:root:  Error lógico corregido en patrón 159

INFO:root:  Error lógico corregido en patrón 161

INFO:root:  Error lógico corregido en patrón 166

INFO:root:  Error lógico corregido en patrón 170

INFO:root:  Error lógico corregido en patrón 184

INFO:root:  Error lógico corregido en patrón 203

INFO:root:  Error lógico corregido en patrón 212

INFO:root:  Error lógico corregido en patrón 214

INFO:root:  Error lógico corregido en patrón 220

INFO:root:  Error lógico corregido en patrón 221

INFO:root:  Error lógico corregido en patrón 223

INFO:root:  Error lógico corregido en patrón 241

INFO:root:  Error lógico corregido en patrón 248

INFO:root:  Error lógico corregido en patrón 262

INFO:root:  Error lógico corregido en patrón 275

INFO:root:  Error lógico corregido en patrón 301

INFO:root:  Error lógico corregido en patrón 311

INFO:root:  Error lógico corregido en patrón 339

INFO:root:  Error lógico corregido en patrón 344

INFO:root:  Error lógico corregido en patrón 352

INFO:root:  Error lógico corregido en patrón 355

INFO:root:  Error lógico corregido en patrón 357

INFO:root:  Error lógico corregido en patrón 381

INFO:root:  Error lógico corregido en patrón 382

INFO:root:  Error lógico corregido en patrón 403

INFO:root:  Error lógico corregido en patrón 406

INFO:root:  Error lógico corregido en patrón 408

INFO:root:  Error lógico corregido en patrón 413

INFO:root:  Error lógico corregido en patrón 420

INFO:root:  Error lógico corregido en patrón 426

INFO:root:  Error lógico corregido en patrón 433

INFO:root:  Error lógico corregido en patrón 438

INFO:root:  Error lógico corregido en patrón 444

INFO:root:  Error lógico corregido en patrón 445

INFO:root:  Error lógico corregido en patrón 451

INFO:root:  Error lógico corregido en patrón 461

INFO:root:  Error lógico corregido en patrón 490

INFO:root:  Error lógico corregido en patrón 493

INFO:root:Saving results to DynamoDB for id_nmc_batch: nmc_144_0c003_1, id_arguments: BP_28

INFO:root:Checking if table 'results_dynamodb' exists...

INFO:root:Table 'results_dynamodb' already exists.

INFO:root:Results saved to DynamoDB for id_nmc_batch: nmc_144_0c003_1

(λ: args_worker) RequestId: 54a665d1-44ee-488e-82bc-9a916b569958  Duration: 3726.74 ms  Billed Duration: 3727 ms
INFO:root:[OFFLINE] Lambda invoked successfully. HTTP code: 200

INFO:root:nmc_worker invoked with response: {'status': 'invoked'}
INFO:root:Invoking args_worker with event: {'id_nmc_batch': 'nmc_144_0c003_1', 'number_of_args_combinations_batches': 72, 'id_batch_arguments': 28}
INFO:root:[OFFLINE] Invoking lambda 'args_worker' at http://localhost:3000/dev/args_worker with payload: {'id_nmc_batch': 'nmc_144_0c003_1', 'number_of_args_combinations_batches': 72, 'id_batch_arguments': 29}



POST /dev/args_worker (λ: args_worker)
INFO:root:Event received in args_worker lambda_handler

INFO:root:codeConfig: 144, p: 0.003

INFO:root:Config with codeConfig 144 loaded

INFO:root:Bivariate bicycle code created

INFO:root:Circuit built

INFO:root:Detector error model built

INFO:root:Detector error model converted to check matrices

INFO:root:Successfully retrieved 1 arguments for id_batch_arguments: 29

INFO:root:Args variables loaded from DynamoDB

[32minfo[39m: um-cloud-data/detectors_observables/code_144/p_0c003/batch_1.json 200 2ms 3.12mb
INFO:root:Samples loaded from S3.

INFO:root:Downloading automorphism from S3: automorphisms/0.003/auto_29/data.pkl

[32minfo[39m: tum-cloud-data/automorphisms/0.003/auto_29/data.pkl 200 4ms 69.48mb
[32minfo[39m: um-cloud-data/automorphisms/0.003/auto_29/data.pkl 206 31ms 5.48mb
[32minfo[39m: um-cloud-data/automorphisms/0.003/auto_29/data.pkl 206 38ms 8mb
[32minfo[39m: um-cloud-data/automorphisms/0.003/auto_29/data.pkl 206 43ms 8mb
[32minfo[39m: um-cloud-data/automorphisms/0.003/auto_29/data.pkl 206 41ms 8mb
[32minfo[39m: um-cloud-data/automorphisms/0.003/auto_29/data.pkl 206 40ms 8mb
[32minfo[39m: um-cloud-data/automorphisms/0.003/auto_29/data.pkl 206 42ms 8mb
[32minfo[39m: um-cloud-data/automorphisms/0.003/auto_29/data.pkl 206 41ms 8mb
[32minfo[39m: um-cloud-data/automorphisms/0.003/auto_29/data.pkl 206 41ms 8mb
[32minfo[39m: um-cloud-data/automorphisms/0.003/auto_29/data.pkl 206 41ms 8mb
INFO:root:BP decoder initialized

INFO:root:Running 500 Monte Carlo trials

INFO:root:  Error lógico corregido en patrón 19

INFO:root:  Error lógico corregido en patrón 36

INFO:root:  Error lógico corregido en patrón 37

INFO:root:  Error lógico corregido en patrón 45

INFO:root:  Error lógico corregido en patrón 47

INFO:root:  Error lógico corregido en patrón 58

INFO:root:  Error lógico corregido en patrón 63

INFO:root:  Error lógico corregido en patrón 68

INFO:root:  Error lógico corregido en patrón 70

INFO:root:  Error lógico corregido en patrón 82

INFO:root:  Error lógico corregido en patrón 85

INFO:root:  Error lógico corregido en patrón 88

INFO:root:  Error lógico corregido en patrón 93

INFO:root:  Error lógico corregido en patrón 107

INFO:root:  Error lógico corregido en patrón 116

INFO:root:  Error lógico corregido en patrón 118

INFO:root:  Error lógico corregido en patrón 135

INFO:root:  Error lógico corregido en patrón 146

INFO:root:  Error lógico corregido en patrón 150

INFO:root:  Error lógico corregido en patrón 159

INFO:root:  Error lógico corregido en patrón 161

INFO:root:  Error lógico corregido en patrón 166

INFO:root:  Error lógico corregido en patrón 170

INFO:root:  Error lógico corregido en patrón 184

INFO:root:  Error lógico corregido en patrón 203

INFO:root:  Error lógico corregido en patrón 212

INFO:root:  Error lógico corregido en patrón 214

INFO:root:  Error lógico corregido en patrón 220

INFO:root:  Error lógico corregido en patrón 221

INFO:root:  Error lógico corregido en patrón 223

INFO:root:  Error lógico corregido en patrón 241

INFO:root:  Error lógico corregido en patrón 248

INFO:root:  Error lógico corregido en patrón 262

INFO:root:  Error lógico corregido en patrón 275

INFO:root:  Error lógico corregido en patrón 301

INFO:root:  Error lógico corregido en patrón 311

INFO:root:  Error lógico corregido en patrón 339

INFO:root:  Error lógico corregido en patrón 344

INFO:root:  Error lógico corregido en patrón 352

INFO:root:  Error lógico corregido en patrón 355

INFO:root:  Error lógico corregido en patrón 357

INFO:root:  Error lógico corregido en patrón 381

INFO:root:  Error lógico corregido en patrón 382

INFO:root:  Error lógico corregido en patrón 403

INFO:root:  Error lógico corregido en patrón 406

INFO:root:  Error lógico corregido en patrón 408

INFO:root:  Error lógico corregido en patrón 413

INFO:root:  Error lógico corregido en patrón 420

INFO:root:  Error lógico corregido en patrón 426

INFO:root:  Error lógico corregido en patrón 433

INFO:root:  Error lógico corregido en patrón 438

INFO:root:  Error lógico corregido en patrón 444

INFO:root:  Error lógico corregido en patrón 445

INFO:root:  Error lógico corregido en patrón 451

INFO:root:  Error lógico corregido en patrón 461

INFO:root:  Error lógico corregido en patrón 490

INFO:root:  Error lógico corregido en patrón 493

INFO:root:Saving results to DynamoDB for id_nmc_batch: nmc_144_0c003_1, id_arguments: BP_29

INFO:root:Checking if table 'results_dynamodb' exists...

INFO:root:Table 'results_dynamodb' already exists.

INFO:root:Results saved to DynamoDB for id_nmc_batch: nmc_144_0c003_1

(λ: args_worker) RequestId: 46337757-0925-4fdb-980b-6a13a41edf2a  Duration: 3688.57 ms  Billed Duration: 3689 ms
INFO:root:[OFFLINE] Lambda invoked successfully. HTTP code: 200

INFO:root:nmc_worker invoked with response: {'status': 'invoked'}
INFO:root:Invoking args_worker with event: {'id_nmc_batch': 'nmc_144_0c003_1', 'number_of_args_combinations_batches': 72, 'id_batch_arguments': 29}
INFO:root:[OFFLINE] Invoking lambda 'args_worker' at http://localhost:3000/dev/args_worker with payload: {'id_nmc_batch': 'nmc_144_0c003_1', 'number_of_args_combinations_batches': 72, 'id_batch_arguments': 30}



POST /dev/args_worker (λ: args_worker)
INFO:root:Event received in args_worker lambda_handler

INFO:root:codeConfig: 144, p: 0.003

INFO:root:Config with codeConfig 144 loaded

INFO:root:Bivariate bicycle code created

INFO:root:Circuit built

INFO:root:Detector error model built

INFO:root:Detector error model converted to check matrices

INFO:root:Successfully retrieved 1 arguments for id_batch_arguments: 30

INFO:root:Args variables loaded from DynamoDB

[32minfo[39m: um-cloud-data/detectors_observables/code_144/p_0c003/batch_1.json 200 2ms 3.12mb
INFO:root:Samples loaded from S3.

INFO:root:Downloading automorphism from S3: automorphisms/0.003/auto_30/data.pkl

[32minfo[39m: tum-cloud-data/automorphisms/0.003/auto_30/data.pkl 200 1ms 69.48mb
[32minfo[39m: um-cloud-data/automorphisms/0.003/auto_30/data.pkl 206 31ms 5.48mb
[32minfo[39m: um-cloud-data/automorphisms/0.003/auto_30/data.pkl 206 44ms 8mb
[32minfo[39m: um-cloud-data/automorphisms/0.003/auto_30/data.pkl 206 45ms 8mb
[32minfo[39m: um-cloud-data/automorphisms/0.003/auto_30/data.pkl 206 44ms 8mb
[32minfo[39m: um-cloud-data/automorphisms/0.003/auto_30/data.pkl 206 44ms 8mb
[32minfo[39m: um-cloud-data/automorphisms/0.003/auto_30/data.pkl 206 48ms 8mb
[32minfo[39m: um-cloud-data/automorphisms/0.003/auto_30/data.pkl 206 42ms 8mb
[32minfo[39m: um-cloud-data/automorphisms/0.003/auto_30/data.pkl 206 42ms 8mb
[32minfo[39m: um-cloud-data/automorphisms/0.003/auto_30/data.pkl 206 47ms 8mb
INFO:root:BP decoder initialized

INFO:root:Running 500 Monte Carlo trials

INFO:root:  Error lógico corregido en patrón 19

INFO:root:  Error lógico corregido en patrón 36

INFO:root:  Error lógico corregido en patrón 37

INFO:root:  Error lógico corregido en patrón 45

INFO:root:  Error lógico corregido en patrón 47

INFO:root:  Error lógico corregido en patrón 58

INFO:root:  Error lógico corregido en patrón 63

INFO:root:  Error lógico corregido en patrón 68

INFO:root:  Error lógico corregido en patrón 70

INFO:root:  Error lógico corregido en patrón 82

INFO:root:  Error lógico corregido en patrón 85

INFO:root:  Error lógico corregido en patrón 88

INFO:root:  Error lógico corregido en patrón 93

INFO:root:  Error lógico corregido en patrón 107

INFO:root:  Error lógico corregido en patrón 116

INFO:root:  Error lógico corregido en patrón 118

INFO:root:  Error lógico corregido en patrón 135

INFO:root:  Error lógico corregido en patrón 146

INFO:root:  Error lógico corregido en patrón 150

INFO:root:  Error lógico corregido en patrón 159

INFO:root:  Error lógico corregido en patrón 161

INFO:root:  Error lógico corregido en patrón 166

INFO:root:  Error lógico corregido en patrón 170

INFO:root:  Error lógico corregido en patrón 184

INFO:root:  Error lógico corregido en patrón 203

INFO:root:  Error lógico corregido en patrón 212

INFO:root:  Error lógico corregido en patrón 214

INFO:root:  Error lógico corregido en patrón 220

INFO:root:  Error lógico corregido en patrón 221

INFO:root:  Error lógico corregido en patrón 223

INFO:root:  Error lógico corregido en patrón 240

INFO:root:  Error lógico corregido en patrón 241

INFO:root:  Error lógico corregido en patrón 248

INFO:root:  Error lógico corregido en patrón 262

INFO:root:  Error lógico corregido en patrón 275

INFO:root:  Error lógico corregido en patrón 301

INFO:root:  Error lógico corregido en patrón 311

INFO:root:  Error lógico corregido en patrón 339

INFO:root:  Error lógico corregido en patrón 344

INFO:root:  Error lógico corregido en patrón 352

INFO:root:  Error lógico corregido en patrón 355

INFO:root:  Error lógico corregido en patrón 357

INFO:root:  Error lógico corregido en patrón 381

INFO:root:  Error lógico corregido en patrón 382

INFO:root:  Error lógico corregido en patrón 403

INFO:root:  Error lógico corregido en patrón 406

INFO:root:  Error lógico corregido en patrón 408

INFO:root:  Error lógico corregido en patrón 413

INFO:root:  Error lógico corregido en patrón 420

INFO:root:  Error lógico corregido en patrón 426

INFO:root:  Error lógico corregido en patrón 433

INFO:root:  Error lógico corregido en patrón 438

INFO:root:  Error lógico corregido en patrón 444

INFO:root:  Error lógico corregido en patrón 445

INFO:root:  Error lógico corregido en patrón 451

INFO:root:  Error lógico corregido en patrón 461

INFO:root:  Error lógico corregido en patrón 490

INFO:root:  Error lógico corregido en patrón 493

INFO:root:Saving results to DynamoDB for id_nmc_batch: nmc_144_0c003_1, id_arguments: BP_30

INFO:root:Checking if table 'results_dynamodb' exists...

INFO:root:Table 'results_dynamodb' already exists.

INFO:root:Results saved to DynamoDB for id_nmc_batch: nmc_144_0c003_1

(λ: args_worker) RequestId: 24a18ed2-8fc1-421e-914d-80132b32134c  Duration: 3725.10 ms  Billed Duration: 3726 ms
INFO:root:[OFFLINE] Lambda invoked successfully. HTTP code: 200

INFO:root:nmc_worker invoked with response: {'status': 'invoked'}
INFO:root:Invoking args_worker with event: {'id_nmc_batch': 'nmc_144_0c003_1', 'number_of_args_combinations_batches': 72, 'id_batch_arguments': 30}
INFO:root:[OFFLINE] Invoking lambda 'args_worker' at http://localhost:3000/dev/args_worker with payload: {'id_nmc_batch': 'nmc_144_0c003_1', 'number_of_args_combinations_batches': 72, 'id_batch_arguments': 31}



POST /dev/args_worker (λ: args_worker)
INFO:root:Event received in args_worker lambda_handler

INFO:root:codeConfig: 144, p: 0.003

INFO:root:Config with codeConfig 144 loaded

INFO:root:Bivariate bicycle code created

INFO:root:Circuit built

INFO:root:Detector error model built

INFO:root:Detector error model converted to check matrices

INFO:root:Successfully retrieved 1 arguments for id_batch_arguments: 31

INFO:root:Args variables loaded from DynamoDB

[32minfo[39m: um-cloud-data/detectors_observables/code_144/p_0c003/batch_1.json 200 2ms 3.12mb
INFO:root:Samples loaded from S3.

INFO:root:Downloading automorphism from S3: automorphisms/0.003/auto_31/data.pkl

[32minfo[39m: tum-cloud-data/automorphisms/0.003/auto_31/data.pkl 200 0ms 69.48mb
[32minfo[39m: um-cloud-data/automorphisms/0.003/auto_31/data.pkl 206 24ms 5.48mb
[32minfo[39m: um-cloud-data/automorphisms/0.003/auto_31/data.pkl 206 39ms 8mb
[32minfo[39m: um-cloud-data/automorphisms/0.003/auto_31/data.pkl 206 36ms 8mb
[32minfo[39m: um-cloud-data/automorphisms/0.003/auto_31/data.pkl 206 39ms 8mb
[32minfo[39m: um-cloud-data/automorphisms/0.003/auto_31/data.pkl 206 38ms 8mb
[32minfo[39m: um-cloud-data/automorphisms/0.003/auto_31/data.pkl 206 39ms 8mb
[32minfo[39m: um-cloud-data/automorphisms/0.003/auto_31/data.pkl 206 38ms 8mb
[32minfo[39m: um-cloud-data/automorphisms/0.003/auto_31/data.pkl 206 38ms 8mb
[32minfo[39m: um-cloud-data/automorphisms/0.003/auto_31/data.pkl 206 38ms 8mb
INFO:root:BP decoder initialized

INFO:root:Running 500 Monte Carlo trials

INFO:root:  Error lógico corregido en patrón 19

INFO:root:  Error lógico corregido en patrón 36

INFO:root:  Error lógico corregido en patrón 37

INFO:root:  Error lógico corregido en patrón 45

INFO:root:  Error lógico corregido en patrón 47

INFO:root:  Error lógico corregido en patrón 58

INFO:root:  Error lógico corregido en patrón 63

INFO:root:  Error lógico corregido en patrón 68

INFO:root:  Error lógico corregido en patrón 70

INFO:root:  Error lógico corregido en patrón 82

INFO:root:  Error lógico corregido en patrón 85

INFO:root:  Error lógico corregido en patrón 88

INFO:root:  Error lógico corregido en patrón 93

INFO:root:  Error lógico corregido en patrón 107

INFO:root:  Error lógico corregido en patrón 116

INFO:root:  Error lógico corregido en patrón 118

INFO:root:  Error lógico corregido en patrón 135

INFO:root:  Error lógico corregido en patrón 146

INFO:root:  Error lógico corregido en patrón 159

INFO:root:  Error lógico corregido en patrón 161

INFO:root:  Error lógico corregido en patrón 166

INFO:root:  Error lógico corregido en patrón 170

INFO:root:  Error lógico corregido en patrón 184

INFO:root:  Error lógico corregido en patrón 203

INFO:root:  Error lógico corregido en patrón 212

INFO:root:  Error lógico corregido en patrón 214

INFO:root:  Error lógico corregido en patrón 220

INFO:root:  Error lógico corregido en patrón 221

INFO:root:  Error lógico corregido en patrón 223

INFO:root:  Error lógico corregido en patrón 240

INFO:root:  Error lógico corregido en patrón 241

INFO:root:  Error lógico corregido en patrón 248

INFO:root:  Error lógico corregido en patrón 262

INFO:root:  Error lógico corregido en patrón 275

INFO:root:  Error lógico corregido en patrón 301

INFO:root:  Error lógico corregido en patrón 311

INFO:root:  Error lógico corregido en patrón 339

INFO:root:  Error lógico corregido en patrón 344

INFO:root:  Error lógico corregido en patrón 352

INFO:root:  Error lógico corregido en patrón 355

INFO:root:  Error lógico corregido en patrón 357

INFO:root:  Error lógico corregido en patrón 381

INFO:root:  Error lógico corregido en patrón 382

INFO:root:  Error lógico corregido en patrón 403

INFO:root:  Error lógico corregido en patrón 406

INFO:root:  Error lógico corregido en patrón 408

INFO:root:  Error lógico corregido en patrón 413

INFO:root:  Error lógico corregido en patrón 420

INFO:root:  Error lógico corregido en patrón 426

INFO:root:  Error lógico corregido en patrón 433

INFO:root:  Error lógico corregido en patrón 438

INFO:root:  Error lógico corregido en patrón 444

INFO:root:  Error lógico corregido en patrón 445

INFO:root:  Error lógico corregido en patrón 451

INFO:root:  Error lógico corregido en patrón 461

INFO:root:  Error lógico corregido en patrón 490

INFO:root:  Error lógico corregido en patrón 493

INFO:root:Saving results to DynamoDB for id_nmc_batch: nmc_144_0c003_1, id_arguments: BP_31

INFO:root:Checking if table 'results_dynamodb' exists...

INFO:root:Table 'results_dynamodb' already exists.

INFO:root:Results saved to DynamoDB for id_nmc_batch: nmc_144_0c003_1

(λ: args_worker) RequestId: 73b1544d-6963-4290-8ebc-72e4b4063c05  Duration: 3705.24 ms  Billed Duration: 3706 ms
INFO:root:[OFFLINE] Lambda invoked successfully. HTTP code: 200

INFO:root:nmc_worker invoked with response: {'status': 'invoked'}
INFO:root:Invoking args_worker with event: {'id_nmc_batch': 'nmc_144_0c003_1', 'number_of_args_combinations_batches': 72, 'id_batch_arguments': 31}
INFO:root:[OFFLINE] Invoking lambda 'args_worker' at http://localhost:3000/dev/args_worker with payload: {'id_nmc_batch': 'nmc_144_0c003_1', 'number_of_args_combinations_batches': 72, 'id_batch_arguments': 32}



POST /dev/args_worker (λ: args_worker)
INFO:root:Event received in args_worker lambda_handler

INFO:root:codeConfig: 144, p: 0.003

INFO:root:Config with codeConfig 144 loaded

INFO:root:Bivariate bicycle code created

INFO:root:Circuit built

INFO:root:Detector error model built

INFO:root:Detector error model converted to check matrices

INFO:root:Successfully retrieved 1 arguments for id_batch_arguments: 32

INFO:root:Args variables loaded from DynamoDB

[32minfo[39m: um-cloud-data/detectors_observables/code_144/p_0c003/batch_1.json 200 2ms 3.12mb
INFO:root:Samples loaded from S3.

INFO:root:Downloading automorphism from S3: automorphisms/0.003/auto_32/data.pkl

[32minfo[39m: tum-cloud-data/automorphisms/0.003/auto_32/data.pkl 200 2ms 69.48mb
[32minfo[39m: um-cloud-data/automorphisms/0.003/auto_32/data.pkl 206 27ms 5.48mb
[32minfo[39m: um-cloud-data/automorphisms/0.003/auto_32/data.pkl 206 35ms 8mb
[32minfo[39m: um-cloud-data/automorphisms/0.003/auto_32/data.pkl 206 39ms 8mb
[32minfo[39m: um-cloud-data/automorphisms/0.003/auto_32/data.pkl 206 36ms 8mb
[32minfo[39m: um-cloud-data/automorphisms/0.003/auto_32/data.pkl 206 39ms 8mb
[32minfo[39m: um-cloud-data/automorphisms/0.003/auto_32/data.pkl 206 39ms 8mb
[32minfo[39m: um-cloud-data/automorphisms/0.003/auto_32/data.pkl 206 38ms 8mb
[32minfo[39m: um-cloud-data/automorphisms/0.003/auto_32/data.pkl 206 39ms 8mb
[32minfo[39m: um-cloud-data/automorphisms/0.003/auto_32/data.pkl 206 39ms 8mb
INFO:root:BP decoder initialized

INFO:root:Running 500 Monte Carlo trials

INFO:root:  Error lógico corregido en patrón 19

INFO:root:  Error lógico corregido en patrón 36

INFO:root:  Error lógico corregido en patrón 37

INFO:root:  Error lógico corregido en patrón 45

INFO:root:  Error lógico corregido en patrón 47

INFO:root:  Error lógico corregido en patrón 48

INFO:root:  Error lógico corregido en patrón 58

INFO:root:  Error lógico corregido en patrón 63

INFO:root:  Error lógico corregido en patrón 68

INFO:root:  Error lógico corregido en patrón 70

INFO:root:  Error lógico corregido en patrón 82

INFO:root:  Error lógico corregido en patrón 85

INFO:root:  Error lógico corregido en patrón 88

INFO:root:  Error lógico corregido en patrón 93

INFO:root:  Error lógico corregido en patrón 107

INFO:root:  Error lógico corregido en patrón 116

INFO:root:  Error lógico corregido en patrón 118

INFO:root:  Error lógico corregido en patrón 135

INFO:root:  Error lógico corregido en patrón 146

INFO:root:  Error lógico corregido en patrón 159

INFO:root:  Error lógico corregido en patrón 161

INFO:root:  Error lógico corregido en patrón 166

INFO:root:  Error lógico corregido en patrón 170

INFO:root:  Error lógico corregido en patrón 184

INFO:root:  Error lógico corregido en patrón 203

INFO:root:  Error lógico corregido en patrón 212

INFO:root:  Error lógico corregido en patrón 214

INFO:root:  Error lógico corregido en patrón 220

INFO:root:  Error lógico corregido en patrón 221

INFO:root:  Error lógico corregido en patrón 223

INFO:root:  Error lógico corregido en patrón 241

INFO:root:  Error lógico corregido en patrón 248

INFO:root:  Error lógico corregido en patrón 262

INFO:root:  Error lógico corregido en patrón 275

INFO:root:  Error lógico corregido en patrón 301

INFO:root:  Error lógico corregido en patrón 311

INFO:root:  Error lógico corregido en patrón 339

INFO:root:  Error lógico corregido en patrón 344

INFO:root:  Error lógico corregido en patrón 352

INFO:root:  Error lógico corregido en patrón 355

INFO:root:  Error lógico corregido en patrón 357

INFO:root:  Error lógico corregido en patrón 381

INFO:root:  Error lógico corregido en patrón 382

INFO:root:  Error lógico corregido en patrón 403

INFO:root:  Error lógico corregido en patrón 406

INFO:root:  Error lógico corregido en patrón 408

INFO:root:  Error lógico corregido en patrón 413

INFO:root:  Error lógico corregido en patrón 420

INFO:root:  Error lógico corregido en patrón 426

INFO:root:  Error lógico corregido en patrón 433

INFO:root:  Error lógico corregido en patrón 438

INFO:root:  Error lógico corregido en patrón 444

INFO:root:  Error lógico corregido en patrón 445

INFO:root:  Error lógico corregido en patrón 451

INFO:root:  Error lógico corregido en patrón 461

INFO:root:  Error lógico corregido en patrón 490

INFO:root:  Error lógico corregido en patrón 493

INFO:root:Saving results to DynamoDB for id_nmc_batch: nmc_144_0c003_1, id_arguments: BP_32

INFO:root:Checking if table 'results_dynamodb' exists...

INFO:root:Table 'results_dynamodb' already exists.

INFO:root:Results saved to DynamoDB for id_nmc_batch: nmc_144_0c003_1

(λ: args_worker) RequestId: 820f1463-4695-4a1c-953b-6d1f1891ca18  Duration: 3717.62 ms  Billed Duration: 3718 ms
INFO:root:[OFFLINE] Lambda invoked successfully. HTTP code: 200

INFO:root:nmc_worker invoked with response: {'status': 'invoked'}
INFO:root:Invoking args_worker with event: {'id_nmc_batch': 'nmc_144_0c003_1', 'number_of_args_combinations_batches': 72, 'id_batch_arguments': 32}
INFO:root:[OFFLINE] Invoking lambda 'args_worker' at http://localhost:3000/dev/args_worker with payload: {'id_nmc_batch': 'nmc_144_0c003_1', 'number_of_args_combinations_batches': 72, 'id_batch_arguments': 33}



POST /dev/args_worker (λ: args_worker)
INFO:root:Event received in args_worker lambda_handler

INFO:root:codeConfig: 144, p: 0.003

INFO:root:Config with codeConfig 144 loaded

INFO:root:Bivariate bicycle code created

INFO:root:Circuit built

INFO:root:Detector error model built

INFO:root:Detector error model converted to check matrices

INFO:root:Successfully retrieved 1 arguments for id_batch_arguments: 33

INFO:root:Args variables loaded from DynamoDB

[32minfo[39m: um-cloud-data/detectors_observables/code_144/p_0c003/batch_1.json 200 2ms 3.12mb
INFO:root:Samples loaded from S3.

INFO:root:Downloading automorphism from S3: automorphisms/0.003/auto_33/data.pkl

[32minfo[39m: tum-cloud-data/automorphisms/0.003/auto_33/data.pkl 200 3ms 69.48mb
[32minfo[39m: um-cloud-data/automorphisms/0.003/auto_33/data.pkl 206 28ms 5.48mb
[32minfo[39m: um-cloud-data/automorphisms/0.003/auto_33/data.pkl 206 44ms 8mb
[32minfo[39m: um-cloud-data/automorphisms/0.003/auto_33/data.pkl 206 43ms 8mb
[32minfo[39m: um-cloud-data/automorphisms/0.003/auto_33/data.pkl 206 43ms 8mb
[32minfo[39m: um-cloud-data/automorphisms/0.003/auto_33/data.pkl 206 44ms 8mb
[32minfo[39m: um-cloud-data/automorphisms/0.003/auto_33/data.pkl 206 43ms 8mb
[32minfo[39m: um-cloud-data/automorphisms/0.003/auto_33/data.pkl 206 42ms 8mb
[32minfo[39m: um-cloud-data/automorphisms/0.003/auto_33/data.pkl 206 44ms 8mb
[32minfo[39m: um-cloud-data/automorphisms/0.003/auto_33/data.pkl 206 43ms 8mb
INFO:root:BP decoder initialized

INFO:root:Running 500 Monte Carlo trials

INFO:root:  Error lógico corregido en patrón 19

INFO:root:  Error lógico corregido en patrón 36

INFO:root:  Error lógico corregido en patrón 37

INFO:root:  Error lógico corregido en patrón 45

INFO:root:  Error lógico corregido en patrón 47

INFO:root:  Error lógico corregido en patrón 58

INFO:root:  Error lógico corregido en patrón 63

INFO:root:  Error lógico corregido en patrón 68

INFO:root:  Error lógico corregido en patrón 70

INFO:root:  Error lógico corregido en patrón 82

INFO:root:  Error lógico corregido en patrón 85

INFO:root:  Error lógico corregido en patrón 88

INFO:root:  Error lógico corregido en patrón 93

INFO:root:  Error lógico corregido en patrón 107

INFO:root:  Error lógico corregido en patrón 116

INFO:root:  Error lógico corregido en patrón 118

INFO:root:  Error lógico corregido en patrón 135

INFO:root:  Error lógico corregido en patrón 146

INFO:root:  Error lógico corregido en patrón 159

INFO:root:  Error lógico corregido en patrón 161

INFO:root:  Error lógico corregido en patrón 166

INFO:root:  Error lógico corregido en patrón 170

INFO:root:  Error lógico corregido en patrón 184

INFO:root:  Error lógico corregido en patrón 203

INFO:root:  Error lógico corregido en patrón 212

INFO:root:  Error lógico corregido en patrón 214

INFO:root:  Error lógico corregido en patrón 220

INFO:root:  Error lógico corregido en patrón 221

INFO:root:  Error lógico corregido en patrón 223

INFO:root:  Error lógico corregido en patrón 240

INFO:root:  Error lógico corregido en patrón 241

INFO:root:  Error lógico corregido en patrón 248

INFO:root:  Error lógico corregido en patrón 262

INFO:root:  Error lógico corregido en patrón 275

INFO:root:  Error lógico corregido en patrón 301

INFO:root:  Error lógico corregido en patrón 311

INFO:root:  Error lógico corregido en patrón 339

INFO:root:  Error lógico corregido en patrón 344

INFO:root:  Error lógico corregido en patrón 352

INFO:root:  Error lógico corregido en patrón 355

INFO:root:  Error lógico corregido en patrón 357

INFO:root:  Error lógico corregido en patrón 381

INFO:root:  Error lógico corregido en patrón 382

INFO:root:  Error lógico corregido en patrón 403

INFO:root:  Error lógico corregido en patrón 406

INFO:root:  Error lógico corregido en patrón 408

INFO:root:  Error lógico corregido en patrón 413

INFO:root:  Error lógico corregido en patrón 420

INFO:root:  Error lógico corregido en patrón 426

INFO:root:  Error lógico corregido en patrón 433

INFO:root:  Error lógico corregido en patrón 438

INFO:root:  Error lógico corregido en patrón 444

INFO:root:  Error lógico corregido en patrón 445

INFO:root:  Error lógico corregido en patrón 451

INFO:root:  Error lógico corregido en patrón 461

INFO:root:  Error lógico corregido en patrón 490

INFO:root:  Error lógico corregido en patrón 493

INFO:root:Saving results to DynamoDB for id_nmc_batch: nmc_144_0c003_1, id_arguments: BP_33

INFO:root:Checking if table 'results_dynamodb' exists...

INFO:root:Table 'results_dynamodb' already exists.

INFO:root:Results saved to DynamoDB for id_nmc_batch: nmc_144_0c003_1

(λ: args_worker) RequestId: 0e64a5f6-a643-45aa-b256-0a7499284149  Duration: 3844.38 ms  Billed Duration: 3845 ms
INFO:root:[OFFLINE] Lambda invoked successfully. HTTP code: 200

INFO:root:nmc_worker invoked with response: {'status': 'invoked'}
INFO:root:Invoking args_worker with event: {'id_nmc_batch': 'nmc_144_0c003_1', 'number_of_args_combinations_batches': 72, 'id_batch_arguments': 33}
INFO:root:[OFFLINE] Invoking lambda 'args_worker' at http://localhost:3000/dev/args_worker with payload: {'id_nmc_batch': 'nmc_144_0c003_1', 'number_of_args_combinations_batches': 72, 'id_batch_arguments': 34}



POST /dev/args_worker (λ: args_worker)
INFO:root:Event received in args_worker lambda_handler

INFO:root:codeConfig: 144, p: 0.003

INFO:root:Config with codeConfig 144 loaded

INFO:root:Bivariate bicycle code created

INFO:root:Circuit built

INFO:root:Detector error model built

INFO:root:Detector error model converted to check matrices

INFO:root:Successfully retrieved 1 arguments for id_batch_arguments: 34

INFO:root:Args variables loaded from DynamoDB

[32minfo[39m: um-cloud-data/detectors_observables/code_144/p_0c003/batch_1.json 200 2ms 3.12mb
INFO:root:Samples loaded from S3.

INFO:root:Downloading automorphism from S3: automorphisms/0.003/auto_34/data.pkl

[32minfo[39m: tum-cloud-data/automorphisms/0.003/auto_34/data.pkl 200 4ms 69.48mb
[32minfo[39m: um-cloud-data/automorphisms/0.003/auto_34/data.pkl 206 27ms 5.48mb
[32minfo[39m: um-cloud-data/automorphisms/0.003/auto_34/data.pkl 206 42ms 8mb
[32minfo[39m: um-cloud-data/automorphisms/0.003/auto_34/data.pkl 206 45ms 8mb
[32minfo[39m: um-cloud-data/automorphisms/0.003/auto_34/data.pkl 206 45ms 8mb
[32minfo[39m: um-cloud-data/automorphisms/0.003/auto_34/data.pkl 206 46ms 8mb
[32minfo[39m: um-cloud-data/automorphisms/0.003/auto_34/data.pkl 206 46ms 8mb
[32minfo[39m: um-cloud-data/automorphisms/0.003/auto_34/data.pkl 206 45ms 8mb
[32minfo[39m: um-cloud-data/automorphisms/0.003/auto_34/data.pkl 206 43ms 8mb
[32minfo[39m: um-cloud-data/automorphisms/0.003/auto_34/data.pkl 206 44ms 8mb
INFO:root:BP decoder initialized

INFO:root:Running 500 Monte Carlo trials

INFO:root:  Error lógico corregido en patrón 19

INFO:root:  Error lógico corregido en patrón 36

INFO:root:  Error lógico corregido en patrón 37

INFO:root:  Error lógico corregido en patrón 45

INFO:root:  Error lógico corregido en patrón 47

INFO:root:  Error lógico corregido en patrón 58

INFO:root:  Error lógico corregido en patrón 63

INFO:root:  Error lógico corregido en patrón 68

INFO:root:  Error lógico corregido en patrón 70

INFO:root:  Error lógico corregido en patrón 82

INFO:root:  Error lógico corregido en patrón 85

INFO:root:  Error lógico corregido en patrón 88

INFO:root:  Error lógico corregido en patrón 93

INFO:root:  Error lógico corregido en patrón 107

INFO:root:  Error lógico corregido en patrón 116

INFO:root:  Error lógico corregido en patrón 118

INFO:root:  Error lógico corregido en patrón 135

INFO:root:  Error lógico corregido en patrón 146

INFO:root:  Error lógico corregido en patrón 150

INFO:root:  Error lógico corregido en patrón 159

INFO:root:  Error lógico corregido en patrón 161

INFO:root:  Error lógico corregido en patrón 166

INFO:root:  Error lógico corregido en patrón 170

INFO:root:  Error lógico corregido en patrón 184

INFO:root:  Error lógico corregido en patrón 203

INFO:root:  Error lógico corregido en patrón 212

INFO:root:  Error lógico corregido en patrón 214

INFO:root:  Error lógico corregido en patrón 220

INFO:root:  Error lógico corregido en patrón 221

INFO:root:  Error lógico corregido en patrón 223

INFO:root:  Error lógico corregido en patrón 241

INFO:root:  Error lógico corregido en patrón 248

INFO:root:  Error lógico corregido en patrón 262

INFO:root:  Error lógico corregido en patrón 275

INFO:root:  Error lógico corregido en patrón 301

INFO:root:  Error lógico corregido en patrón 311

INFO:root:  Error lógico corregido en patrón 339

INFO:root:  Error lógico corregido en patrón 344

INFO:root:  Error lógico corregido en patrón 352

INFO:root:  Error lógico corregido en patrón 355

INFO:root:  Error lógico corregido en patrón 357

INFO:root:  Error lógico corregido en patrón 381

INFO:root:  Error lógico corregido en patrón 382

INFO:root:  Error lógico corregido en patrón 403

INFO:root:  Error lógico corregido en patrón 406

INFO:root:  Error lógico corregido en patrón 408

INFO:root:  Error lógico corregido en patrón 413

INFO:root:  Error lógico corregido en patrón 420

INFO:root:  Error lógico corregido en patrón 426

INFO:root:  Error lógico corregido en patrón 433

INFO:root:  Error lógico corregido en patrón 438

INFO:root:  Error lógico corregido en patrón 444

INFO:root:  Error lógico corregido en patrón 445

INFO:root:  Error lógico corregido en patrón 451

INFO:root:  Error lógico corregido en patrón 461

INFO:root:  Error lógico corregido en patrón 490

INFO:root:  Error lógico corregido en patrón 493

INFO:root:Saving results to DynamoDB for id_nmc_batch: nmc_144_0c003_1, id_arguments: BP_34

INFO:root:Checking if table 'results_dynamodb' exists...

INFO:root:Table 'results_dynamodb' already exists.

INFO:root:Results saved to DynamoDB for id_nmc_batch: nmc_144_0c003_1

(λ: args_worker) RequestId: eeda2175-0cc2-413c-9b48-92469d3c0766  Duration: 3803.52 ms  Billed Duration: 3804 ms
INFO:root:[OFFLINE] Lambda invoked successfully. HTTP code: 200

INFO:root:nmc_worker invoked with response: {'status': 'invoked'}
INFO:root:Invoking args_worker with event: {'id_nmc_batch': 'nmc_144_0c003_1', 'number_of_args_combinations_batches': 72, 'id_batch_arguments': 34}
INFO:root:[OFFLINE] Invoking lambda 'args_worker' at http://localhost:3000/dev/args_worker with payload: {'id_nmc_batch': 'nmc_144_0c003_1', 'number_of_args_combinations_batches': 72, 'id_batch_arguments': 35}



POST /dev/args_worker (λ: args_worker)
INFO:root:Event received in args_worker lambda_handler

INFO:root:codeConfig: 144, p: 0.003

INFO:root:Config with codeConfig 144 loaded

INFO:root:Bivariate bicycle code created

INFO:root:Circuit built

INFO:root:Detector error model built

INFO:root:Detector error model converted to check matrices

INFO:root:Successfully retrieved 1 arguments for id_batch_arguments: 35

INFO:root:Args variables loaded from DynamoDB

[32minfo[39m: um-cloud-data/detectors_observables/code_144/p_0c003/batch_1.json 200 2ms 3.12mb
INFO:root:Samples loaded from S3.

INFO:root:Downloading automorphism from S3: automorphisms/0.003/auto_35/data.pkl

[32minfo[39m: tum-cloud-data/automorphisms/0.003/auto_35/data.pkl 200 3ms 69.48mb
[32minfo[39m: um-cloud-data/automorphisms/0.003/auto_35/data.pkl 206 32ms 5.48mb
[32minfo[39m: um-cloud-data/automorphisms/0.003/auto_35/data.pkl 206 43ms 8mb
[32minfo[39m: um-cloud-data/automorphisms/0.003/auto_35/data.pkl 206 43ms 8mb
[32minfo[39m: um-cloud-data/automorphisms/0.003/auto_35/data.pkl 206 44ms 8mb
[32minfo[39m: um-cloud-data/automorphisms/0.003/auto_35/data.pkl 206 46ms 8mb
[32minfo[39m: um-cloud-data/automorphisms/0.003/auto_35/data.pkl 206 46ms 8mb
[32minfo[39m: um-cloud-data/automorphisms/0.003/auto_35/data.pkl 206 60ms 8mb
[32minfo[39m: um-cloud-data/automorphisms/0.003/auto_35/data.pkl 206 63ms 8mb
[32minfo[39m: um-cloud-data/automorphisms/0.003/auto_35/data.pkl 206 64ms 8mb
INFO:root:BP decoder initialized

INFO:root:Running 500 Monte Carlo trials

INFO:root:  Error lógico corregido en patrón 19

INFO:root:  Error lógico corregido en patrón 36

INFO:root:  Error lógico corregido en patrón 37

INFO:root:  Error lógico corregido en patrón 45

INFO:root:  Error lógico corregido en patrón 47

INFO:root:  Error lógico corregido en patrón 48

INFO:root:  Error lógico corregido en patrón 58

INFO:root:  Error lógico corregido en patrón 63

INFO:root:  Error lógico corregido en patrón 68

INFO:root:  Error lógico corregido en patrón 70

INFO:root:  Error lógico corregido en patrón 82

INFO:root:  Error lógico corregido en patrón 85

INFO:root:  Error lógico corregido en patrón 88

INFO:root:  Error lógico corregido en patrón 93

INFO:root:  Error lógico corregido en patrón 107

INFO:root:  Error lógico corregido en patrón 116

INFO:root:  Error lógico corregido en patrón 118

INFO:root:  Error lógico corregido en patrón 135

INFO:root:  Error lógico corregido en patrón 146

INFO:root:  Error lógico corregido en patrón 159

INFO:root:  Error lógico corregido en patrón 161

INFO:root:  Error lógico corregido en patrón 166

INFO:root:  Error lógico corregido en patrón 170

INFO:root:  Error lógico corregido en patrón 184

INFO:root:  Error lógico corregido en patrón 203

INFO:root:  Error lógico corregido en patrón 212

INFO:root:  Error lógico corregido en patrón 214

INFO:root:  Error lógico corregido en patrón 220

INFO:root:  Error lógico corregido en patrón 221

INFO:root:  Error lógico corregido en patrón 223

INFO:root:  Error lógico corregido en patrón 240

INFO:root:  Error lógico corregido en patrón 241

INFO:root:  Error lógico corregido en patrón 248

INFO:root:  Error lógico corregido en patrón 262

INFO:root:  Error lógico corregido en patrón 275

INFO:root:  Error lógico corregido en patrón 301

INFO:root:  Error lógico corregido en patrón 311

INFO:root:  Error lógico corregido en patrón 339

INFO:root:  Error lógico corregido en patrón 344

INFO:root:  Error lógico corregido en patrón 352

INFO:root:  Error lógico corregido en patrón 355

INFO:root:  Error lógico corregido en patrón 357

INFO:root:  Error lógico corregido en patrón 381

INFO:root:  Error lógico corregido en patrón 382

INFO:root:  Error lógico corregido en patrón 403

INFO:root:  Error lógico corregido en patrón 406

INFO:root:  Error lógico corregido en patrón 408

INFO:root:  Error lógico corregido en patrón 413

INFO:root:  Error lógico corregido en patrón 420

INFO:root:  Error lógico corregido en patrón 426

INFO:root:  Error lógico corregido en patrón 433

INFO:root:  Error lógico corregido en patrón 438

INFO:root:  Error lógico corregido en patrón 444

INFO:root:  Error lógico corregido en patrón 445

INFO:root:  Error lógico corregido en patrón 451

INFO:root:  Error lógico corregido en patrón 461

INFO:root:  Error lógico corregido en patrón 490

INFO:root:  Error lógico corregido en patrón 493

INFO:root:Saving results to DynamoDB for id_nmc_batch: nmc_144_0c003_1, id_arguments: BP_35

INFO:root:Checking if table 'results_dynamodb' exists...

INFO:root:Table 'results_dynamodb' already exists.

INFO:root:Results saved to DynamoDB for id_nmc_batch: nmc_144_0c003_1

(λ: args_worker) RequestId: 5d2c49c5-56a8-41f5-bcef-22e859b555b1  Duration: 3988.51 ms  Billed Duration: 3989 ms
INFO:root:[OFFLINE] Lambda invoked successfully. HTTP code: 200

INFO:root:nmc_worker invoked with response: {'status': 'invoked'}
INFO:root:Invoking args_worker with event: {'id_nmc_batch': 'nmc_144_0c003_1', 'number_of_args_combinations_batches': 72, 'id_batch_arguments': 35}
INFO:root:[OFFLINE] Invoking lambda 'args_worker' at http://localhost:3000/dev/args_worker with payload: {'id_nmc_batch': 'nmc_144_0c003_1', 'number_of_args_combinations_batches': 72, 'id_batch_arguments': 36}



POST /dev/args_worker (λ: args_worker)
INFO:root:Event received in args_worker lambda_handler

INFO:root:codeConfig: 144, p: 0.003

INFO:root:Config with codeConfig 144 loaded

INFO:root:Bivariate bicycle code created

INFO:root:Circuit built

INFO:root:Detector error model built

INFO:root:Detector error model converted to check matrices

INFO:root:Successfully retrieved 1 arguments for id_batch_arguments: 36

INFO:root:Args variables loaded from DynamoDB

[32minfo[39m: um-cloud-data/detectors_observables/code_144/p_0c003/batch_1.json 200 2ms 3.12mb
INFO:root:Samples loaded from S3.

INFO:root:Downloading automorphism from S3: automorphisms/0.003/auto_36/data.pkl

[32minfo[39m: tum-cloud-data/automorphisms/0.003/auto_36/data.pkl 200 3ms 69.48mb
[32minfo[39m: um-cloud-data/automorphisms/0.003/auto_36/data.pkl 206 40ms 5.48mb
[32minfo[39m: um-cloud-data/automorphisms/0.003/auto_36/data.pkl 206 51ms 8mb
[32minfo[39m: um-cloud-data/automorphisms/0.003/auto_36/data.pkl 206 53ms 8mb
[32minfo[39m: um-cloud-data/automorphisms/0.003/auto_36/data.pkl 206 52ms 8mb
[32minfo[39m: um-cloud-data/automorphisms/0.003/auto_36/data.pkl 206 53ms 8mb
[32minfo[39m: um-cloud-data/automorphisms/0.003/auto_36/data.pkl 206 53ms 8mb
[32minfo[39m: um-cloud-data/automorphisms/0.003/auto_36/data.pkl 206 54ms 8mb
[32minfo[39m: um-cloud-data/automorphisms/0.003/auto_36/data.pkl 206 54ms 8mb
[32minfo[39m: um-cloud-data/automorphisms/0.003/auto_36/data.pkl 206 52ms 8mb
INFO:root:BP decoder initialized

INFO:root:Running 500 Monte Carlo trials

INFO:root:  Error lógico corregido en patrón 19

INFO:root:  Error lógico corregido en patrón 36

INFO:root:  Error lógico corregido en patrón 37

INFO:root:  Error lógico corregido en patrón 45

INFO:root:  Error lógico corregido en patrón 47

INFO:root:  Error lógico corregido en patrón 58

INFO:root:  Error lógico corregido en patrón 63

INFO:root:  Error lógico corregido en patrón 68

INFO:root:  Error lógico corregido en patrón 70

INFO:root:  Error lógico corregido en patrón 82

INFO:root:  Error lógico corregido en patrón 85

INFO:root:  Error lógico corregido en patrón 88

INFO:root:  Error lógico corregido en patrón 93

INFO:root:  Error lógico corregido en patrón 107

INFO:root:  Error lógico corregido en patrón 116

INFO:root:  Error lógico corregido en patrón 118

INFO:root:  Error lógico corregido en patrón 135

INFO:root:  Error lógico corregido en patrón 146

INFO:root:  Error lógico corregido en patrón 150

INFO:root:  Error lógico corregido en patrón 159

INFO:root:  Error lógico corregido en patrón 161

INFO:root:  Error lógico corregido en patrón 166

INFO:root:  Error lógico corregido en patrón 170

INFO:root:  Error lógico corregido en patrón 184

INFO:root:  Error lógico corregido en patrón 203

INFO:root:  Error lógico corregido en patrón 212

INFO:root:  Error lógico corregido en patrón 214

INFO:root:  Error lógico corregido en patrón 220

INFO:root:  Error lógico corregido en patrón 221

INFO:root:  Error lógico corregido en patrón 223

INFO:root:  Error lógico corregido en patrón 241

INFO:root:  Error lógico corregido en patrón 248

INFO:root:  Error lógico corregido en patrón 262

INFO:root:  Error lógico corregido en patrón 275

INFO:root:  Error lógico corregido en patrón 301

INFO:root:  Error lógico corregido en patrón 311

INFO:root:  Error lógico corregido en patrón 339

INFO:root:  Error lógico corregido en patrón 344

INFO:root:  Error lógico corregido en patrón 352

INFO:root:  Error lógico corregido en patrón 355

INFO:root:  Error lógico corregido en patrón 357

INFO:root:  Error lógico corregido en patrón 381

INFO:root:  Error lógico corregido en patrón 382

INFO:root:  Error lógico corregido en patrón 403

INFO:root:  Error lógico corregido en patrón 406

INFO:root:  Error lógico corregido en patrón 408

INFO:root:  Error lógico corregido en patrón 413

INFO:root:  Error lógico corregido en patrón 420

INFO:root:  Error lógico corregido en patrón 426

INFO:root:  Error lógico corregido en patrón 433

INFO:root:  Error lógico corregido en patrón 438

INFO:root:  Error lógico corregido en patrón 444

INFO:root:  Error lógico corregido en patrón 445

INFO:root:  Error lógico corregido en patrón 451

INFO:root:  Error lógico corregido en patrón 461

INFO:root:  Error lógico corregido en patrón 490

INFO:root:  Error lógico corregido en patrón 493

INFO:root:Saving results to DynamoDB for id_nmc_batch: nmc_144_0c003_1, id_arguments: BP_36

INFO:root:Checking if table 'results_dynamodb' exists...

INFO:root:Table 'results_dynamodb' already exists.

INFO:root:Results saved to DynamoDB for id_nmc_batch: nmc_144_0c003_1

(λ: args_worker) RequestId: 7da7e466-22a0-4647-ae34-3de0a6b88777  Duration: 3907.66 ms  Billed Duration: 3908 ms
INFO:root:[OFFLINE] Lambda invoked successfully. HTTP code: 200

INFO:root:nmc_worker invoked with response: {'status': 'invoked'}
INFO:root:Invoking args_worker with event: {'id_nmc_batch': 'nmc_144_0c003_1', 'number_of_args_combinations_batches': 72, 'id_batch_arguments': 36}
INFO:root:[OFFLINE] Invoking lambda 'args_worker' at http://localhost:3000/dev/args_worker with payload: {'id_nmc_batch': 'nmc_144_0c003_1', 'number_of_args_combinations_batches': 72, 'id_batch_arguments': 37}



POST /dev/args_worker (λ: args_worker)
INFO:root:Event received in args_worker lambda_handler

INFO:root:codeConfig: 144, p: 0.003

INFO:root:Config with codeConfig 144 loaded

INFO:root:Bivariate bicycle code created

INFO:root:Circuit built

INFO:root:Detector error model built

INFO:root:Detector error model converted to check matrices

INFO:root:Successfully retrieved 1 arguments for id_batch_arguments: 37

INFO:root:Args variables loaded from DynamoDB

[32minfo[39m: um-cloud-data/detectors_observables/code_144/p_0c003/batch_1.json 200 1ms 3.12mb
INFO:root:Samples loaded from S3.

INFO:root:Downloading automorphism from S3: automorphisms/0.003/auto_37/data.pkl

[32minfo[39m: tum-cloud-data/automorphisms/0.003/auto_37/data.pkl 200 3ms 69.48mb
[32minfo[39m: um-cloud-data/automorphisms/0.003/auto_37/data.pkl 206 42ms 5.48mb
[32minfo[39m: um-cloud-data/automorphisms/0.003/auto_37/data.pkl 206 55ms 8mb
[32minfo[39m: um-cloud-data/automorphisms/0.003/auto_37/data.pkl 206 55ms 8mb
[32minfo[39m: um-cloud-data/automorphisms/0.003/auto_37/data.pkl 206 55ms 8mb
[32minfo[39m: um-cloud-data/automorphisms/0.003/auto_37/data.pkl 206 57ms 8mb
[32minfo[39m: um-cloud-data/automorphisms/0.003/auto_37/data.pkl 206 53ms 8mb
[32minfo[39m: um-cloud-data/automorphisms/0.003/auto_37/data.pkl 206 55ms 8mb
[32minfo[39m: um-cloud-data/automorphisms/0.003/auto_37/data.pkl 206 58ms 8mb
[32minfo[39m: um-cloud-data/automorphisms/0.003/auto_37/data.pkl 206 58ms 8mb
INFO:root:BP decoder initialized

INFO:root:Running 500 Monte Carlo trials

INFO:root:  Error lógico corregido en patrón 19

INFO:root:  Error lógico corregido en patrón 36

INFO:root:  Error lógico corregido en patrón 37

INFO:root:  Error lógico corregido en patrón 45

INFO:root:  Error lógico corregido en patrón 47

INFO:root:  Error lógico corregido en patrón 58

INFO:root:  Error lógico corregido en patrón 63

INFO:root:  Error lógico corregido en patrón 68

INFO:root:  Error lógico corregido en patrón 70

INFO:root:  Error lógico corregido en patrón 82

INFO:root:  Error lógico corregido en patrón 85

INFO:root:  Error lógico corregido en patrón 88

INFO:root:  Error lógico corregido en patrón 93

INFO:root:  Error lógico corregido en patrón 107

INFO:root:  Error lógico corregido en patrón 116

INFO:root:  Error lógico corregido en patrón 118

INFO:root:  Error lógico corregido en patrón 135

INFO:root:  Error lógico corregido en patrón 146

INFO:root:  Error lógico corregido en patrón 150

INFO:root:  Error lógico corregido en patrón 159

INFO:root:  Error lógico corregido en patrón 161

INFO:root:  Error lógico corregido en patrón 166

INFO:root:  Error lógico corregido en patrón 170

INFO:root:  Error lógico corregido en patrón 184

INFO:root:  Error lógico corregido en patrón 203

INFO:root:  Error lógico corregido en patrón 212

INFO:root:  Error lógico corregido en patrón 214

INFO:root:  Error lógico corregido en patrón 220

INFO:root:  Error lógico corregido en patrón 221

INFO:root:  Error lógico corregido en patrón 223

INFO:root:  Error lógico corregido en patrón 240

INFO:root:  Error lógico corregido en patrón 241

INFO:root:  Error lógico corregido en patrón 248

INFO:root:  Error lógico corregido en patrón 262

INFO:root:  Error lógico corregido en patrón 275

INFO:root:  Error lógico corregido en patrón 301

INFO:root:  Error lógico corregido en patrón 311

INFO:root:  Error lógico corregido en patrón 339

INFO:root:  Error lógico corregido en patrón 344

INFO:root:  Error lógico corregido en patrón 352

INFO:root:  Error lógico corregido en patrón 355

INFO:root:  Error lógico corregido en patrón 357

INFO:root:  Error lógico corregido en patrón 381

INFO:root:  Error lógico corregido en patrón 382

INFO:root:  Error lógico corregido en patrón 403

INFO:root:  Error lógico corregido en patrón 406

INFO:root:  Error lógico corregido en patrón 408

INFO:root:  Error lógico corregido en patrón 413

INFO:root:  Error lógico corregido en patrón 420

INFO:root:  Error lógico corregido en patrón 426

INFO:root:  Error lógico corregido en patrón 433

INFO:root:  Error lógico corregido en patrón 438

INFO:root:  Error lógico corregido en patrón 444

INFO:root:  Error lógico corregido en patrón 445

INFO:root:  Error lógico corregido en patrón 451

INFO:root:  Error lógico corregido en patrón 461

INFO:root:  Error lógico corregido en patrón 490

INFO:root:  Error lógico corregido en patrón 493

INFO:root:Saving results to DynamoDB for id_nmc_batch: nmc_144_0c003_1, id_arguments: BP_37

INFO:root:Checking if table 'results_dynamodb' exists...

INFO:root:Table 'results_dynamodb' already exists.

INFO:root:Results saved to DynamoDB for id_nmc_batch: nmc_144_0c003_1

(λ: args_worker) RequestId: fe36a973-3e69-49c8-b07a-ae4cc790163a  Duration: 3888.81 ms  Billed Duration: 3889 ms
INFO:root:[OFFLINE] Lambda invoked successfully. HTTP code: 200
INFO:root:nmc_worker invoked with response: {'status': 'invoked'}
INFO:root:Invoking args_worker with event: {'id_nmc_batch': 'nmc_144_0c003_1', 'number_of_args_combinations_batches': 72, 'id_batch_arguments': 37}
INFO:root:[OFFLINE] Invoking lambda 'args_worker' at http://localhost:3000/dev/args_worker with payload: {'id_nmc_batch': 'nmc_144_0c003_1', 'number_of_args_combinations_batches': 72, 'id_batch_arguments': 38}



POST /dev/args_worker (λ: args_worker)
INFO:root:Event received in args_worker lambda_handler

INFO:root:codeConfig: 144, p: 0.003

INFO:root:Config with codeConfig 144 loaded

INFO:root:Bivariate bicycle code created

INFO:root:Circuit built

INFO:root:Detector error model built

INFO:root:Detector error model converted to check matrices

INFO:root:Successfully retrieved 1 arguments for id_batch_arguments: 38

INFO:root:Args variables loaded from DynamoDB

[32minfo[39m: um-cloud-data/detectors_observables/code_144/p_0c003/batch_1.json 200 2ms 3.12mb
INFO:root:Samples loaded from S3.

INFO:root:Downloading automorphism from S3: automorphisms/0.003/auto_38/data.pkl

[32minfo[39m: tum-cloud-data/automorphisms/0.003/auto_38/data.pkl 200 3ms 69.48mb
[32minfo[39m: um-cloud-data/automorphisms/0.003/auto_38/data.pkl 206 30ms 5.48mb
[32minfo[39m: um-cloud-data/automorphisms/0.003/auto_38/data.pkl 206 43ms 8mb
[32minfo[39m: um-cloud-data/automorphisms/0.003/auto_38/data.pkl 206 42ms 8mb
[32minfo[39m: um-cloud-data/automorphisms/0.003/auto_38/data.pkl 206 47ms 8mb
[32minfo[39m: um-cloud-data/automorphisms/0.003/auto_38/data.pkl 206 45ms 8mb
[32minfo[39m: um-cloud-data/automorphisms/0.003/auto_38/data.pkl 206 49ms 8mb
[32minfo[39m: um-cloud-data/automorphisms/0.003/auto_38/data.pkl 206 51ms 8mb
[32minfo[39m: um-cloud-data/automorphisms/0.003/auto_38/data.pkl 206 50ms 8mb
[32minfo[39m: um-cloud-data/automorphisms/0.003/auto_38/data.pkl 206 43ms 8mb
INFO:root:BP decoder initialized

INFO:root:Running 500 Monte Carlo trials

INFO:root:  Error lógico corregido en patrón 19

INFO:root:  Error lógico corregido en patrón 36

INFO:root:  Error lógico corregido en patrón 37

INFO:root:  Error lógico corregido en patrón 45

INFO:root:  Error lógico corregido en patrón 47

INFO:root:  Error lógico corregido en patrón 48

INFO:root:  Error lógico corregido en patrón 58

INFO:root:  Error lógico corregido en patrón 63

INFO:root:  Error lógico corregido en patrón 68

INFO:root:  Error lógico corregido en patrón 70

INFO:root:  Error lógico corregido en patrón 82

INFO:root:  Error lógico corregido en patrón 85

INFO:root:  Error lógico corregido en patrón 88

INFO:root:  Error lógico corregido en patrón 93

INFO:root:  Error lógico corregido en patrón 107

INFO:root:  Error lógico corregido en patrón 116

INFO:root:  Error lógico corregido en patrón 118

INFO:root:  Error lógico corregido en patrón 135

INFO:root:  Error lógico corregido en patrón 146

INFO:root:  Error lógico corregido en patrón 159

INFO:root:  Error lógico corregido en patrón 161

INFO:root:  Error lógico corregido en patrón 166

INFO:root:  Error lógico corregido en patrón 170

INFO:root:  Error lógico corregido en patrón 184

INFO:root:  Error lógico corregido en patrón 203

INFO:root:  Error lógico corregido en patrón 212

INFO:root:  Error lógico corregido en patrón 214

INFO:root:  Error lógico corregido en patrón 220

INFO:root:  Error lógico corregido en patrón 221

INFO:root:  Error lógico corregido en patrón 223

INFO:root:  Error lógico corregido en patrón 240

INFO:root:  Error lógico corregido en patrón 241

INFO:root:  Error lógico corregido en patrón 248

INFO:root:  Error lógico corregido en patrón 262

INFO:root:  Error lógico corregido en patrón 275

INFO:root:  Error lógico corregido en patrón 301

INFO:root:  Error lógico corregido en patrón 311

INFO:root:  Error lógico corregido en patrón 339

INFO:root:  Error lógico corregido en patrón 344

INFO:root:  Error lógico corregido en patrón 352

INFO:root:  Error lógico corregido en patrón 355

INFO:root:  Error lógico corregido en patrón 357

INFO:root:  Error lógico corregido en patrón 381

INFO:root:  Error lógico corregido en patrón 382

INFO:root:  Error lógico corregido en patrón 403

INFO:root:  Error lógico corregido en patrón 406

INFO:root:  Error lógico corregido en patrón 408

INFO:root:  Error lógico corregido en patrón 413

INFO:root:  Error lógico corregido en patrón 420

INFO:root:  Error lógico corregido en patrón 426

INFO:root:  Error lógico corregido en patrón 433

INFO:root:  Error lógico corregido en patrón 438

INFO:root:  Error lógico corregido en patrón 444

INFO:root:  Error lógico corregido en patrón 445

INFO:root:  Error lógico corregido en patrón 451

INFO:root:  Error lógico corregido en patrón 461

INFO:root:  Error lógico corregido en patrón 490

INFO:root:  Error lógico corregido en patrón 493

INFO:root:Saving results to DynamoDB for id_nmc_batch: nmc_144_0c003_1, id_arguments: BP_38

INFO:root:Checking if table 'results_dynamodb' exists...

INFO:root:Table 'results_dynamodb' already exists.

INFO:root:Results saved to DynamoDB for id_nmc_batch: nmc_144_0c003_1

(λ: args_worker) RequestId: c9ccc465-0ab5-4001-bd4a-7ec202b83c84  Duration: 3901.27 ms  Billed Duration: 3902 ms
INFO:root:[OFFLINE] Lambda invoked successfully. HTTP code: 200

INFO:root:nmc_worker invoked with response: {'status': 'invoked'}
INFO:root:Invoking args_worker with event: {'id_nmc_batch': 'nmc_144_0c003_1', 'number_of_args_combinations_batches': 72, 'id_batch_arguments': 38}
INFO:root:[OFFLINE] Invoking lambda 'args_worker' at http://localhost:3000/dev/args_worker with payload: {'id_nmc_batch': 'nmc_144_0c003_1', 'number_of_args_combinations_batches': 72, 'id_batch_arguments': 39}



POST /dev/args_worker (λ: args_worker)
INFO:root:Event received in args_worker lambda_handler

INFO:root:codeConfig: 144, p: 0.003

INFO:root:Config with codeConfig 144 loaded

INFO:root:Bivariate bicycle code created

INFO:root:Circuit built

INFO:root:Detector error model built

INFO:root:Detector error model converted to check matrices

INFO:root:Successfully retrieved 1 arguments for id_batch_arguments: 39

INFO:root:Args variables loaded from DynamoDB

[32minfo[39m: um-cloud-data/detectors_observables/code_144/p_0c003/batch_1.json 200 2ms 3.12mb
INFO:root:Samples loaded from S3.

INFO:root:Downloading automorphism from S3: automorphisms/0.003/auto_39/data.pkl

[32minfo[39m: tum-cloud-data/automorphisms/0.003/auto_39/data.pkl 200 4ms 69.48mb
[32minfo[39m: um-cloud-data/automorphisms/0.003/auto_39/data.pkl 206 44ms 5.48mb
[32minfo[39m: um-cloud-data/automorphisms/0.003/auto_39/data.pkl 206 49ms 8mb
[32minfo[39m: um-cloud-data/automorphisms/0.003/auto_39/data.pkl 206 52ms 8mb
[32minfo[39m: um-cloud-data/automorphisms/0.003/auto_39/data.pkl 206 55ms 8mb
[32minfo[39m: um-cloud-data/automorphisms/0.003/auto_39/data.pkl 206 56ms 8mb
[32minfo[39m: um-cloud-data/automorphisms/0.003/auto_39/data.pkl 206 54ms 8mb
[32minfo[39m: um-cloud-data/automorphisms/0.003/auto_39/data.pkl 206 56ms 8mb
[32minfo[39m: um-cloud-data/automorphisms/0.003/auto_39/data.pkl 206 53ms 8mb
[32minfo[39m: um-cloud-data/automorphisms/0.003/auto_39/data.pkl 206 56ms 8mb
INFO:root:BP decoder initialized

INFO:root:Running 500 Monte Carlo trials

INFO:root:  Error lógico corregido en patrón 19

INFO:root:  Error lógico corregido en patrón 36

INFO:root:  Error lógico corregido en patrón 37

INFO:root:  Error lógico corregido en patrón 45

INFO:root:  Error lógico corregido en patrón 47

INFO:root:  Error lógico corregido en patrón 48

INFO:root:  Error lógico corregido en patrón 58

INFO:root:  Error lógico corregido en patrón 63

INFO:root:  Error lógico corregido en patrón 68

INFO:root:  Error lógico corregido en patrón 70

INFO:root:  Error lógico corregido en patrón 82

INFO:root:  Error lógico corregido en patrón 85

INFO:root:  Error lógico corregido en patrón 88

INFO:root:  Error lógico corregido en patrón 93

INFO:root:  Error lógico corregido en patrón 107

INFO:root:  Error lógico corregido en patrón 116

INFO:root:  Error lógico corregido en patrón 118

INFO:root:  Error lógico corregido en patrón 135

INFO:root:  Error lógico corregido en patrón 146

INFO:root:  Error lógico corregido en patrón 159

INFO:root:  Error lógico corregido en patrón 161

INFO:root:  Error lógico corregido en patrón 166

INFO:root:  Error lógico corregido en patrón 170

INFO:root:  Error lógico corregido en patrón 184

INFO:root:  Error lógico corregido en patrón 203

INFO:root:  Error lógico corregido en patrón 212

INFO:root:  Error lógico corregido en patrón 214

INFO:root:  Error lógico corregido en patrón 220

INFO:root:  Error lógico corregido en patrón 221

INFO:root:  Error lógico corregido en patrón 223

INFO:root:  Error lógico corregido en patrón 241

INFO:root:  Error lógico corregido en patrón 248

INFO:root:  Error lógico corregido en patrón 262

INFO:root:  Error lógico corregido en patrón 275

INFO:root:  Error lógico corregido en patrón 301

INFO:root:  Error lógico corregido en patrón 311

INFO:root:  Error lógico corregido en patrón 339

INFO:root:  Error lógico corregido en patrón 344

INFO:root:  Error lógico corregido en patrón 352

INFO:root:  Error lógico corregido en patrón 355

INFO:root:  Error lógico corregido en patrón 357

INFO:root:  Error lógico corregido en patrón 381

INFO:root:  Error lógico corregido en patrón 382

INFO:root:  Error lógico corregido en patrón 403

INFO:root:  Error lógico corregido en patrón 406

INFO:root:  Error lógico corregido en patrón 408

INFO:root:  Error lógico corregido en patrón 413

INFO:root:  Error lógico corregido en patrón 420

INFO:root:  Error lógico corregido en patrón 426

INFO:root:  Error lógico corregido en patrón 433

INFO:root:  Error lógico corregido en patrón 438

INFO:root:  Error lógico corregido en patrón 444

INFO:root:  Error lógico corregido en patrón 445

INFO:root:  Error lógico corregido en patrón 451

INFO:root:  Error lógico corregido en patrón 461

INFO:root:  Error lógico corregido en patrón 490

INFO:root:  Error lógico corregido en patrón 493

INFO:root:Saving results to DynamoDB for id_nmc_batch: nmc_144_0c003_1, id_arguments: BP_39

INFO:root:Checking if table 'results_dynamodb' exists...

INFO:root:Table 'results_dynamodb' already exists.

INFO:root:Results saved to DynamoDB for id_nmc_batch: nmc_144_0c003_1

(λ: args_worker) RequestId: 4175114c-bb99-4717-bc21-713c9ccf818d  Duration: 3737.14 ms  Billed Duration: 3738 ms
INFO:root:[OFFLINE] Lambda invoked successfully. HTTP code: 200

INFO:root:nmc_worker invoked with response: {'status': 'invoked'}
INFO:root:Invoking args_worker with event: {'id_nmc_batch': 'nmc_144_0c003_1', 'number_of_args_combinations_batches': 72, 'id_batch_arguments': 39}
INFO:root:[OFFLINE] Invoking lambda 'args_worker' at http://localhost:3000/dev/args_worker with payload: {'id_nmc_batch': 'nmc_144_0c003_1', 'number_of_args_combinations_batches': 72, 'id_batch_arguments': 40}



POST /dev/args_worker (λ: args_worker)
INFO:root:Event received in args_worker lambda_handler

INFO:root:codeConfig: 144, p: 0.003

INFO:root:Config with codeConfig 144 loaded

INFO:root:Bivariate bicycle code created

INFO:root:Circuit built

INFO:root:Detector error model built

INFO:root:Detector error model converted to check matrices

INFO:root:Successfully retrieved 1 arguments for id_batch_arguments: 40

INFO:root:Args variables loaded from DynamoDB

[32minfo[39m: um-cloud-data/detectors_observables/code_144/p_0c003/batch_1.json 200 2ms 3.12mb
INFO:root:Samples loaded from S3.

INFO:root:Downloading automorphism from S3: automorphisms/0.003/auto_40/data.pkl

[32minfo[39m: tum-cloud-data/automorphisms/0.003/auto_40/data.pkl 200 2ms 69.48mb
[32minfo[39m: um-cloud-data/automorphisms/0.003/auto_40/data.pkl 206 28ms 5.48mb
[32minfo[39m: um-cloud-data/automorphisms/0.003/auto_40/data.pkl 206 39ms 8mb
[32minfo[39m: um-cloud-data/automorphisms/0.003/auto_40/data.pkl 206 43ms 8mb
[32minfo[39m: um-cloud-data/automorphisms/0.003/auto_40/data.pkl 206 43ms 8mb
[32minfo[39m: um-cloud-data/automorphisms/0.003/auto_40/data.pkl 206 42ms 8mb
[32minfo[39m: um-cloud-data/automorphisms/0.003/auto_40/data.pkl 206 42ms 8mb
[32minfo[39m: um-cloud-data/automorphisms/0.003/auto_40/data.pkl 206 44ms 8mb
[32minfo[39m: um-cloud-data/automorphisms/0.003/auto_40/data.pkl 206 44ms 8mb
[32minfo[39m: um-cloud-data/automorphisms/0.003/auto_40/data.pkl 206 44ms 8mb
INFO:root:BP decoder initialized

INFO:root:Running 500 Monte Carlo trials

INFO:root:  Error lógico corregido en patrón 19

INFO:root:  Error lógico corregido en patrón 36

INFO:root:  Error lógico corregido en patrón 37

INFO:root:  Error lógico corregido en patrón 45

INFO:root:  Error lógico corregido en patrón 47

INFO:root:  Error lógico corregido en patrón 58

INFO:root:  Error lógico corregido en patrón 63

INFO:root:  Error lógico corregido en patrón 68

INFO:root:  Error lógico corregido en patrón 70

INFO:root:  Error lógico corregido en patrón 82

INFO:root:  Error lógico corregido en patrón 85

INFO:root:  Error lógico corregido en patrón 88

INFO:root:  Error lógico corregido en patrón 93

INFO:root:  Error lógico corregido en patrón 107

INFO:root:  Error lógico corregido en patrón 116

INFO:root:  Error lógico corregido en patrón 118

INFO:root:  Error lógico corregido en patrón 135

INFO:root:  Error lógico corregido en patrón 146

INFO:root:  Error lógico corregido en patrón 150

INFO:root:  Error lógico corregido en patrón 159

INFO:root:  Error lógico corregido en patrón 161

INFO:root:  Error lógico corregido en patrón 166

INFO:root:  Error lógico corregido en patrón 170

INFO:root:  Error lógico corregido en patrón 184

INFO:root:  Error lógico corregido en patrón 203

INFO:root:  Error lógico corregido en patrón 212

INFO:root:  Error lógico corregido en patrón 214

INFO:root:  Error lógico corregido en patrón 220

INFO:root:  Error lógico corregido en patrón 221

INFO:root:  Error lógico corregido en patrón 223

INFO:root:  Error lógico corregido en patrón 241

INFO:root:  Error lógico corregido en patrón 248

INFO:root:  Error lógico corregido en patrón 262

INFO:root:  Error lógico corregido en patrón 275

INFO:root:  Error lógico corregido en patrón 301

INFO:root:  Error lógico corregido en patrón 311

INFO:root:  Error lógico corregido en patrón 339

INFO:root:  Error lógico corregido en patrón 344

INFO:root:  Error lógico corregido en patrón 352

INFO:root:  Error lógico corregido en patrón 355

INFO:root:  Error lógico corregido en patrón 357

INFO:root:  Error lógico corregido en patrón 381

INFO:root:  Error lógico corregido en patrón 382

INFO:root:  Error lógico corregido en patrón 403

INFO:root:  Error lógico corregido en patrón 406

INFO:root:  Error lógico corregido en patrón 408

INFO:root:  Error lógico corregido en patrón 413

INFO:root:  Error lógico corregido en patrón 420

INFO:root:  Error lógico corregido en patrón 426

INFO:root:  Error lógico corregido en patrón 433

INFO:root:  Error lógico corregido en patrón 438

INFO:root:  Error lógico corregido en patrón 444

INFO:root:  Error lógico corregido en patrón 445

INFO:root:  Error lógico corregido en patrón 451

INFO:root:  Error lógico corregido en patrón 461

INFO:root:  Error lógico corregido en patrón 490

INFO:root:  Error lógico corregido en patrón 493

INFO:root:Saving results to DynamoDB for id_nmc_batch: nmc_144_0c003_1, id_arguments: BP_40

INFO:root:Checking if table 'results_dynamodb' exists...

INFO:root:Table 'results_dynamodb' already exists.

INFO:root:Results saved to DynamoDB for id_nmc_batch: nmc_144_0c003_1

(λ: args_worker) RequestId: 68abe6ab-b7e0-4323-8940-4eef089fc394  Duration: 3685.26 ms  Billed Duration: 3686 ms
INFO:root:[OFFLINE] Lambda invoked successfully. HTTP code: 200

INFO:root:nmc_worker invoked with response: {'status': 'invoked'}
INFO:root:Invoking args_worker with event: {'id_nmc_batch': 'nmc_144_0c003_1', 'number_of_args_combinations_batches': 72, 'id_batch_arguments': 40}
INFO:root:[OFFLINE] Invoking lambda 'args_worker' at http://localhost:3000/dev/args_worker with payload: {'id_nmc_batch': 'nmc_144_0c003_1', 'number_of_args_combinations_batches': 72, 'id_batch_arguments': 41}



POST /dev/args_worker (λ: args_worker)
INFO:root:Event received in args_worker lambda_handler

INFO:root:codeConfig: 144, p: 0.003

INFO:root:Config with codeConfig 144 loaded

INFO:root:Bivariate bicycle code created

INFO:root:Circuit built

INFO:root:Detector error model built

INFO:root:Detector error model converted to check matrices

INFO:root:Successfully retrieved 1 arguments for id_batch_arguments: 41

INFO:root:Args variables loaded from DynamoDB

[32minfo[39m: um-cloud-data/detectors_observables/code_144/p_0c003/batch_1.json 200 2ms 3.12mb
INFO:root:Samples loaded from S3.

INFO:root:Downloading automorphism from S3: automorphisms/0.003/auto_41/data.pkl

[32minfo[39m: tum-cloud-data/automorphisms/0.003/auto_41/data.pkl 200 4ms 69.48mb
[32minfo[39m: um-cloud-data/automorphisms/0.003/auto_41/data.pkl 206 45ms 8mb
[32minfo[39m: um-cloud-data/automorphisms/0.003/auto_41/data.pkl 206 47ms 8mb
[32minfo[39m: um-cloud-data/automorphisms/0.003/auto_41/data.pkl 206 47ms 5.48mb
[32minfo[39m: um-cloud-data/automorphisms/0.003/auto_41/data.pkl 206 52ms 8mb
[32minfo[39m: um-cloud-data/automorphisms/0.003/auto_41/data.pkl 206 53ms 8mb
[32minfo[39m: um-cloud-data/automorphisms/0.003/auto_41/data.pkl 206 56ms 8mb
[32minfo[39m: um-cloud-data/automorphisms/0.003/auto_41/data.pkl 206 55ms 8mb
[32minfo[39m: um-cloud-data/automorphisms/0.003/auto_41/data.pkl 206 55ms 8mb
[32minfo[39m: um-cloud-data/automorphisms/0.003/auto_41/data.pkl 206 55ms 8mb
INFO:root:BP decoder initialized

INFO:root:Running 500 Monte Carlo trials

INFO:root:  Error lógico corregido en patrón 19

INFO:root:  Error lógico corregido en patrón 36

INFO:root:  Error lógico corregido en patrón 37

INFO:root:  Error lógico corregido en patrón 45

INFO:root:  Error lógico corregido en patrón 47

INFO:root:  Error lógico corregido en patrón 48

INFO:root:  Error lógico corregido en patrón 58

INFO:root:  Error lógico corregido en patrón 63

INFO:root:  Error lógico corregido en patrón 68

INFO:root:  Error lógico corregido en patrón 70

INFO:root:  Error lógico corregido en patrón 82

INFO:root:  Error lógico corregido en patrón 85

INFO:root:  Error lógico corregido en patrón 88

INFO:root:  Error lógico corregido en patrón 93

INFO:root:  Error lógico corregido en patrón 107

INFO:root:  Error lógico corregido en patrón 116

INFO:root:  Error lógico corregido en patrón 118

INFO:root:  Error lógico corregido en patrón 135

INFO:root:  Error lógico corregido en patrón 146

INFO:root:  Error lógico corregido en patrón 150

INFO:root:  Error lógico corregido en patrón 159

INFO:root:  Error lógico corregido en patrón 161

INFO:root:  Error lógico corregido en patrón 166

INFO:root:  Error lógico corregido en patrón 170

INFO:root:  Error lógico corregido en patrón 184

INFO:root:  Error lógico corregido en patrón 203

INFO:root:  Error lógico corregido en patrón 212

INFO:root:  Error lógico corregido en patrón 214

INFO:root:  Error lógico corregido en patrón 220

INFO:root:  Error lógico corregido en patrón 221

INFO:root:  Error lógico corregido en patrón 223

INFO:root:  Error lógico corregido en patrón 240

INFO:root:  Error lógico corregido en patrón 241

INFO:root:  Error lógico corregido en patrón 248

INFO:root:  Error lógico corregido en patrón 262

INFO:root:  Error lógico corregido en patrón 275

INFO:root:  Error lógico corregido en patrón 301

INFO:root:  Error lógico corregido en patrón 311

INFO:root:  Error lógico corregido en patrón 339

INFO:root:  Error lógico corregido en patrón 344

INFO:root:  Error lógico corregido en patrón 352

INFO:root:  Error lógico corregido en patrón 355

INFO:root:  Error lógico corregido en patrón 357

INFO:root:  Error lógico corregido en patrón 381

INFO:root:  Error lógico corregido en patrón 382

INFO:root:  Error lógico corregido en patrón 403

INFO:root:  Error lógico corregido en patrón 406

INFO:root:  Error lógico corregido en patrón 408

INFO:root:  Error lógico corregido en patrón 413

INFO:root:  Error lógico corregido en patrón 420

INFO:root:  Error lógico corregido en patrón 426

INFO:root:  Error lógico corregido en patrón 433

INFO:root:  Error lógico corregido en patrón 438

INFO:root:  Error lógico corregido en patrón 444

INFO:root:  Error lógico corregido en patrón 445

INFO:root:  Error lógico corregido en patrón 451

INFO:root:  Error lógico corregido en patrón 461

INFO:root:  Error lógico corregido en patrón 490

INFO:root:  Error lógico corregido en patrón 493

INFO:root:Saving results to DynamoDB for id_nmc_batch: nmc_144_0c003_1, id_arguments: BP_41

INFO:root:Checking if table 'results_dynamodb' exists...

INFO:root:Table 'results_dynamodb' already exists.

INFO:root:Results saved to DynamoDB for id_nmc_batch: nmc_144_0c003_1

(λ: args_worker) RequestId: acacfd5a-4944-4a94-b4d0-84ff8baa5236  Duration: 3720.29 ms  Billed Duration: 3721 ms
INFO:root:[OFFLINE] Lambda invoked successfully. HTTP code: 200

INFO:root:nmc_worker invoked with response: {'status': 'invoked'}
INFO:root:Invoking args_worker with event: {'id_nmc_batch': 'nmc_144_0c003_1', 'number_of_args_combinations_batches': 72, 'id_batch_arguments': 41}
INFO:root:[OFFLINE] Invoking lambda 'args_worker' at http://localhost:3000/dev/args_worker with payload: {'id_nmc_batch': 'nmc_144_0c003_1', 'number_of_args_combinations_batches': 72, 'id_batch_arguments': 42}



POST /dev/args_worker (λ: args_worker)
INFO:root:Event received in args_worker lambda_handler

INFO:root:codeConfig: 144, p: 0.003

INFO:root:Config with codeConfig 144 loaded

INFO:root:Bivariate bicycle code created

INFO:root:Circuit built

INFO:root:Detector error model built

INFO:root:Detector error model converted to check matrices

INFO:root:Successfully retrieved 1 arguments for id_batch_arguments: 42

INFO:root:Args variables loaded from DynamoDB

[32minfo[39m: um-cloud-data/detectors_observables/code_144/p_0c003/batch_1.json 200 2ms 3.12mb
INFO:root:Samples loaded from S3.

INFO:root:Downloading automorphism from S3: automorphisms/0.003/auto_42/data.pkl

[32minfo[39m: tum-cloud-data/automorphisms/0.003/auto_42/data.pkl 200 4ms 69.48mb
[32minfo[39m: um-cloud-data/automorphisms/0.003/auto_42/data.pkl 206 32ms 5.48mb
[32minfo[39m: um-cloud-data/automorphisms/0.003/auto_42/data.pkl 206 62ms 8mb
[32minfo[39m: um-cloud-data/automorphisms/0.003/auto_42/data.pkl 206 62ms 8mb
[32minfo[39m: um-cloud-data/automorphisms/0.003/auto_42/data.pkl 206 63ms 8mb
[32minfo[39m: um-cloud-data/automorphisms/0.003/auto_42/data.pkl 206 63ms 8mb
[32minfo[39m: um-cloud-data/automorphisms/0.003/auto_42/data.pkl 206 67ms 8mb
[32minfo[39m: um-cloud-data/automorphisms/0.003/auto_42/data.pkl 206 60ms 8mb
[32minfo[39m: um-cloud-data/automorphisms/0.003/auto_42/data.pkl 206 60ms 8mb
[32minfo[39m: um-cloud-data/automorphisms/0.003/auto_42/data.pkl 206 59ms 8mb
INFO:root:BP decoder initialized

INFO:root:Running 500 Monte Carlo trials

INFO:root:  Error lógico corregido en patrón 19

INFO:root:  Error lógico corregido en patrón 36

INFO:root:  Error lógico corregido en patrón 37

INFO:root:  Error lógico corregido en patrón 45

INFO:root:  Error lógico corregido en patrón 47

INFO:root:  Error lógico corregido en patrón 48

INFO:root:  Error lógico corregido en patrón 58

INFO:root:  Error lógico corregido en patrón 63

INFO:root:  Error lógico corregido en patrón 68

INFO:root:  Error lógico corregido en patrón 70

INFO:root:  Error lógico corregido en patrón 82

INFO:root:  Error lógico corregido en patrón 85

INFO:root:  Error lógico corregido en patrón 88

INFO:root:  Error lógico corregido en patrón 93

INFO:root:  Error lógico corregido en patrón 107

INFO:root:  Error lógico corregido en patrón 116

INFO:root:  Error lógico corregido en patrón 118

INFO:root:  Error lógico corregido en patrón 135

INFO:root:  Error lógico corregido en patrón 146

INFO:root:  Error lógico corregido en patrón 150

INFO:root:  Error lógico corregido en patrón 159

INFO:root:  Error lógico corregido en patrón 161

INFO:root:  Error lógico corregido en patrón 166

INFO:root:  Error lógico corregido en patrón 170

INFO:root:  Error lógico corregido en patrón 184

INFO:root:  Error lógico corregido en patrón 203

INFO:root:  Error lógico corregido en patrón 212

INFO:root:  Error lógico corregido en patrón 214

INFO:root:  Error lógico corregido en patrón 220

INFO:root:  Error lógico corregido en patrón 221

INFO:root:  Error lógico corregido en patrón 223

INFO:root:  Error lógico corregido en patrón 240

INFO:root:  Error lógico corregido en patrón 241

INFO:root:  Error lógico corregido en patrón 248

INFO:root:  Error lógico corregido en patrón 262

INFO:root:  Error lógico corregido en patrón 275

INFO:root:  Error lógico corregido en patrón 301

INFO:root:  Error lógico corregido en patrón 311

INFO:root:  Error lógico corregido en patrón 339

INFO:root:  Error lógico corregido en patrón 344

INFO:root:  Error lógico corregido en patrón 352

INFO:root:  Error lógico corregido en patrón 355

INFO:root:  Error lógico corregido en patrón 357

INFO:root:  Error lógico corregido en patrón 381

INFO:root:  Error lógico corregido en patrón 382

INFO:root:  Error lógico corregido en patrón 403

INFO:root:  Error lógico corregido en patrón 406

INFO:root:  Error lógico corregido en patrón 408

INFO:root:  Error lógico corregido en patrón 413

INFO:root:  Error lógico corregido en patrón 420

INFO:root:  Error lógico corregido en patrón 426

INFO:root:  Error lógico corregido en patrón 433

INFO:root:  Error lógico corregido en patrón 438

INFO:root:  Error lógico corregido en patrón 444

INFO:root:  Error lógico corregido en patrón 445

INFO:root:  Error lógico corregido en patrón 451

INFO:root:  Error lógico corregido en patrón 461

INFO:root:  Error lógico corregido en patrón 490

INFO:root:  Error lógico corregido en patrón 493

INFO:root:Saving results to DynamoDB for id_nmc_batch: nmc_144_0c003_1, id_arguments: BP_42

INFO:root:Checking if table 'results_dynamodb' exists...

INFO:root:Table 'results_dynamodb' already exists.

INFO:root:Results saved to DynamoDB for id_nmc_batch: nmc_144_0c003_1

(λ: args_worker) RequestId: fdf45caa-cc75-4858-b53a-bfadd0836764  Duration: 3739.36 ms  Billed Duration: 3740 ms
INFO:root:[OFFLINE] Lambda invoked successfully. HTTP code: 200

INFO:root:nmc_worker invoked with response: {'status': 'invoked'}
INFO:root:Invoking args_worker with event: {'id_nmc_batch': 'nmc_144_0c003_1', 'number_of_args_combinations_batches': 72, 'id_batch_arguments': 42}
INFO:root:[OFFLINE] Invoking lambda 'args_worker' at http://localhost:3000/dev/args_worker with payload: {'id_nmc_batch': 'nmc_144_0c003_1', 'number_of_args_combinations_batches': 72, 'id_batch_arguments': 43}



POST /dev/args_worker (λ: args_worker)
INFO:root:Event received in args_worker lambda_handler

INFO:root:codeConfig: 144, p: 0.003

INFO:root:Config with codeConfig 144 loaded

INFO:root:Bivariate bicycle code created

INFO:root:Circuit built

INFO:root:Detector error model built

INFO:root:Detector error model converted to check matrices

INFO:root:Successfully retrieved 1 arguments for id_batch_arguments: 43

INFO:root:Args variables loaded from DynamoDB

[32minfo[39m: um-cloud-data/detectors_observables/code_144/p_0c003/batch_1.json 200 2ms 3.12mb
INFO:root:Samples loaded from S3.

INFO:root:Downloading automorphism from S3: automorphisms/0.003/auto_43/data.pkl

[32minfo[39m: tum-cloud-data/automorphisms/0.003/auto_43/data.pkl 200 4ms 69.48mb
[32minfo[39m: um-cloud-data/automorphisms/0.003/auto_43/data.pkl 206 52ms 8mb
[32minfo[39m: um-cloud-data/automorphisms/0.003/auto_43/data.pkl 206 50ms 5.48mb
[32minfo[39m: um-cloud-data/automorphisms/0.003/auto_43/data.pkl 206 55ms 8mb
[32minfo[39m: um-cloud-data/automorphisms/0.003/auto_43/data.pkl 206 58ms 8mb
[32minfo[39m: um-cloud-data/automorphisms/0.003/auto_43/data.pkl 206 57ms 8mb
[32minfo[39m: um-cloud-data/automorphisms/0.003/auto_43/data.pkl 206 59ms 8mb
[32minfo[39m: um-cloud-data/automorphisms/0.003/auto_43/data.pkl 206 62ms 8mb
[32minfo[39m: um-cloud-data/automorphisms/0.003/auto_43/data.pkl 206 61ms 8mb
[32minfo[39m: um-cloud-data/automorphisms/0.003/auto_43/data.pkl 206 62ms 8mb
INFO:root:BP decoder initialized

INFO:root:Running 500 Monte Carlo trials

INFO:root:  Error lógico corregido en patrón 19

INFO:root:  Error lógico corregido en patrón 36

INFO:root:  Error lógico corregido en patrón 37

INFO:root:  Error lógico corregido en patrón 45

INFO:root:  Error lógico corregido en patrón 47

INFO:root:  Error lógico corregido en patrón 58

INFO:root:  Error lógico corregido en patrón 63

INFO:root:  Error lógico corregido en patrón 68

INFO:root:  Error lógico corregido en patrón 70

INFO:root:  Error lógico corregido en patrón 82

INFO:root:  Error lógico corregido en patrón 85

INFO:root:  Error lógico corregido en patrón 88

INFO:root:  Error lógico corregido en patrón 93

INFO:root:  Error lógico corregido en patrón 107

INFO:root:  Error lógico corregido en patrón 116

INFO:root:  Error lógico corregido en patrón 118

INFO:root:  Error lógico corregido en patrón 135

INFO:root:  Error lógico corregido en patrón 146

INFO:root:  Error lógico corregido en patrón 150

INFO:root:  Error lógico corregido en patrón 159

INFO:root:  Error lógico corregido en patrón 161

INFO:root:  Error lógico corregido en patrón 166

INFO:root:  Error lógico corregido en patrón 170

INFO:root:  Error lógico corregido en patrón 184

INFO:root:  Error lógico corregido en patrón 203

INFO:root:  Error lógico corregido en patrón 212

INFO:root:  Error lógico corregido en patrón 214

INFO:root:  Error lógico corregido en patrón 220

INFO:root:  Error lógico corregido en patrón 221

INFO:root:  Error lógico corregido en patrón 223

INFO:root:  Error lógico corregido en patrón 240

INFO:root:  Error lógico corregido en patrón 241

INFO:root:  Error lógico corregido en patrón 248

INFO:root:  Error lógico corregido en patrón 262

INFO:root:  Error lógico corregido en patrón 275

INFO:root:  Error lógico corregido en patrón 301

INFO:root:  Error lógico corregido en patrón 311

INFO:root:  Error lógico corregido en patrón 339

INFO:root:  Error lógico corregido en patrón 344

INFO:root:  Error lógico corregido en patrón 352

INFO:root:  Error lógico corregido en patrón 355

INFO:root:  Error lógico corregido en patrón 357

INFO:root:  Error lógico corregido en patrón 381

INFO:root:  Error lógico corregido en patrón 382

INFO:root:  Error lógico corregido en patrón 403

INFO:root:  Error lógico corregido en patrón 406

INFO:root:  Error lógico corregido en patrón 408

INFO:root:  Error lógico corregido en patrón 413

INFO:root:  Error lógico corregido en patrón 420

INFO:root:  Error lógico corregido en patrón 426

INFO:root:  Error lógico corregido en patrón 433

INFO:root:  Error lógico corregido en patrón 438

INFO:root:  Error lógico corregido en patrón 444

INFO:root:  Error lógico corregido en patrón 445

INFO:root:  Error lógico corregido en patrón 451

INFO:root:  Error lógico corregido en patrón 461

INFO:root:  Error lógico corregido en patrón 490

INFO:root:  Error lógico corregido en patrón 493

INFO:root:Saving results to DynamoDB for id_nmc_batch: nmc_144_0c003_1, id_arguments: BP_43

INFO:root:Checking if table 'results_dynamodb' exists...

INFO:root:Table 'results_dynamodb' already exists.

INFO:root:Results saved to DynamoDB for id_nmc_batch: nmc_144_0c003_1

(λ: args_worker) RequestId: ce5bf8ae-ce5d-4ff3-b250-325dab72a84c  Duration: 3738.62 ms  Billed Duration: 3739 ms
INFO:root:[OFFLINE] Lambda invoked successfully. HTTP code: 200

INFO:root:nmc_worker invoked with response: {'status': 'invoked'}
INFO:root:Invoking args_worker with event: {'id_nmc_batch': 'nmc_144_0c003_1', 'number_of_args_combinations_batches': 72, 'id_batch_arguments': 43}
INFO:root:[OFFLINE] Invoking lambda 'args_worker' at http://localhost:3000/dev/args_worker with payload: {'id_nmc_batch': 'nmc_144_0c003_1', 'number_of_args_combinations_batches': 72, 'id_batch_arguments': 44}



POST /dev/args_worker (λ: args_worker)
INFO:root:Event received in args_worker lambda_handler

INFO:root:codeConfig: 144, p: 0.003

INFO:root:Config with codeConfig 144 loaded

INFO:root:Bivariate bicycle code created

INFO:root:Circuit built

INFO:root:Detector error model built

INFO:root:Detector error model converted to check matrices

INFO:root:Successfully retrieved 1 arguments for id_batch_arguments: 44

INFO:root:Args variables loaded from DynamoDB

[32minfo[39m: um-cloud-data/detectors_observables/code_144/p_0c003/batch_1.json 200 3ms 3.12mb
INFO:root:Samples loaded from S3.

INFO:root:Downloading automorphism from S3: automorphisms/0.003/auto_44/data.pkl

[32minfo[39m: tum-cloud-data/automorphisms/0.003/auto_44/data.pkl 200 3ms 69.48mb
[32minfo[39m: um-cloud-data/automorphisms/0.003/auto_44/data.pkl 206 32ms 5.48mb
[32minfo[39m: um-cloud-data/automorphisms/0.003/auto_44/data.pkl 206 42ms 8mb
[32minfo[39m: um-cloud-data/automorphisms/0.003/auto_44/data.pkl 206 52ms 8mb
[32minfo[39m: um-cloud-data/automorphisms/0.003/auto_44/data.pkl 206 54ms 8mb
[32minfo[39m: um-cloud-data/automorphisms/0.003/auto_44/data.pkl 206 55ms 8mb
[32minfo[39m: um-cloud-data/automorphisms/0.003/auto_44/data.pkl 206 56ms 8mb
[32minfo[39m: um-cloud-data/automorphisms/0.003/auto_44/data.pkl 206 56ms 8mb
[32minfo[39m: um-cloud-data/automorphisms/0.003/auto_44/data.pkl 206 59ms 8mb
[32minfo[39m: um-cloud-data/automorphisms/0.003/auto_44/data.pkl 206 58ms 8mb
INFO:root:BP decoder initialized

INFO:root:Running 500 Monte Carlo trials

INFO:root:  Error lógico corregido en patrón 19

INFO:root:  Error lógico corregido en patrón 36

INFO:root:  Error lógico corregido en patrón 37

INFO:root:  Error lógico corregido en patrón 45

INFO:root:  Error lógico corregido en patrón 47

INFO:root:  Error lógico corregido en patrón 58

INFO:root:  Error lógico corregido en patrón 63

INFO:root:  Error lógico corregido en patrón 68

INFO:root:  Error lógico corregido en patrón 70

INFO:root:  Error lógico corregido en patrón 82

INFO:root:  Error lógico corregido en patrón 85

INFO:root:  Error lógico corregido en patrón 88

INFO:root:  Error lógico corregido en patrón 93

INFO:root:  Error lógico corregido en patrón 107

INFO:root:  Error lógico corregido en patrón 116

INFO:root:  Error lógico corregido en patrón 118

INFO:root:  Error lógico corregido en patrón 135

INFO:root:  Error lógico corregido en patrón 146

INFO:root:  Error lógico corregido en patrón 150

INFO:root:  Error lógico corregido en patrón 159

INFO:root:  Error lógico corregido en patrón 161

INFO:root:  Error lógico corregido en patrón 166

INFO:root:  Error lógico corregido en patrón 170

INFO:root:  Error lógico corregido en patrón 184

INFO:root:  Error lógico corregido en patrón 203

INFO:root:  Error lógico corregido en patrón 212

INFO:root:  Error lógico corregido en patrón 214

INFO:root:  Error lógico corregido en patrón 220

INFO:root:  Error lógico corregido en patrón 221

INFO:root:  Error lógico corregido en patrón 223

INFO:root:  Error lógico corregido en patrón 240

INFO:root:  Error lógico corregido en patrón 241

INFO:root:  Error lógico corregido en patrón 248

INFO:root:  Error lógico corregido en patrón 262

INFO:root:  Error lógico corregido en patrón 275

INFO:root:  Error lógico corregido en patrón 301

INFO:root:  Error lógico corregido en patrón 311

INFO:root:  Error lógico corregido en patrón 339

INFO:root:  Error lógico corregido en patrón 344

INFO:root:  Error lógico corregido en patrón 352

INFO:root:  Error lógico corregido en patrón 355

INFO:root:  Error lógico corregido en patrón 357

INFO:root:  Error lógico corregido en patrón 381

INFO:root:  Error lógico corregido en patrón 382

INFO:root:  Error lógico corregido en patrón 403

INFO:root:  Error lógico corregido en patrón 406

INFO:root:  Error lógico corregido en patrón 408

INFO:root:  Error lógico corregido en patrón 413

INFO:root:  Error lógico corregido en patrón 420

INFO:root:  Error lógico corregido en patrón 426

INFO:root:  Error lógico corregido en patrón 433

INFO:root:  Error lógico corregido en patrón 438

INFO:root:  Error lógico corregido en patrón 444

INFO:root:  Error lógico corregido en patrón 445

INFO:root:  Error lógico corregido en patrón 451

INFO:root:  Error lógico corregido en patrón 461

INFO:root:  Error lógico corregido en patrón 490

INFO:root:  Error lógico corregido en patrón 493

INFO:root:Saving results to DynamoDB for id_nmc_batch: nmc_144_0c003_1, id_arguments: BP_44

INFO:root:Checking if table 'results_dynamodb' exists...

INFO:root:Table 'results_dynamodb' already exists.

INFO:root:Results saved to DynamoDB for id_nmc_batch: nmc_144_0c003_1

(λ: args_worker) RequestId: 7624bd37-6c42-43c0-9f95-e48f2e331580  Duration: 3737.26 ms  Billed Duration: 3738 ms
INFO:root:[OFFLINE] Lambda invoked successfully. HTTP code: 200

INFO:root:nmc_worker invoked with response: {'status': 'invoked'}
INFO:root:Invoking args_worker with event: {'id_nmc_batch': 'nmc_144_0c003_1', 'number_of_args_combinations_batches': 72, 'id_batch_arguments': 44}
INFO:root:[OFFLINE] Invoking lambda 'args_worker' at http://localhost:3000/dev/args_worker with payload: {'id_nmc_batch': 'nmc_144_0c003_1', 'number_of_args_combinations_batches': 72, 'id_batch_arguments': 45}



POST /dev/args_worker (λ: args_worker)
INFO:root:Event received in args_worker lambda_handler

INFO:root:codeConfig: 144, p: 0.003

INFO:root:Config with codeConfig 144 loaded

INFO:root:Bivariate bicycle code created

INFO:root:Circuit built

INFO:root:Detector error model built

INFO:root:Detector error model converted to check matrices

INFO:root:Successfully retrieved 1 arguments for id_batch_arguments: 45

INFO:root:Args variables loaded from DynamoDB

[32minfo[39m: um-cloud-data/detectors_observables/code_144/p_0c003/batch_1.json 200 2ms 3.12mb
INFO:root:Samples loaded from S3.

INFO:root:Downloading automorphism from S3: automorphisms/0.003/auto_45/data.pkl

[32minfo[39m: tum-cloud-data/automorphisms/0.003/auto_45/data.pkl 200 3ms 69.48mb
[32minfo[39m: um-cloud-data/automorphisms/0.003/auto_45/data.pkl 206 44ms 5.48mb
[32minfo[39m: um-cloud-data/automorphisms/0.003/auto_45/data.pkl 206 57ms 8mb
[32minfo[39m: um-cloud-data/automorphisms/0.003/auto_45/data.pkl 206 59ms 8mb
[32minfo[39m: um-cloud-data/automorphisms/0.003/auto_45/data.pkl 206 60ms 8mb
[32minfo[39m: um-cloud-data/automorphisms/0.003/auto_45/data.pkl 206 61ms 8mb
[32minfo[39m: um-cloud-data/automorphisms/0.003/auto_45/data.pkl 206 57ms 8mb
[32minfo[39m: um-cloud-data/automorphisms/0.003/auto_45/data.pkl 206 58ms 8mb
[32minfo[39m: um-cloud-data/automorphisms/0.003/auto_45/data.pkl 206 62ms 8mb
[32minfo[39m: um-cloud-data/automorphisms/0.003/auto_45/data.pkl 206 58ms 8mb
INFO:root:BP decoder initialized

INFO:root:Running 500 Monte Carlo trials

INFO:root:  Error lógico corregido en patrón 19

INFO:root:  Error lógico corregido en patrón 36

INFO:root:  Error lógico corregido en patrón 37

INFO:root:  Error lógico corregido en patrón 45

INFO:root:  Error lógico corregido en patrón 47

INFO:root:  Error lógico corregido en patrón 58

INFO:root:  Error lógico corregido en patrón 63

INFO:root:  Error lógico corregido en patrón 68

INFO:root:  Error lógico corregido en patrón 70

INFO:root:  Error lógico corregido en patrón 82

INFO:root:  Error lógico corregido en patrón 85

INFO:root:  Error lógico corregido en patrón 88

INFO:root:  Error lógico corregido en patrón 93

INFO:root:  Error lógico corregido en patrón 107

INFO:root:  Error lógico corregido en patrón 116

INFO:root:  Error lógico corregido en patrón 118

INFO:root:  Error lógico corregido en patrón 135

INFO:root:  Error lógico corregido en patrón 146

INFO:root:  Error lógico corregido en patrón 159

INFO:root:  Error lógico corregido en patrón 161

INFO:root:  Error lógico corregido en patrón 166

INFO:root:  Error lógico corregido en patrón 170

INFO:root:  Error lógico corregido en patrón 184

INFO:root:  Error lógico corregido en patrón 203

INFO:root:  Error lógico corregido en patrón 212

INFO:root:  Error lógico corregido en patrón 214

INFO:root:  Error lógico corregido en patrón 220

INFO:root:  Error lógico corregido en patrón 221

INFO:root:  Error lógico corregido en patrón 223

INFO:root:  Error lógico corregido en patrón 240

INFO:root:  Error lógico corregido en patrón 241

INFO:root:  Error lógico corregido en patrón 248

INFO:root:  Error lógico corregido en patrón 262

INFO:root:  Error lógico corregido en patrón 275

INFO:root:  Error lógico corregido en patrón 301

INFO:root:  Error lógico corregido en patrón 311

INFO:root:  Error lógico corregido en patrón 339

INFO:root:  Error lógico corregido en patrón 344

INFO:root:  Error lógico corregido en patrón 352

INFO:root:  Error lógico corregido en patrón 355

INFO:root:  Error lógico corregido en patrón 357

INFO:root:  Error lógico corregido en patrón 381

INFO:root:  Error lógico corregido en patrón 382

INFO:root:  Error lógico corregido en patrón 403

INFO:root:  Error lógico corregido en patrón 406

INFO:root:  Error lógico corregido en patrón 408

INFO:root:  Error lógico corregido en patrón 413

INFO:root:  Error lógico corregido en patrón 420

INFO:root:  Error lógico corregido en patrón 426

INFO:root:  Error lógico corregido en patrón 433

INFO:root:  Error lógico corregido en patrón 438

INFO:root:  Error lógico corregido en patrón 444

INFO:root:  Error lógico corregido en patrón 445

INFO:root:  Error lógico corregido en patrón 451

INFO:root:  Error lógico corregido en patrón 461

INFO:root:  Error lógico corregido en patrón 490

INFO:root:  Error lógico corregido en patrón 493

INFO:root:Saving results to DynamoDB for id_nmc_batch: nmc_144_0c003_1, id_arguments: BP_45

INFO:root:Checking if table 'results_dynamodb' exists...

INFO:root:Table 'results_dynamodb' already exists.

INFO:root:Results saved to DynamoDB for id_nmc_batch: nmc_144_0c003_1

(λ: args_worker) RequestId: 59d9a156-64cd-42d6-8266-b44bb304fdc4  Duration: 3744.90 ms  Billed Duration: 3745 ms
INFO:root:[OFFLINE] Lambda invoked successfully. HTTP code: 200

INFO:root:nmc_worker invoked with response: {'status': 'invoked'}
INFO:root:Invoking args_worker with event: {'id_nmc_batch': 'nmc_144_0c003_1', 'number_of_args_combinations_batches': 72, 'id_batch_arguments': 45}
INFO:root:[OFFLINE] Invoking lambda 'args_worker' at http://localhost:3000/dev/args_worker with payload: {'id_nmc_batch': 'nmc_144_0c003_1', 'number_of_args_combinations_batches': 72, 'id_batch_arguments': 46}



POST /dev/args_worker (λ: args_worker)
INFO:root:Event received in args_worker lambda_handler

INFO:root:codeConfig: 144, p: 0.003

INFO:root:Config with codeConfig 144 loaded

INFO:root:Bivariate bicycle code created

INFO:root:Circuit built

INFO:root:Detector error model built

INFO:root:Detector error model converted to check matrices

INFO:root:Successfully retrieved 1 arguments for id_batch_arguments: 46

INFO:root:Args variables loaded from DynamoDB

[32minfo[39m: um-cloud-data/detectors_observables/code_144/p_0c003/batch_1.json 200 2ms 3.12mb
INFO:root:Samples loaded from S3.

INFO:root:Downloading automorphism from S3: automorphisms/0.003/auto_46/data.pkl

[32minfo[39m: tum-cloud-data/automorphisms/0.003/auto_46/data.pkl 200 0ms 69.48mb
[32minfo[39m: um-cloud-data/automorphisms/0.003/auto_46/data.pkl 206 24ms 5.48mb
[32minfo[39m: um-cloud-data/automorphisms/0.003/auto_46/data.pkl 206 43ms 8mb
[32minfo[39m: um-cloud-data/automorphisms/0.003/auto_46/data.pkl 206 45ms 8mb
[32minfo[39m: um-cloud-data/automorphisms/0.003/auto_46/data.pkl 206 45ms 8mb
[32minfo[39m: um-cloud-data/automorphisms/0.003/auto_46/data.pkl 206 44ms 8mb
[32minfo[39m: um-cloud-data/automorphisms/0.003/auto_46/data.pkl 206 44ms 8mb
[32minfo[39m: um-cloud-data/automorphisms/0.003/auto_46/data.pkl 206 45ms 8mb
[32minfo[39m: um-cloud-data/automorphisms/0.003/auto_46/data.pkl 206 46ms 8mb
[32minfo[39m: um-cloud-data/automorphisms/0.003/auto_46/data.pkl 206 45ms 8mb
INFO:root:BP decoder initialized

INFO:root:Running 500 Monte Carlo trials

INFO:root:  Error lógico corregido en patrón 19

INFO:root:  Error lógico corregido en patrón 36

INFO:root:  Error lógico corregido en patrón 37

INFO:root:  Error lógico corregido en patrón 45

INFO:root:  Error lógico corregido en patrón 47

INFO:root:  Error lógico corregido en patrón 58

INFO:root:  Error lógico corregido en patrón 63

INFO:root:  Error lógico corregido en patrón 68

INFO:root:  Error lógico corregido en patrón 70

INFO:root:  Error lógico corregido en patrón 82

INFO:root:  Error lógico corregido en patrón 85

INFO:root:  Error lógico corregido en patrón 88

INFO:root:  Error lógico corregido en patrón 93

INFO:root:  Error lógico corregido en patrón 107

INFO:root:  Error lógico corregido en patrón 116

INFO:root:  Error lógico corregido en patrón 118

INFO:root:  Error lógico corregido en patrón 135

INFO:root:  Error lógico corregido en patrón 146

INFO:root:  Error lógico corregido en patrón 150

INFO:root:  Error lógico corregido en patrón 159

INFO:root:  Error lógico corregido en patrón 161

INFO:root:  Error lógico corregido en patrón 166

INFO:root:  Error lógico corregido en patrón 170

INFO:root:  Error lógico corregido en patrón 184

INFO:root:  Error lógico corregido en patrón 203

INFO:root:  Error lógico corregido en patrón 212

INFO:root:  Error lógico corregido en patrón 214

INFO:root:  Error lógico corregido en patrón 220

INFO:root:  Error lógico corregido en patrón 221

INFO:root:  Error lógico corregido en patrón 223

INFO:root:  Error lógico corregido en patrón 240

INFO:root:  Error lógico corregido en patrón 241

INFO:root:  Error lógico corregido en patrón 248

INFO:root:  Error lógico corregido en patrón 262

INFO:root:  Error lógico corregido en patrón 275

INFO:root:  Error lógico corregido en patrón 301

INFO:root:  Error lógico corregido en patrón 311

INFO:root:  Error lógico corregido en patrón 339

INFO:root:  Error lógico corregido en patrón 344

INFO:root:  Error lógico corregido en patrón 352

INFO:root:  Error lógico corregido en patrón 355

INFO:root:  Error lógico corregido en patrón 357

INFO:root:  Error lógico corregido en patrón 381

INFO:root:  Error lógico corregido en patrón 382

INFO:root:  Error lógico corregido en patrón 403

INFO:root:  Error lógico corregido en patrón 406

INFO:root:  Error lógico corregido en patrón 408

INFO:root:  Error lógico corregido en patrón 413

INFO:root:  Error lógico corregido en patrón 420

INFO:root:  Error lógico corregido en patrón 426

INFO:root:  Error lógico corregido en patrón 433

INFO:root:  Error lógico corregido en patrón 438

INFO:root:  Error lógico corregido en patrón 444

INFO:root:  Error lógico corregido en patrón 445

INFO:root:  Error lógico corregido en patrón 451

INFO:root:  Error lógico corregido en patrón 461

INFO:root:  Error lógico corregido en patrón 490

INFO:root:  Error lógico corregido en patrón 493

INFO:root:Saving results to DynamoDB for id_nmc_batch: nmc_144_0c003_1, id_arguments: BP_46

INFO:root:Checking if table 'results_dynamodb' exists...

INFO:root:Table 'results_dynamodb' already exists.

INFO:root:Results saved to DynamoDB for id_nmc_batch: nmc_144_0c003_1

(λ: args_worker) RequestId: 433bd2f7-46f5-44d9-b76d-aec0879ee889  Duration: 3770.53 ms  Billed Duration: 3771 ms
INFO:root:[OFFLINE] Lambda invoked successfully. HTTP code: 200

INFO:root:nmc_worker invoked with response: {'status': 'invoked'}
INFO:root:Invoking args_worker with event: {'id_nmc_batch': 'nmc_144_0c003_1', 'number_of_args_combinations_batches': 72, 'id_batch_arguments': 46}
INFO:root:[OFFLINE] Invoking lambda 'args_worker' at http://localhost:3000/dev/args_worker with payload: {'id_nmc_batch': 'nmc_144_0c003_1', 'number_of_args_combinations_batches': 72, 'id_batch_arguments': 47}



POST /dev/args_worker (λ: args_worker)
INFO:root:Event received in args_worker lambda_handler

INFO:root:codeConfig: 144, p: 0.003

INFO:root:Config with codeConfig 144 loaded

INFO:root:Bivariate bicycle code created

INFO:root:Circuit built

INFO:root:Detector error model built

INFO:root:Detector error model converted to check matrices

INFO:root:Successfully retrieved 1 arguments for id_batch_arguments: 47

INFO:root:Args variables loaded from DynamoDB

[32minfo[39m: um-cloud-data/detectors_observables/code_144/p_0c003/batch_1.json 200 2ms 3.12mb
INFO:root:Samples loaded from S3.

INFO:root:Downloading automorphism from S3: automorphisms/0.003/auto_47/data.pkl

[32minfo[39m: tum-cloud-data/automorphisms/0.003/auto_47/data.pkl 200 4ms 69.48mb
[32minfo[39m: um-cloud-data/automorphisms/0.003/auto_47/data.pkl 206 40ms 5.48mb
[32minfo[39m: um-cloud-data/automorphisms/0.003/auto_47/data.pkl 206 48ms 8mb
[32minfo[39m: um-cloud-data/automorphisms/0.003/auto_47/data.pkl 206 52ms 8mb
[32minfo[39m: um-cloud-data/automorphisms/0.003/auto_47/data.pkl 206 54ms 8mb
[32minfo[39m: um-cloud-data/automorphisms/0.003/auto_47/data.pkl 206 54ms 8mb
[32minfo[39m: um-cloud-data/automorphisms/0.003/auto_47/data.pkl 206 52ms 8mb
[32minfo[39m: um-cloud-data/automorphisms/0.003/auto_47/data.pkl 206 55ms 8mb
[32minfo[39m: um-cloud-data/automorphisms/0.003/auto_47/data.pkl 206 56ms 8mb
[32minfo[39m: um-cloud-data/automorphisms/0.003/auto_47/data.pkl 206 55ms 8mb
INFO:root:BP decoder initialized

INFO:root:Running 500 Monte Carlo trials

INFO:root:  Error lógico corregido en patrón 19

INFO:root:  Error lógico corregido en patrón 36

INFO:root:  Error lógico corregido en patrón 37

INFO:root:  Error lógico corregido en patrón 45

INFO:root:  Error lógico corregido en patrón 47

INFO:root:  Error lógico corregido en patrón 58

INFO:root:  Error lógico corregido en patrón 63

INFO:root:  Error lógico corregido en patrón 68

INFO:root:  Error lógico corregido en patrón 70

INFO:root:  Error lógico corregido en patrón 82

INFO:root:  Error lógico corregido en patrón 85

INFO:root:  Error lógico corregido en patrón 88

INFO:root:  Error lógico corregido en patrón 93

INFO:root:  Error lógico corregido en patrón 107

INFO:root:  Error lógico corregido en patrón 116

INFO:root:  Error lógico corregido en patrón 118

INFO:root:  Error lógico corregido en patrón 135

INFO:root:  Error lógico corregido en patrón 146

INFO:root:  Error lógico corregido en patrón 159

INFO:root:  Error lógico corregido en patrón 161

INFO:root:  Error lógico corregido en patrón 166

INFO:root:  Error lógico corregido en patrón 170

INFO:root:  Error lógico corregido en patrón 184

INFO:root:  Error lógico corregido en patrón 203

INFO:root:  Error lógico corregido en patrón 212

INFO:root:  Error lógico corregido en patrón 214

INFO:root:  Error lógico corregido en patrón 220

INFO:root:  Error lógico corregido en patrón 221

INFO:root:  Error lógico corregido en patrón 223

INFO:root:  Error lógico corregido en patrón 240

INFO:root:  Error lógico corregido en patrón 241

INFO:root:  Error lógico corregido en patrón 248

INFO:root:  Error lógico corregido en patrón 262

INFO:root:  Error lógico corregido en patrón 275

INFO:root:  Error lógico corregido en patrón 301

INFO:root:  Error lógico corregido en patrón 311

INFO:root:  Error lógico corregido en patrón 339

INFO:root:  Error lógico corregido en patrón 344

INFO:root:  Error lógico corregido en patrón 352

INFO:root:  Error lógico corregido en patrón 355

INFO:root:  Error lógico corregido en patrón 357

INFO:root:  Error lógico corregido en patrón 381

INFO:root:  Error lógico corregido en patrón 382

INFO:root:  Error lógico corregido en patrón 403

INFO:root:  Error lógico corregido en patrón 406

INFO:root:  Error lógico corregido en patrón 408

INFO:root:  Error lógico corregido en patrón 413

INFO:root:  Error lógico corregido en patrón 420

INFO:root:  Error lógico corregido en patrón 426

INFO:root:  Error lógico corregido en patrón 433

INFO:root:  Error lógico corregido en patrón 438

INFO:root:  Error lógico corregido en patrón 444

INFO:root:  Error lógico corregido en patrón 445

INFO:root:  Error lógico corregido en patrón 451

INFO:root:  Error lógico corregido en patrón 461

INFO:root:  Error lógico corregido en patrón 490

INFO:root:  Error lógico corregido en patrón 493

INFO:root:Saving results to DynamoDB for id_nmc_batch: nmc_144_0c003_1, id_arguments: BP_47

INFO:root:Checking if table 'results_dynamodb' exists...

INFO:root:Table 'results_dynamodb' already exists.

INFO:root:Results saved to DynamoDB for id_nmc_batch: nmc_144_0c003_1

(λ: args_worker) RequestId: 6a45396b-5f0e-4e48-832d-1b6ba0bc12cd  Duration: 3699.38 ms  Billed Duration: 3700 ms
INFO:root:[OFFLINE] Lambda invoked successfully. HTTP code: 200

INFO:root:nmc_worker invoked with response: {'status': 'invoked'}
INFO:root:Invoking args_worker with event: {'id_nmc_batch': 'nmc_144_0c003_1', 'number_of_args_combinations_batches': 72, 'id_batch_arguments': 47}
INFO:root:[OFFLINE] Invoking lambda 'args_worker' at http://localhost:3000/dev/args_worker with payload: {'id_nmc_batch': 'nmc_144_0c003_1', 'number_of_args_combinations_batches': 72, 'id_batch_arguments': 48}



POST /dev/args_worker (λ: args_worker)
INFO:root:Event received in args_worker lambda_handler

INFO:root:codeConfig: 144, p: 0.003
INFO:root:Config with codeConfig 144 loaded

INFO:root:Bivariate bicycle code created

INFO:root:Circuit built

INFO:root:Detector error model built

INFO:root:Detector error model converted to check matrices

INFO:root:Successfully retrieved 1 arguments for id_batch_arguments: 48

INFO:root:Args variables loaded from DynamoDB

[32minfo[39m: um-cloud-data/detectors_observables/code_144/p_0c003/batch_1.json 200 3ms 3.12mb
INFO:root:Samples loaded from S3.

INFO:root:Downloading automorphism from S3: automorphisms/0.003/auto_48/data.pkl

[32minfo[39m: tum-cloud-data/automorphisms/0.003/auto_48/data.pkl 200 3ms 69.48mb
[32minfo[39m: um-cloud-data/automorphisms/0.003/auto_48/data.pkl 206 27ms 5.48mb
[32minfo[39m: um-cloud-data/automorphisms/0.003/auto_48/data.pkl 206 40ms 8mb
[32minfo[39m: um-cloud-data/automorphisms/0.003/auto_48/data.pkl 206 42ms 8mb
[32minfo[39m: um-cloud-data/automorphisms/0.003/auto_48/data.pkl 206 43ms 8mb
[32minfo[39m: um-cloud-data/automorphisms/0.003/auto_48/data.pkl 206 45ms 8mb
[32minfo[39m: um-cloud-data/automorphisms/0.003/auto_48/data.pkl 206 46ms 8mb
[32minfo[39m: um-cloud-data/automorphisms/0.003/auto_48/data.pkl 206 43ms 8mb
[32minfo[39m: um-cloud-data/automorphisms/0.003/auto_48/data.pkl 206 45ms 8mb
[32minfo[39m: um-cloud-data/automorphisms/0.003/auto_48/data.pkl 206 41ms 8mb
INFO:root:BP decoder initialized

INFO:root:Running 500 Monte Carlo trials

INFO:root:  Error lógico corregido en patrón 19

INFO:root:  Error lógico corregido en patrón 36

INFO:root:  Error lógico corregido en patrón 37

INFO:root:  Error lógico corregido en patrón 45

INFO:root:  Error lógico corregido en patrón 47

INFO:root:  Error lógico corregido en patrón 58

INFO:root:  Error lógico corregido en patrón 63

INFO:root:  Error lógico corregido en patrón 68

INFO:root:  Error lógico corregido en patrón 70

INFO:root:  Error lógico corregido en patrón 82

INFO:root:  Error lógico corregido en patrón 85

INFO:root:  Error lógico corregido en patrón 88

INFO:root:  Error lógico corregido en patrón 93

INFO:root:  Error lógico corregido en patrón 107

INFO:root:  Error lógico corregido en patrón 116

INFO:root:  Error lógico corregido en patrón 118

INFO:root:  Error lógico corregido en patrón 135

INFO:root:  Error lógico corregido en patrón 146

INFO:root:  Error lógico corregido en patrón 150

INFO:root:  Error lógico corregido en patrón 159

INFO:root:  Error lógico corregido en patrón 161

INFO:root:  Error lógico corregido en patrón 166

INFO:root:  Error lógico corregido en patrón 170

INFO:root:  Error lógico corregido en patrón 184

INFO:root:  Error lógico corregido en patrón 203

INFO:root:  Error lógico corregido en patrón 212

INFO:root:  Error lógico corregido en patrón 214

INFO:root:  Error lógico corregido en patrón 220

INFO:root:  Error lógico corregido en patrón 221

INFO:root:  Error lógico corregido en patrón 223

INFO:root:  Error lógico corregido en patrón 240

INFO:root:  Error lógico corregido en patrón 241

INFO:root:  Error lógico corregido en patrón 248

INFO:root:  Error lógico corregido en patrón 262

INFO:root:  Error lógico corregido en patrón 275

INFO:root:  Error lógico corregido en patrón 301

INFO:root:  Error lógico corregido en patrón 311

INFO:root:  Error lógico corregido en patrón 339

INFO:root:  Error lógico corregido en patrón 344

INFO:root:  Error lógico corregido en patrón 352

INFO:root:  Error lógico corregido en patrón 355

INFO:root:  Error lógico corregido en patrón 357

INFO:root:  Error lógico corregido en patrón 381

INFO:root:  Error lógico corregido en patrón 382

INFO:root:  Error lógico corregido en patrón 403

INFO:root:  Error lógico corregido en patrón 406

INFO:root:  Error lógico corregido en patrón 408

INFO:root:  Error lógico corregido en patrón 413

INFO:root:  Error lógico corregido en patrón 420

INFO:root:  Error lógico corregido en patrón 426

INFO:root:  Error lógico corregido en patrón 433

INFO:root:  Error lógico corregido en patrón 438

INFO:root:  Error lógico corregido en patrón 444

INFO:root:  Error lógico corregido en patrón 445

INFO:root:  Error lógico corregido en patrón 451

INFO:root:  Error lógico corregido en patrón 461

INFO:root:  Error lógico corregido en patrón 490

INFO:root:  Error lógico corregido en patrón 493

INFO:root:Saving results to DynamoDB for id_nmc_batch: nmc_144_0c003_1, id_arguments: BP_48

INFO:root:Checking if table 'results_dynamodb' exists...

INFO:root:Table 'results_dynamodb' already exists.

INFO:root:Results saved to DynamoDB for id_nmc_batch: nmc_144_0c003_1

(λ: args_worker) RequestId: 2fa125bc-dd4e-4a61-b0fc-eb9d19ee8569  Duration: 3720.03 ms  Billed Duration: 3721 ms
INFO:root:[OFFLINE] Lambda invoked successfully. HTTP code: 200

INFO:root:nmc_worker invoked with response: {'status': 'invoked'}
INFO:root:Invoking args_worker with event: {'id_nmc_batch': 'nmc_144_0c003_1', 'number_of_args_combinations_batches': 72, 'id_batch_arguments': 48}
INFO:root:[OFFLINE] Invoking lambda 'args_worker' at http://localhost:3000/dev/args_worker with payload: {'id_nmc_batch': 'nmc_144_0c003_1', 'number_of_args_combinations_batches': 72, 'id_batch_arguments': 49}



POST /dev/args_worker (λ: args_worker)
INFO:root:Event received in args_worker lambda_handler

INFO:root:codeConfig: 144, p: 0.003

INFO:root:Config with codeConfig 144 loaded

INFO:root:Bivariate bicycle code created

INFO:root:Circuit built

INFO:root:Detector error model built

INFO:root:Detector error model converted to check matrices

INFO:root:Successfully retrieved 1 arguments for id_batch_arguments: 49

INFO:root:Args variables loaded from DynamoDB

[32minfo[39m: um-cloud-data/detectors_observables/code_144/p_0c003/batch_1.json 200 2ms 3.12mb
INFO:root:Samples loaded from S3.

INFO:root:Downloading automorphism from S3: automorphisms/0.003/auto_49/data.pkl

[32minfo[39m: tum-cloud-data/automorphisms/0.003/auto_49/data.pkl 200 2ms 69.48mb
[32minfo[39m: um-cloud-data/automorphisms/0.003/auto_49/data.pkl 206 44ms 8mb
[32minfo[39m: um-cloud-data/automorphisms/0.003/auto_49/data.pkl 206 37ms 5.48mb
[32minfo[39m: um-cloud-data/automorphisms/0.003/auto_49/data.pkl 206 54ms 8mb
[32minfo[39m: um-cloud-data/automorphisms/0.003/auto_49/data.pkl 206 55ms 8mb
[32minfo[39m: um-cloud-data/automorphisms/0.003/auto_49/data.pkl 206 59ms 8mb
[32minfo[39m: um-cloud-data/automorphisms/0.003/auto_49/data.pkl 206 56ms 8mb
[32minfo[39m: um-cloud-data/automorphisms/0.003/auto_49/data.pkl 206 55ms 8mb
[32minfo[39m: um-cloud-data/automorphisms/0.003/auto_49/data.pkl 206 59ms 8mb
[32minfo[39m: um-cloud-data/automorphisms/0.003/auto_49/data.pkl 206 57ms 8mb
INFO:root:BP decoder initialized

INFO:root:Running 500 Monte Carlo trials

INFO:root:  Error lógico corregido en patrón 19

INFO:root:  Error lógico corregido en patrón 36

INFO:root:  Error lógico corregido en patrón 37

INFO:root:  Error lógico corregido en patrón 45

INFO:root:  Error lógico corregido en patrón 47

INFO:root:  Error lógico corregido en patrón 58

INFO:root:  Error lógico corregido en patrón 63

INFO:root:  Error lógico corregido en patrón 68

INFO:root:  Error lógico corregido en patrón 70

INFO:root:  Error lógico corregido en patrón 82

INFO:root:  Error lógico corregido en patrón 85

INFO:root:  Error lógico corregido en patrón 88

INFO:root:  Error lógico corregido en patrón 93

INFO:root:  Error lógico corregido en patrón 107

INFO:root:  Error lógico corregido en patrón 116

INFO:root:  Error lógico corregido en patrón 118

INFO:root:  Error lógico corregido en patrón 135

INFO:root:  Error lógico corregido en patrón 146

INFO:root:  Error lógico corregido en patrón 159

INFO:root:  Error lógico corregido en patrón 161

INFO:root:  Error lógico corregido en patrón 166

INFO:root:  Error lógico corregido en patrón 170

INFO:root:  Error lógico corregido en patrón 184

INFO:root:  Error lógico corregido en patrón 203

INFO:root:  Error lógico corregido en patrón 212

INFO:root:  Error lógico corregido en patrón 214

INFO:root:  Error lógico corregido en patrón 220

INFO:root:  Error lógico corregido en patrón 221

INFO:root:  Error lógico corregido en patrón 223

INFO:root:  Error lógico corregido en patrón 240

INFO:root:  Error lógico corregido en patrón 241

INFO:root:  Error lógico corregido en patrón 248

INFO:root:  Error lógico corregido en patrón 262

INFO:root:  Error lógico corregido en patrón 275

INFO:root:  Error lógico corregido en patrón 301

INFO:root:  Error lógico corregido en patrón 311

INFO:root:  Error lógico corregido en patrón 339

INFO:root:  Error lógico corregido en patrón 344

INFO:root:  Error lógico corregido en patrón 352

INFO:root:  Error lógico corregido en patrón 355

INFO:root:  Error lógico corregido en patrón 357

INFO:root:  Error lógico corregido en patrón 381

INFO:root:  Error lógico corregido en patrón 382

INFO:root:  Error lógico corregido en patrón 403

INFO:root:  Error lógico corregido en patrón 406

INFO:root:  Error lógico corregido en patrón 408

INFO:root:  Error lógico corregido en patrón 413

INFO:root:  Error lógico corregido en patrón 420

INFO:root:  Error lógico corregido en patrón 426

INFO:root:  Error lógico corregido en patrón 433

INFO:root:  Error lógico corregido en patrón 438

INFO:root:  Error lógico corregido en patrón 444

INFO:root:  Error lógico corregido en patrón 445

INFO:root:  Error lógico corregido en patrón 451

INFO:root:  Error lógico corregido en patrón 461

INFO:root:  Error lógico corregido en patrón 490

INFO:root:  Error lógico corregido en patrón 493

INFO:root:Saving results to DynamoDB for id_nmc_batch: nmc_144_0c003_1, id_arguments: BP_49

INFO:root:Checking if table 'results_dynamodb' exists...

INFO:root:Table 'results_dynamodb' already exists.

INFO:root:Results saved to DynamoDB for id_nmc_batch: nmc_144_0c003_1

(λ: args_worker) RequestId: acf86219-dee0-4ade-bc19-4cd8631502ea  Duration: 3715.03 ms  Billed Duration: 3716 ms
INFO:root:[OFFLINE] Lambda invoked successfully. HTTP code: 200

INFO:root:nmc_worker invoked with response: {'status': 'invoked'}
INFO:root:Invoking args_worker with event: {'id_nmc_batch': 'nmc_144_0c003_1', 'number_of_args_combinations_batches': 72, 'id_batch_arguments': 49}
INFO:root:[OFFLINE] Invoking lambda 'args_worker' at http://localhost:3000/dev/args_worker with payload: {'id_nmc_batch': 'nmc_144_0c003_1', 'number_of_args_combinations_batches': 72, 'id_batch_arguments': 50}



POST /dev/args_worker (λ: args_worker)
INFO:root:Event received in args_worker lambda_handler

INFO:root:codeConfig: 144, p: 0.003

INFO:root:Config with codeConfig 144 loaded

INFO:root:Bivariate bicycle code created

INFO:root:Circuit built

INFO:root:Detector error model built

INFO:root:Detector error model converted to check matrices

INFO:root:Successfully retrieved 1 arguments for id_batch_arguments: 50

INFO:root:Args variables loaded from DynamoDB

[32minfo[39m: um-cloud-data/detectors_observables/code_144/p_0c003/batch_1.json 200 2ms 3.12mb
INFO:root:Samples loaded from S3.

INFO:root:Downloading automorphism from S3: automorphisms/0.003/auto_50/data.pkl

[32minfo[39m: tum-cloud-data/automorphisms/0.003/auto_50/data.pkl 200 3ms 69.48mb
[32minfo[39m: um-cloud-data/automorphisms/0.003/auto_50/data.pkl 206 31ms 5.48mb
[32minfo[39m: um-cloud-data/automorphisms/0.003/auto_50/data.pkl 206 36ms 8mb
[32minfo[39m: um-cloud-data/automorphisms/0.003/auto_50/data.pkl 206 39ms 8mb
[32minfo[39m: um-cloud-data/automorphisms/0.003/auto_50/data.pkl 206 42ms 8mb
[32minfo[39m: um-cloud-data/automorphisms/0.003/auto_50/data.pkl 206 43ms 8mb
[32minfo[39m: um-cloud-data/automorphisms/0.003/auto_50/data.pkl 206 43ms 8mb
[32minfo[39m: um-cloud-data/automorphisms/0.003/auto_50/data.pkl 206 43ms 8mb
[32minfo[39m: um-cloud-data/automorphisms/0.003/auto_50/data.pkl 206 43ms 8mb
[32minfo[39m: um-cloud-data/automorphisms/0.003/auto_50/data.pkl 206 44ms 8mb
INFO:root:BP decoder initialized

INFO:root:Running 500 Monte Carlo trials

INFO:root:  Error lógico corregido en patrón 19

INFO:root:  Error lógico corregido en patrón 36

INFO:root:  Error lógico corregido en patrón 37

INFO:root:  Error lógico corregido en patrón 45

INFO:root:  Error lógico corregido en patrón 47

INFO:root:  Error lógico corregido en patrón 58

INFO:root:  Error lógico corregido en patrón 63

INFO:root:  Error lógico corregido en patrón 68

INFO:root:  Error lógico corregido en patrón 70

INFO:root:  Error lógico corregido en patrón 82

INFO:root:  Error lógico corregido en patrón 85

INFO:root:  Error lógico corregido en patrón 88

INFO:root:  Error lógico corregido en patrón 93

INFO:root:  Error lógico corregido en patrón 107

INFO:root:  Error lógico corregido en patrón 116

INFO:root:  Error lógico corregido en patrón 118

INFO:root:  Error lógico corregido en patrón 135

INFO:root:  Error lógico corregido en patrón 146

INFO:root:  Error lógico corregido en patrón 150

INFO:root:  Error lógico corregido en patrón 159

INFO:root:  Error lógico corregido en patrón 161

INFO:root:  Error lógico corregido en patrón 166

INFO:root:  Error lógico corregido en patrón 170

INFO:root:  Error lógico corregido en patrón 184

INFO:root:  Error lógico corregido en patrón 203

INFO:root:  Error lógico corregido en patrón 212

INFO:root:  Error lógico corregido en patrón 214

INFO:root:  Error lógico corregido en patrón 220

INFO:root:  Error lógico corregido en patrón 221

INFO:root:  Error lógico corregido en patrón 223

INFO:root:  Error lógico corregido en patrón 241

INFO:root:  Error lógico corregido en patrón 248

INFO:root:  Error lógico corregido en patrón 262

INFO:root:  Error lógico corregido en patrón 275

INFO:root:  Error lógico corregido en patrón 301

INFO:root:  Error lógico corregido en patrón 311

INFO:root:  Error lógico corregido en patrón 339

INFO:root:  Error lógico corregido en patrón 344

INFO:root:  Error lógico corregido en patrón 352

INFO:root:  Error lógico corregido en patrón 355

INFO:root:  Error lógico corregido en patrón 357

INFO:root:  Error lógico corregido en patrón 381

INFO:root:  Error lógico corregido en patrón 382

INFO:root:  Error lógico corregido en patrón 403

INFO:root:  Error lógico corregido en patrón 406

INFO:root:  Error lógico corregido en patrón 408

INFO:root:  Error lógico corregido en patrón 413

INFO:root:  Error lógico corregido en patrón 420

INFO:root:  Error lógico corregido en patrón 426

INFO:root:  Error lógico corregido en patrón 433

INFO:root:  Error lógico corregido en patrón 438

INFO:root:  Error lógico corregido en patrón 444

INFO:root:  Error lógico corregido en patrón 445

INFO:root:  Error lógico corregido en patrón 451

INFO:root:  Error lógico corregido en patrón 461

INFO:root:  Error lógico corregido en patrón 490

INFO:root:  Error lógico corregido en patrón 493

INFO:root:Saving results to DynamoDB for id_nmc_batch: nmc_144_0c003_1, id_arguments: BP_50

INFO:root:Checking if table 'results_dynamodb' exists...

INFO:root:Table 'results_dynamodb' already exists.

INFO:root:Results saved to DynamoDB for id_nmc_batch: nmc_144_0c003_1

(λ: args_worker) RequestId: e4a6f62b-aba1-43ed-b131-6e37db0a8d4d  Duration: 3702.43 ms  Billed Duration: 3703 ms
INFO:root:[OFFLINE] Lambda invoked successfully. HTTP code: 200

INFO:root:nmc_worker invoked with response: {'status': 'invoked'}
INFO:root:Invoking args_worker with event: {'id_nmc_batch': 'nmc_144_0c003_1', 'number_of_args_combinations_batches': 72, 'id_batch_arguments': 50}
INFO:root:[OFFLINE] Invoking lambda 'args_worker' at http://localhost:3000/dev/args_worker with payload: {'id_nmc_batch': 'nmc_144_0c003_1', 'number_of_args_combinations_batches': 72, 'id_batch_arguments': 51}



POST /dev/args_worker (λ: args_worker)
INFO:root:Event received in args_worker lambda_handler

INFO:root:codeConfig: 144, p: 0.003
INFO:root:Config with codeConfig 144 loaded

INFO:root:Bivariate bicycle code created

INFO:root:Circuit built

INFO:root:Detector error model built

INFO:root:Detector error model converted to check matrices

INFO:root:Successfully retrieved 1 arguments for id_batch_arguments: 51

INFO:root:Args variables loaded from DynamoDB

[32minfo[39m: um-cloud-data/detectors_observables/code_144/p_0c003/batch_1.json 200 2ms 3.12mb
INFO:root:Samples loaded from S3.

INFO:root:Downloading automorphism from S3: automorphisms/0.003/auto_51/data.pkl

[32minfo[39m: tum-cloud-data/automorphisms/0.003/auto_51/data.pkl 200 3ms 69.48mb
[32minfo[39m: um-cloud-data/automorphisms/0.003/auto_51/data.pkl 206 46ms 5.48mb
[32minfo[39m: um-cloud-data/automorphisms/0.003/auto_51/data.pkl 206 62ms 8mb
[32minfo[39m: um-cloud-data/automorphisms/0.003/auto_51/data.pkl 206 61ms 8mb
[32minfo[39m: um-cloud-data/automorphisms/0.003/auto_51/data.pkl 206 61ms 8mb
[32minfo[39m: um-cloud-data/automorphisms/0.003/auto_51/data.pkl 206 61ms 8mb
[32minfo[39m: um-cloud-data/automorphisms/0.003/auto_51/data.pkl 206 64ms 8mb
[32minfo[39m: um-cloud-data/automorphisms/0.003/auto_51/data.pkl 206 64ms 8mb
[32minfo[39m: um-cloud-data/automorphisms/0.003/auto_51/data.pkl 206 63ms 8mb
[32minfo[39m: um-cloud-data/automorphisms/0.003/auto_51/data.pkl 206 64ms 8mb
INFO:root:BP decoder initialized

INFO:root:Running 500 Monte Carlo trials

INFO:root:  Error lógico corregido en patrón 19

INFO:root:  Error lógico corregido en patrón 36

INFO:root:  Error lógico corregido en patrón 37

INFO:root:  Error lógico corregido en patrón 45

INFO:root:  Error lógico corregido en patrón 47

INFO:root:  Error lógico corregido en patrón 48

INFO:root:  Error lógico corregido en patrón 58

INFO:root:  Error lógico corregido en patrón 63

INFO:root:  Error lógico corregido en patrón 68

INFO:root:  Error lógico corregido en patrón 70

INFO:root:  Error lógico corregido en patrón 82

INFO:root:  Error lógico corregido en patrón 85

INFO:root:  Error lógico corregido en patrón 88

INFO:root:  Error lógico corregido en patrón 93

INFO:root:  Error lógico corregido en patrón 107

INFO:root:  Error lógico corregido en patrón 116

INFO:root:  Error lógico corregido en patrón 118

INFO:root:  Error lógico corregido en patrón 135

INFO:root:  Error lógico corregido en patrón 146

INFO:root:  Error lógico corregido en patrón 150

INFO:root:  Error lógico corregido en patrón 159

INFO:root:  Error lógico corregido en patrón 161

INFO:root:  Error lógico corregido en patrón 166

INFO:root:  Error lógico corregido en patrón 170

INFO:root:  Error lógico corregido en patrón 184

INFO:root:  Error lógico corregido en patrón 203

INFO:root:  Error lógico corregido en patrón 212

INFO:root:  Error lógico corregido en patrón 214

INFO:root:  Error lógico corregido en patrón 220

INFO:root:  Error lógico corregido en patrón 221

INFO:root:  Error lógico corregido en patrón 223

INFO:root:  Error lógico corregido en patrón 240

INFO:root:  Error lógico corregido en patrón 241

INFO:root:  Error lógico corregido en patrón 248

INFO:root:  Error lógico corregido en patrón 262

INFO:root:  Error lógico corregido en patrón 275

INFO:root:  Error lógico corregido en patrón 301

INFO:root:  Error lógico corregido en patrón 311

INFO:root:  Error lógico corregido en patrón 339

INFO:root:  Error lógico corregido en patrón 344

INFO:root:  Error lógico corregido en patrón 352

INFO:root:  Error lógico corregido en patrón 355

INFO:root:  Error lógico corregido en patrón 357

INFO:root:  Error lógico corregido en patrón 381

INFO:root:  Error lógico corregido en patrón 382

INFO:root:  Error lógico corregido en patrón 403

INFO:root:  Error lógico corregido en patrón 406

INFO:root:  Error lógico corregido en patrón 408

INFO:root:  Error lógico corregido en patrón 413

INFO:root:  Error lógico corregido en patrón 420

INFO:root:  Error lógico corregido en patrón 426

INFO:root:  Error lógico corregido en patrón 433

INFO:root:  Error lógico corregido en patrón 438

INFO:root:  Error lógico corregido en patrón 444

INFO:root:  Error lógico corregido en patrón 445

INFO:root:  Error lógico corregido en patrón 451

INFO:root:  Error lógico corregido en patrón 461

INFO:root:  Error lógico corregido en patrón 490

INFO:root:  Error lógico corregido en patrón 493

INFO:root:Saving results to DynamoDB for id_nmc_batch: nmc_144_0c003_1, id_arguments: BP_51

INFO:root:Checking if table 'results_dynamodb' exists...

INFO:root:Table 'results_dynamodb' already exists.

INFO:root:Results saved to DynamoDB for id_nmc_batch: nmc_144_0c003_1

(λ: args_worker) RequestId: 5b4083b0-38aa-4591-9f6a-04aa87db1bb9  Duration: 3755.28 ms  Billed Duration: 3756 ms
INFO:root:[OFFLINE] Lambda invoked successfully. HTTP code: 200

INFO:root:nmc_worker invoked with response: {'status': 'invoked'}
INFO:root:Invoking args_worker with event: {'id_nmc_batch': 'nmc_144_0c003_1', 'number_of_args_combinations_batches': 72, 'id_batch_arguments': 51}
INFO:root:[OFFLINE] Invoking lambda 'args_worker' at http://localhost:3000/dev/args_worker with payload: {'id_nmc_batch': 'nmc_144_0c003_1', 'number_of_args_combinations_batches': 72, 'id_batch_arguments': 52}



POST /dev/args_worker (λ: args_worker)
INFO:root:Event received in args_worker lambda_handler

INFO:root:codeConfig: 144, p: 0.003

INFO:root:Config with codeConfig 144 loaded

INFO:root:Bivariate bicycle code created

INFO:root:Circuit built

INFO:root:Detector error model built

INFO:root:Detector error model converted to check matrices

INFO:root:Successfully retrieved 1 arguments for id_batch_arguments: 52

INFO:root:Args variables loaded from DynamoDB

[32minfo[39m: um-cloud-data/detectors_observables/code_144/p_0c003/batch_1.json 200 2ms 3.12mb
INFO:root:Samples loaded from S3.

INFO:root:Downloading automorphism from S3: automorphisms/0.003/auto_52/data.pkl

[32minfo[39m: tum-cloud-data/automorphisms/0.003/auto_52/data.pkl 200 3ms 69.48mb
[32minfo[39m: um-cloud-data/automorphisms/0.003/auto_52/data.pkl 206 29ms 5.48mb
[32minfo[39m: um-cloud-data/automorphisms/0.003/auto_52/data.pkl 206 40ms 8mb
[32minfo[39m: um-cloud-data/automorphisms/0.003/auto_52/data.pkl 206 42ms 8mb
[32minfo[39m: um-cloud-data/automorphisms/0.003/auto_52/data.pkl 206 44ms 8mb
[32minfo[39m: um-cloud-data/automorphisms/0.003/auto_52/data.pkl 206 43ms 8mb
[32minfo[39m: um-cloud-data/automorphisms/0.003/auto_52/data.pkl 206 43ms 8mb
[32minfo[39m: um-cloud-data/automorphisms/0.003/auto_52/data.pkl 206 44ms 8mb
[32minfo[39m: um-cloud-data/automorphisms/0.003/auto_52/data.pkl 206 48ms 8mb
[32minfo[39m: um-cloud-data/automorphisms/0.003/auto_52/data.pkl 206 48ms 8mb
INFO:root:BP decoder initialized

INFO:root:Running 500 Monte Carlo trials

INFO:root:  Error lógico corregido en patrón 19

INFO:root:  Error lógico corregido en patrón 36

INFO:root:  Error lógico corregido en patrón 37

INFO:root:  Error lógico corregido en patrón 45

INFO:root:  Error lógico corregido en patrón 47

INFO:root:  Error lógico corregido en patrón 58

INFO:root:  Error lógico corregido en patrón 63

INFO:root:  Error lógico corregido en patrón 68

INFO:root:  Error lógico corregido en patrón 70

INFO:root:  Error lógico corregido en patrón 82

INFO:root:  Error lógico corregido en patrón 85

INFO:root:  Error lógico corregido en patrón 88

INFO:root:  Error lógico corregido en patrón 93

INFO:root:  Error lógico corregido en patrón 107

INFO:root:  Error lógico corregido en patrón 116

INFO:root:  Error lógico corregido en patrón 118

INFO:root:  Error lógico corregido en patrón 135

INFO:root:  Error lógico corregido en patrón 146

INFO:root:  Error lógico corregido en patrón 150

INFO:root:  Error lógico corregido en patrón 159

INFO:root:  Error lógico corregido en patrón 161

INFO:root:  Error lógico corregido en patrón 166

INFO:root:  Error lógico corregido en patrón 170

INFO:root:  Error lógico corregido en patrón 184

INFO:root:  Error lógico corregido en patrón 203

INFO:root:  Error lógico corregido en patrón 212

INFO:root:  Error lógico corregido en patrón 214

INFO:root:  Error lógico corregido en patrón 220

INFO:root:  Error lógico corregido en patrón 221

INFO:root:  Error lógico corregido en patrón 223

INFO:root:  Error lógico corregido en patrón 240

INFO:root:  Error lógico corregido en patrón 241

INFO:root:  Error lógico corregido en patrón 248

INFO:root:  Error lógico corregido en patrón 262

INFO:root:  Error lógico corregido en patrón 275

INFO:root:  Error lógico corregido en patrón 301

INFO:root:  Error lógico corregido en patrón 311

INFO:root:  Error lógico corregido en patrón 339

INFO:root:  Error lógico corregido en patrón 344

INFO:root:  Error lógico corregido en patrón 352

INFO:root:  Error lógico corregido en patrón 355

INFO:root:  Error lógico corregido en patrón 357

INFO:root:  Error lógico corregido en patrón 381

INFO:root:  Error lógico corregido en patrón 382

INFO:root:  Error lógico corregido en patrón 403

INFO:root:  Error lógico corregido en patrón 406

INFO:root:  Error lógico corregido en patrón 408

INFO:root:  Error lógico corregido en patrón 413

INFO:root:  Error lógico corregido en patrón 420

INFO:root:  Error lógico corregido en patrón 426

INFO:root:  Error lógico corregido en patrón 433

INFO:root:  Error lógico corregido en patrón 438

INFO:root:  Error lógico corregido en patrón 444

INFO:root:  Error lógico corregido en patrón 445

INFO:root:  Error lógico corregido en patrón 451

INFO:root:  Error lógico corregido en patrón 461

INFO:root:  Error lógico corregido en patrón 490

INFO:root:  Error lógico corregido en patrón 493

INFO:root:Saving results to DynamoDB for id_nmc_batch: nmc_144_0c003_1, id_arguments: BP_52

INFO:root:Checking if table 'results_dynamodb' exists...

INFO:root:Table 'results_dynamodb' already exists.

INFO:root:Results saved to DynamoDB for id_nmc_batch: nmc_144_0c003_1

(λ: args_worker) RequestId: 37ef3dba-b0d8-4c26-9647-f02e2d4d3129  Duration: 3813.93 ms  Billed Duration: 3814 ms
INFO:root:[OFFLINE] Lambda invoked successfully. HTTP code: 200

INFO:root:nmc_worker invoked with response: {'status': 'invoked'}
INFO:root:Invoking args_worker with event: {'id_nmc_batch': 'nmc_144_0c003_1', 'number_of_args_combinations_batches': 72, 'id_batch_arguments': 52}
INFO:root:[OFFLINE] Invoking lambda 'args_worker' at http://localhost:3000/dev/args_worker with payload: {'id_nmc_batch': 'nmc_144_0c003_1', 'number_of_args_combinations_batches': 72, 'id_batch_arguments': 53}



POST /dev/args_worker (λ: args_worker)
INFO:root:Event received in args_worker lambda_handler

INFO:root:codeConfig: 144, p: 0.003

INFO:root:Config with codeConfig 144 loaded

INFO:root:Bivariate bicycle code created

INFO:root:Circuit built

INFO:root:Detector error model built

INFO:root:Detector error model converted to check matrices

INFO:root:Successfully retrieved 1 arguments for id_batch_arguments: 53

INFO:root:Args variables loaded from DynamoDB

[32minfo[39m: um-cloud-data/detectors_observables/code_144/p_0c003/batch_1.json 200 2ms 3.12mb
INFO:root:Samples loaded from S3.

INFO:root:Downloading automorphism from S3: automorphisms/0.003/auto_53/data.pkl

[32minfo[39m: tum-cloud-data/automorphisms/0.003/auto_53/data.pkl 200 4ms 69.48mb
[32minfo[39m: um-cloud-data/automorphisms/0.003/auto_53/data.pkl 206 43ms 5.48mb
[32minfo[39m: um-cloud-data/automorphisms/0.003/auto_53/data.pkl 206 51ms 8mb
[32minfo[39m: um-cloud-data/automorphisms/0.003/auto_53/data.pkl 206 53ms 8mb
[32minfo[39m: um-cloud-data/automorphisms/0.003/auto_53/data.pkl 206 53ms 8mb
[32minfo[39m: um-cloud-data/automorphisms/0.003/auto_53/data.pkl 206 55ms 8mb
[32minfo[39m: um-cloud-data/automorphisms/0.003/auto_53/data.pkl 206 55ms 8mb
[32minfo[39m: um-cloud-data/automorphisms/0.003/auto_53/data.pkl 206 55ms 8mb
[32minfo[39m: um-cloud-data/automorphisms/0.003/auto_53/data.pkl 206 55ms 8mb
[32minfo[39m: um-cloud-data/automorphisms/0.003/auto_53/data.pkl 206 55ms 8mb
INFO:root:BP decoder initialized

INFO:root:Running 500 Monte Carlo trials

INFO:root:  Error lógico corregido en patrón 19

INFO:root:  Error lógico corregido en patrón 36

INFO:root:  Error lógico corregido en patrón 37

INFO:root:  Error lógico corregido en patrón 45

INFO:root:  Error lógico corregido en patrón 47

INFO:root:  Error lógico corregido en patrón 58

INFO:root:  Error lógico corregido en patrón 63

INFO:root:  Error lógico corregido en patrón 68

INFO:root:  Error lógico corregido en patrón 70

INFO:root:  Error lógico corregido en patrón 82

INFO:root:  Error lógico corregido en patrón 85

INFO:root:  Error lógico corregido en patrón 88

INFO:root:  Error lógico corregido en patrón 93

INFO:root:  Error lógico corregido en patrón 107

INFO:root:  Error lógico corregido en patrón 116

INFO:root:  Error lógico corregido en patrón 118

INFO:root:  Error lógico corregido en patrón 135

INFO:root:  Error lógico corregido en patrón 146

INFO:root:  Error lógico corregido en patrón 159

INFO:root:  Error lógico corregido en patrón 161

INFO:root:  Error lógico corregido en patrón 166

INFO:root:  Error lógico corregido en patrón 170

INFO:root:  Error lógico corregido en patrón 184

INFO:root:  Error lógico corregido en patrón 203

INFO:root:  Error lógico corregido en patrón 212

INFO:root:  Error lógico corregido en patrón 214

INFO:root:  Error lógico corregido en patrón 220

INFO:root:  Error lógico corregido en patrón 221

INFO:root:  Error lógico corregido en patrón 223

INFO:root:  Error lógico corregido en patrón 240

INFO:root:  Error lógico corregido en patrón 241

INFO:root:  Error lógico corregido en patrón 248

INFO:root:  Error lógico corregido en patrón 262

INFO:root:  Error lógico corregido en patrón 275

INFO:root:  Error lógico corregido en patrón 301

INFO:root:  Error lógico corregido en patrón 311

INFO:root:  Error lógico corregido en patrón 339

INFO:root:  Error lógico corregido en patrón 344

INFO:root:  Error lógico corregido en patrón 352

INFO:root:  Error lógico corregido en patrón 355

INFO:root:  Error lógico corregido en patrón 357

INFO:root:  Error lógico corregido en patrón 381

INFO:root:  Error lógico corregido en patrón 382

INFO:root:  Error lógico corregido en patrón 403

INFO:root:  Error lógico corregido en patrón 406

INFO:root:  Error lógico corregido en patrón 408

INFO:root:  Error lógico corregido en patrón 413

INFO:root:  Error lógico corregido en patrón 420

INFO:root:  Error lógico corregido en patrón 426

INFO:root:  Error lógico corregido en patrón 433

INFO:root:  Error lógico corregido en patrón 438

INFO:root:  Error lógico corregido en patrón 444

INFO:root:  Error lógico corregido en patrón 445

INFO:root:  Error lógico corregido en patrón 451

INFO:root:  Error lógico corregido en patrón 461

INFO:root:  Error lógico corregido en patrón 490

INFO:root:  Error lógico corregido en patrón 493

INFO:root:Saving results to DynamoDB for id_nmc_batch: nmc_144_0c003_1, id_arguments: BP_53

INFO:root:Checking if table 'results_dynamodb' exists...

INFO:root:Table 'results_dynamodb' already exists.

INFO:root:Results saved to DynamoDB for id_nmc_batch: nmc_144_0c003_1

(λ: args_worker) RequestId: 52718b2d-c712-4f54-bba0-7fa610275569  Duration: 3718.58 ms  Billed Duration: 3719 ms
INFO:root:[OFFLINE] Lambda invoked successfully. HTTP code: 200

INFO:root:nmc_worker invoked with response: {'status': 'invoked'}
INFO:root:Invoking args_worker with event: {'id_nmc_batch': 'nmc_144_0c003_1', 'number_of_args_combinations_batches': 72, 'id_batch_arguments': 53}
INFO:root:[OFFLINE] Invoking lambda 'args_worker' at http://localhost:3000/dev/args_worker with payload: {'id_nmc_batch': 'nmc_144_0c003_1', 'number_of_args_combinations_batches': 72, 'id_batch_arguments': 54}



POST /dev/args_worker (λ: args_worker)
INFO:root:Event received in args_worker lambda_handler

INFO:root:codeConfig: 144, p: 0.003

INFO:root:Config with codeConfig 144 loaded

INFO:root:Bivariate bicycle code created

INFO:root:Circuit built

INFO:root:Detector error model built

INFO:root:Detector error model converted to check matrices

INFO:root:Successfully retrieved 1 arguments for id_batch_arguments: 54

INFO:root:Args variables loaded from DynamoDB

[32minfo[39m: um-cloud-data/detectors_observables/code_144/p_0c003/batch_1.json 200 2ms 3.12mb
INFO:root:Samples loaded from S3.

INFO:root:Downloading automorphism from S3: automorphisms/0.003/auto_54/data.pkl

[32minfo[39m: tum-cloud-data/automorphisms/0.003/auto_54/data.pkl 200 3ms 69.48mb
[32minfo[39m: um-cloud-data/automorphisms/0.003/auto_54/data.pkl 206 39ms 8mb
[32minfo[39m: um-cloud-data/automorphisms/0.003/auto_54/data.pkl 206 36ms 5.48mb
[32minfo[39m: um-cloud-data/automorphisms/0.003/auto_54/data.pkl 206 42ms 8mb
[32minfo[39m: um-cloud-data/automorphisms/0.003/auto_54/data.pkl 206 43ms 8mb
[32minfo[39m: um-cloud-data/automorphisms/0.003/auto_54/data.pkl 206 43ms 8mb
[32minfo[39m: um-cloud-data/automorphisms/0.003/auto_54/data.pkl 206 44ms 8mb
[32minfo[39m: um-cloud-data/automorphisms/0.003/auto_54/data.pkl 206 45ms 8mb
[32minfo[39m: um-cloud-data/automorphisms/0.003/auto_54/data.pkl 206 45ms 8mb
[32minfo[39m: um-cloud-data/automorphisms/0.003/auto_54/data.pkl 206 46ms 8mb
INFO:root:BP decoder initialized

INFO:root:Running 500 Monte Carlo trials

INFO:root:  Error lógico corregido en patrón 19

INFO:root:  Error lógico corregido en patrón 36

INFO:root:  Error lógico corregido en patrón 37

INFO:root:  Error lógico corregido en patrón 45

INFO:root:  Error lógico corregido en patrón 47

INFO:root:  Error lógico corregido en patrón 58

INFO:root:  Error lógico corregido en patrón 63

INFO:root:  Error lógico corregido en patrón 68

INFO:root:  Error lógico corregido en patrón 70

INFO:root:  Error lógico corregido en patrón 82

INFO:root:  Error lógico corregido en patrón 85

INFO:root:  Error lógico corregido en patrón 88

INFO:root:  Error lógico corregido en patrón 93

INFO:root:  Error lógico corregido en patrón 107

INFO:root:  Error lógico corregido en patrón 116

INFO:root:  Error lógico corregido en patrón 118

INFO:root:  Error lógico corregido en patrón 135

INFO:root:  Error lógico corregido en patrón 146

INFO:root:  Error lógico corregido en patrón 150

INFO:root:  Error lógico corregido en patrón 159

INFO:root:  Error lógico corregido en patrón 161

INFO:root:  Error lógico corregido en patrón 166

INFO:root:  Error lógico corregido en patrón 170

INFO:root:  Error lógico corregido en patrón 184

INFO:root:  Error lógico corregido en patrón 203

INFO:root:  Error lógico corregido en patrón 212

INFO:root:  Error lógico corregido en patrón 214

INFO:root:  Error lógico corregido en patrón 220

INFO:root:  Error lógico corregido en patrón 221

INFO:root:  Error lógico corregido en patrón 223

INFO:root:  Error lógico corregido en patrón 240

INFO:root:  Error lógico corregido en patrón 241

INFO:root:  Error lógico corregido en patrón 248

INFO:root:  Error lógico corregido en patrón 262

INFO:root:  Error lógico corregido en patrón 275

INFO:root:  Error lógico corregido en patrón 301

INFO:root:  Error lógico corregido en patrón 311

INFO:root:  Error lógico corregido en patrón 339

INFO:root:  Error lógico corregido en patrón 344

INFO:root:  Error lógico corregido en patrón 352

INFO:root:  Error lógico corregido en patrón 355

INFO:root:  Error lógico corregido en patrón 357

INFO:root:  Error lógico corregido en patrón 381

INFO:root:  Error lógico corregido en patrón 382

INFO:root:  Error lógico corregido en patrón 403

INFO:root:  Error lógico corregido en patrón 406

INFO:root:  Error lógico corregido en patrón 408

INFO:root:  Error lógico corregido en patrón 413

INFO:root:  Error lógico corregido en patrón 420

INFO:root:  Error lógico corregido en patrón 426

INFO:root:  Error lógico corregido en patrón 433

INFO:root:  Error lógico corregido en patrón 438

INFO:root:  Error lógico corregido en patrón 444

INFO:root:  Error lógico corregido en patrón 445

INFO:root:  Error lógico corregido en patrón 451

INFO:root:  Error lógico corregido en patrón 461

INFO:root:  Error lógico corregido en patrón 490

INFO:root:  Error lógico corregido en patrón 493

INFO:root:Saving results to DynamoDB for id_nmc_batch: nmc_144_0c003_1, id_arguments: BP_54

INFO:root:Checking if table 'results_dynamodb' exists...

INFO:root:Table 'results_dynamodb' already exists.

INFO:root:Results saved to DynamoDB for id_nmc_batch: nmc_144_0c003_1

(λ: args_worker) RequestId: efcda4fe-5f07-41b1-871a-8a3aa2da7c02  Duration: 3737.09 ms  Billed Duration: 3738 ms
INFO:root:[OFFLINE] Lambda invoked successfully. HTTP code: 200

INFO:root:nmc_worker invoked with response: {'status': 'invoked'}
INFO:root:Invoking args_worker with event: {'id_nmc_batch': 'nmc_144_0c003_1', 'number_of_args_combinations_batches': 72, 'id_batch_arguments': 54}
INFO:root:[OFFLINE] Invoking lambda 'args_worker' at http://localhost:3000/dev/args_worker with payload: {'id_nmc_batch': 'nmc_144_0c003_1', 'number_of_args_combinations_batches': 72, 'id_batch_arguments': 55}



POST /dev/args_worker (λ: args_worker)
INFO:root:Event received in args_worker lambda_handler

INFO:root:codeConfig: 144, p: 0.003
INFO:root:Config with codeConfig 144 loaded

INFO:root:Bivariate bicycle code created

INFO:root:Circuit built

INFO:root:Detector error model built

INFO:root:Detector error model converted to check matrices

INFO:root:Successfully retrieved 1 arguments for id_batch_arguments: 55

INFO:root:Args variables loaded from DynamoDB

[32minfo[39m: um-cloud-data/detectors_observables/code_144/p_0c003/batch_1.json 200 2ms 3.12mb
INFO:root:Samples loaded from S3.

INFO:root:Downloading automorphism from S3: automorphisms/0.003/auto_55/data.pkl

[32minfo[39m: tum-cloud-data/automorphisms/0.003/auto_55/data.pkl 200 3ms 69.48mb
[32minfo[39m: um-cloud-data/automorphisms/0.003/auto_55/data.pkl 206 41ms 5.48mb
[32minfo[39m: um-cloud-data/automorphisms/0.003/auto_55/data.pkl 206 55ms 8mb
[32minfo[39m: um-cloud-data/automorphisms/0.003/auto_55/data.pkl 206 54ms 8mb
[32minfo[39m: um-cloud-data/automorphisms/0.003/auto_55/data.pkl 206 53ms 8mb
[32minfo[39m: um-cloud-data/automorphisms/0.003/auto_55/data.pkl 206 57ms 8mb
[32minfo[39m: um-cloud-data/automorphisms/0.003/auto_55/data.pkl 206 57ms 8mb
[32minfo[39m: um-cloud-data/automorphisms/0.003/auto_55/data.pkl 206 56ms 8mb
[32minfo[39m: um-cloud-data/automorphisms/0.003/auto_55/data.pkl 206 58ms 8mb
[32minfo[39m: um-cloud-data/automorphisms/0.003/auto_55/data.pkl 206 54ms 8mb
INFO:root:BP decoder initialized

INFO:root:Running 500 Monte Carlo trials

INFO:root:  Error lógico corregido en patrón 19

INFO:root:  Error lógico corregido en patrón 36

INFO:root:  Error lógico corregido en patrón 37

INFO:root:  Error lógico corregido en patrón 45

INFO:root:  Error lógico corregido en patrón 47

INFO:root:  Error lógico corregido en patrón 48

INFO:root:  Error lógico corregido en patrón 58

INFO:root:  Error lógico corregido en patrón 63

INFO:root:  Error lógico corregido en patrón 68

INFO:root:  Error lógico corregido en patrón 70

INFO:root:  Error lógico corregido en patrón 82

INFO:root:  Error lógico corregido en patrón 85

INFO:root:  Error lógico corregido en patrón 88

INFO:root:  Error lógico corregido en patrón 93

INFO:root:  Error lógico corregido en patrón 107

INFO:root:  Error lógico corregido en patrón 116

INFO:root:  Error lógico corregido en patrón 118

INFO:root:  Error lógico corregido en patrón 135

INFO:root:  Error lógico corregido en patrón 146

INFO:root:  Error lógico corregido en patrón 159

INFO:root:  Error lógico corregido en patrón 161

INFO:root:  Error lógico corregido en patrón 166

INFO:root:  Error lógico corregido en patrón 170

INFO:root:  Error lógico corregido en patrón 184

INFO:root:  Error lógico corregido en patrón 203

INFO:root:  Error lógico corregido en patrón 212

INFO:root:  Error lógico corregido en patrón 214

INFO:root:  Error lógico corregido en patrón 220

INFO:root:  Error lógico corregido en patrón 221

INFO:root:  Error lógico corregido en patrón 223

INFO:root:  Error lógico corregido en patrón 241

INFO:root:  Error lógico corregido en patrón 248

INFO:root:  Error lógico corregido en patrón 262

INFO:root:  Error lógico corregido en patrón 275

INFO:root:  Error lógico corregido en patrón 301

INFO:root:  Error lógico corregido en patrón 311

INFO:root:  Error lógico corregido en patrón 339

INFO:root:  Error lógico corregido en patrón 344

INFO:root:  Error lógico corregido en patrón 352

INFO:root:  Error lógico corregido en patrón 355

INFO:root:  Error lógico corregido en patrón 357

INFO:root:  Error lógico corregido en patrón 381

INFO:root:  Error lógico corregido en patrón 382

INFO:root:  Error lógico corregido en patrón 403

INFO:root:  Error lógico corregido en patrón 406

INFO:root:  Error lógico corregido en patrón 408

INFO:root:  Error lógico corregido en patrón 413

INFO:root:  Error lógico corregido en patrón 420

INFO:root:  Error lógico corregido en patrón 426

INFO:root:  Error lógico corregido en patrón 433

INFO:root:  Error lógico corregido en patrón 438

INFO:root:  Error lógico corregido en patrón 444

INFO:root:  Error lógico corregido en patrón 445

INFO:root:  Error lógico corregido en patrón 451

INFO:root:  Error lógico corregido en patrón 461

INFO:root:  Error lógico corregido en patrón 490

INFO:root:  Error lógico corregido en patrón 493

INFO:root:Saving results to DynamoDB for id_nmc_batch: nmc_144_0c003_1, id_arguments: BP_55

INFO:root:Checking if table 'results_dynamodb' exists...

INFO:root:Table 'results_dynamodb' already exists.

INFO:root:Results saved to DynamoDB for id_nmc_batch: nmc_144_0c003_1

(λ: args_worker) RequestId: bc0cb5f2-7087-492b-ae34-cb83768eaeeb  Duration: 3763.65 ms  Billed Duration: 3764 ms
INFO:root:[OFFLINE] Lambda invoked successfully. HTTP code: 200

INFO:root:nmc_worker invoked with response: {'status': 'invoked'}
INFO:root:Invoking args_worker with event: {'id_nmc_batch': 'nmc_144_0c003_1', 'number_of_args_combinations_batches': 72, 'id_batch_arguments': 55}
INFO:root:[OFFLINE] Invoking lambda 'args_worker' at http://localhost:3000/dev/args_worker with payload: {'id_nmc_batch': 'nmc_144_0c003_1', 'number_of_args_combinations_batches': 72, 'id_batch_arguments': 56}



POST /dev/args_worker (λ: args_worker)
INFO:root:Event received in args_worker lambda_handler

INFO:root:codeConfig: 144, p: 0.003

INFO:root:Config with codeConfig 144 loaded

INFO:root:Bivariate bicycle code created

INFO:root:Circuit built

INFO:root:Detector error model built

INFO:root:Detector error model converted to check matrices

INFO:root:Successfully retrieved 1 arguments for id_batch_arguments: 56

INFO:root:Args variables loaded from DynamoDB

[32minfo[39m: um-cloud-data/detectors_observables/code_144/p_0c003/batch_1.json 200 2ms 3.12mb
INFO:root:Samples loaded from S3.

INFO:root:Downloading automorphism from S3: automorphisms/0.003/auto_56/data.pkl

[32minfo[39m: tum-cloud-data/automorphisms/0.003/auto_56/data.pkl 200 3ms 69.48mb
[32minfo[39m: um-cloud-data/automorphisms/0.003/auto_56/data.pkl 206 39ms 5.48mb
[32minfo[39m: um-cloud-data/automorphisms/0.003/auto_56/data.pkl 206 44ms 8mb
[32minfo[39m: um-cloud-data/automorphisms/0.003/auto_56/data.pkl 206 42ms 8mb
[32minfo[39m: um-cloud-data/automorphisms/0.003/auto_56/data.pkl 206 43ms 8mb
[32minfo[39m: um-cloud-data/automorphisms/0.003/auto_56/data.pkl 206 43ms 8mb
[32minfo[39m: um-cloud-data/automorphisms/0.003/auto_56/data.pkl 206 43ms 8mb
[32minfo[39m: um-cloud-data/automorphisms/0.003/auto_56/data.pkl 206 45ms 8mb
[32minfo[39m: um-cloud-data/automorphisms/0.003/auto_56/data.pkl 206 45ms 8mb
[32minfo[39m: um-cloud-data/automorphisms/0.003/auto_56/data.pkl 206 46ms 8mb
INFO:root:BP decoder initialized

INFO:root:Running 500 Monte Carlo trials

INFO:root:  Error lógico corregido en patrón 19

INFO:root:  Error lógico corregido en patrón 36

INFO:root:  Error lógico corregido en patrón 37

INFO:root:  Error lógico corregido en patrón 45

INFO:root:  Error lógico corregido en patrón 47

INFO:root:  Error lógico corregido en patrón 58

INFO:root:  Error lógico corregido en patrón 63

INFO:root:  Error lógico corregido en patrón 68

INFO:root:  Error lógico corregido en patrón 70

INFO:root:  Error lógico corregido en patrón 82

INFO:root:  Error lógico corregido en patrón 85

INFO:root:  Error lógico corregido en patrón 88

INFO:root:  Error lógico corregido en patrón 93

INFO:root:  Error lógico corregido en patrón 107

INFO:root:  Error lógico corregido en patrón 116

INFO:root:  Error lógico corregido en patrón 118

INFO:root:  Error lógico corregido en patrón 135

INFO:root:  Error lógico corregido en patrón 146

INFO:root:  Error lógico corregido en patrón 150

INFO:root:  Error lógico corregido en patrón 159

INFO:root:  Error lógico corregido en patrón 161

INFO:root:  Error lógico corregido en patrón 166

INFO:root:  Error lógico corregido en patrón 170

INFO:root:  Error lógico corregido en patrón 184

INFO:root:  Error lógico corregido en patrón 203

INFO:root:  Error lógico corregido en patrón 212

INFO:root:  Error lógico corregido en patrón 214

INFO:root:  Error lógico corregido en patrón 220

INFO:root:  Error lógico corregido en patrón 221

INFO:root:  Error lógico corregido en patrón 223

INFO:root:  Error lógico corregido en patrón 240

INFO:root:  Error lógico corregido en patrón 241

INFO:root:  Error lógico corregido en patrón 248

INFO:root:  Error lógico corregido en patrón 262

INFO:root:  Error lógico corregido en patrón 275

INFO:root:  Error lógico corregido en patrón 301

INFO:root:  Error lógico corregido en patrón 311

INFO:root:  Error lógico corregido en patrón 339

INFO:root:  Error lógico corregido en patrón 344

INFO:root:  Error lógico corregido en patrón 352

INFO:root:  Error lógico corregido en patrón 355

INFO:root:  Error lógico corregido en patrón 357

INFO:root:  Error lógico corregido en patrón 381

INFO:root:  Error lógico corregido en patrón 382

INFO:root:  Error lógico corregido en patrón 403

INFO:root:  Error lógico corregido en patrón 406

INFO:root:  Error lógico corregido en patrón 408

INFO:root:  Error lógico corregido en patrón 413

INFO:root:  Error lógico corregido en patrón 420

INFO:root:  Error lógico corregido en patrón 426

INFO:root:  Error lógico corregido en patrón 433

INFO:root:  Error lógico corregido en patrón 438

INFO:root:  Error lógico corregido en patrón 444

INFO:root:  Error lógico corregido en patrón 445

INFO:root:  Error lógico corregido en patrón 451

INFO:root:  Error lógico corregido en patrón 461

INFO:root:  Error lógico corregido en patrón 490

INFO:root:  Error lógico corregido en patrón 493

INFO:root:Saving results to DynamoDB for id_nmc_batch: nmc_144_0c003_1, id_arguments: BP_56

INFO:root:Checking if table 'results_dynamodb' exists...

INFO:root:Table 'results_dynamodb' already exists.

INFO:root:Results saved to DynamoDB for id_nmc_batch: nmc_144_0c003_1

(λ: args_worker) RequestId: 535b5b32-d9ce-4b1e-a521-bc0321a3c7c0  Duration: 3738.74 ms  Billed Duration: 3739 ms
INFO:root:[OFFLINE] Lambda invoked successfully. HTTP code: 200

INFO:root:nmc_worker invoked with response: {'status': 'invoked'}
INFO:root:Invoking args_worker with event: {'id_nmc_batch': 'nmc_144_0c003_1', 'number_of_args_combinations_batches': 72, 'id_batch_arguments': 56}
INFO:root:[OFFLINE] Invoking lambda 'args_worker' at http://localhost:3000/dev/args_worker with payload: {'id_nmc_batch': 'nmc_144_0c003_1', 'number_of_args_combinations_batches': 72, 'id_batch_arguments': 57}



POST /dev/args_worker (λ: args_worker)
INFO:root:Event received in args_worker lambda_handler

INFO:root:codeConfig: 144, p: 0.003

INFO:root:Config with codeConfig 144 loaded

INFO:root:Bivariate bicycle code created

INFO:root:Circuit built

INFO:root:Detector error model built

INFO:root:Detector error model converted to check matrices

INFO:root:Successfully retrieved 1 arguments for id_batch_arguments: 57

INFO:root:Args variables loaded from DynamoDB

[32minfo[39m: um-cloud-data/detectors_observables/code_144/p_0c003/batch_1.json 200 2ms 3.12mb
INFO:root:Samples loaded from S3.

INFO:root:Downloading automorphism from S3: automorphisms/0.003/auto_57/data.pkl

[32minfo[39m: tum-cloud-data/automorphisms/0.003/auto_57/data.pkl 200 3ms 69.48mb
[32minfo[39m: um-cloud-data/automorphisms/0.003/auto_57/data.pkl 206 46ms 8mb
[32minfo[39m: um-cloud-data/automorphisms/0.003/auto_57/data.pkl 206 45ms 5.48mb
[32minfo[39m: um-cloud-data/automorphisms/0.003/auto_57/data.pkl 206 53ms 8mb
[32minfo[39m: um-cloud-data/automorphisms/0.003/auto_57/data.pkl 206 53ms 8mb
[32minfo[39m: um-cloud-data/automorphisms/0.003/auto_57/data.pkl 206 53ms 8mb
[32minfo[39m: um-cloud-data/automorphisms/0.003/auto_57/data.pkl 206 55ms 8mb
[32minfo[39m: um-cloud-data/automorphisms/0.003/auto_57/data.pkl 206 54ms 8mb
[32minfo[39m: um-cloud-data/automorphisms/0.003/auto_57/data.pkl 206 55ms 8mb
[32minfo[39m: um-cloud-data/automorphisms/0.003/auto_57/data.pkl 206 56ms 8mb
INFO:root:BP decoder initialized

INFO:root:Running 500 Monte Carlo trials

INFO:root:  Error lógico corregido en patrón 19

INFO:root:  Error lógico corregido en patrón 36

INFO:root:  Error lógico corregido en patrón 37

INFO:root:  Error lógico corregido en patrón 45

INFO:root:  Error lógico corregido en patrón 47

INFO:root:  Error lógico corregido en patrón 48

INFO:root:  Error lógico corregido en patrón 58

INFO:root:  Error lógico corregido en patrón 63

INFO:root:  Error lógico corregido en patrón 68

INFO:root:  Error lógico corregido en patrón 70

INFO:root:  Error lógico corregido en patrón 82

INFO:root:  Error lógico corregido en patrón 85

INFO:root:  Error lógico corregido en patrón 88

INFO:root:  Error lógico corregido en patrón 93

INFO:root:  Error lógico corregido en patrón 107

INFO:root:  Error lógico corregido en patrón 116

INFO:root:  Error lógico corregido en patrón 118

INFO:root:  Error lógico corregido en patrón 135

INFO:root:  Error lógico corregido en patrón 146

INFO:root:  Error lógico corregido en patrón 159

INFO:root:  Error lógico corregido en patrón 161

INFO:root:  Error lógico corregido en patrón 166

INFO:root:  Error lógico corregido en patrón 170

INFO:root:  Error lógico corregido en patrón 184

INFO:root:  Error lógico corregido en patrón 203

INFO:root:  Error lógico corregido en patrón 212

INFO:root:  Error lógico corregido en patrón 214

INFO:root:  Error lógico corregido en patrón 220

INFO:root:  Error lógico corregido en patrón 221

INFO:root:  Error lógico corregido en patrón 223

INFO:root:  Error lógico corregido en patrón 240

INFO:root:  Error lógico corregido en patrón 241

INFO:root:  Error lógico corregido en patrón 248

INFO:root:  Error lógico corregido en patrón 262

INFO:root:  Error lógico corregido en patrón 275

INFO:root:  Error lógico corregido en patrón 301

INFO:root:  Error lógico corregido en patrón 311

INFO:root:  Error lógico corregido en patrón 339

INFO:root:  Error lógico corregido en patrón 344

INFO:root:  Error lógico corregido en patrón 352

INFO:root:  Error lógico corregido en patrón 355

INFO:root:  Error lógico corregido en patrón 357

INFO:root:  Error lógico corregido en patrón 381

INFO:root:  Error lógico corregido en patrón 382

INFO:root:  Error lógico corregido en patrón 403

INFO:root:  Error lógico corregido en patrón 406

INFO:root:  Error lógico corregido en patrón 408

INFO:root:  Error lógico corregido en patrón 413

INFO:root:  Error lógico corregido en patrón 420

INFO:root:  Error lógico corregido en patrón 426

INFO:root:  Error lógico corregido en patrón 433

INFO:root:  Error lógico corregido en patrón 438

INFO:root:  Error lógico corregido en patrón 444

INFO:root:  Error lógico corregido en patrón 445

INFO:root:  Error lógico corregido en patrón 451

INFO:root:  Error lógico corregido en patrón 461

INFO:root:  Error lógico corregido en patrón 490

INFO:root:  Error lógico corregido en patrón 493

INFO:root:Saving results to DynamoDB for id_nmc_batch: nmc_144_0c003_1, id_arguments: BP_57

INFO:root:Checking if table 'results_dynamodb' exists...

INFO:root:Table 'results_dynamodb' already exists.

INFO:root:Results saved to DynamoDB for id_nmc_batch: nmc_144_0c003_1

(λ: args_worker) RequestId: c68910b9-7ff2-4706-9683-6f358e659450  Duration: 3712.92 ms  Billed Duration: 3713 ms
INFO:root:[OFFLINE] Lambda invoked successfully. HTTP code: 200

INFO:root:nmc_worker invoked with response: {'status': 'invoked'}
INFO:root:Invoking args_worker with event: {'id_nmc_batch': 'nmc_144_0c003_1', 'number_of_args_combinations_batches': 72, 'id_batch_arguments': 57}
INFO:root:[OFFLINE] Invoking lambda 'args_worker' at http://localhost:3000/dev/args_worker with payload: {'id_nmc_batch': 'nmc_144_0c003_1', 'number_of_args_combinations_batches': 72, 'id_batch_arguments': 58}



POST /dev/args_worker (λ: args_worker)
INFO:root:Event received in args_worker lambda_handler

INFO:root:codeConfig: 144, p: 0.003

INFO:root:Config with codeConfig 144 loaded

INFO:root:Bivariate bicycle code created

INFO:root:Circuit built

INFO:root:Detector error model built

INFO:root:Detector error model converted to check matrices

INFO:root:Successfully retrieved 1 arguments for id_batch_arguments: 58

INFO:root:Args variables loaded from DynamoDB

[32minfo[39m: um-cloud-data/detectors_observables/code_144/p_0c003/batch_1.json 200 1ms 3.12mb
INFO:root:Samples loaded from S3.

INFO:root:Downloading automorphism from S3: automorphisms/0.003/auto_58/data.pkl

[32minfo[39m: tum-cloud-data/automorphisms/0.003/auto_58/data.pkl 200 3ms 69.48mb
[32minfo[39m: um-cloud-data/automorphisms/0.003/auto_58/data.pkl 206 31ms 5.48mb
[32minfo[39m: um-cloud-data/automorphisms/0.003/auto_58/data.pkl 206 44ms 8mb
[32minfo[39m: um-cloud-data/automorphisms/0.003/auto_58/data.pkl 206 44ms 8mb
[32minfo[39m: um-cloud-data/automorphisms/0.003/auto_58/data.pkl 206 46ms 8mb
[32minfo[39m: um-cloud-data/automorphisms/0.003/auto_58/data.pkl 206 45ms 8mb
[32minfo[39m: um-cloud-data/automorphisms/0.003/auto_58/data.pkl 206 46ms 8mb
[32minfo[39m: um-cloud-data/automorphisms/0.003/auto_58/data.pkl 206 46ms 8mb
[32minfo[39m: um-cloud-data/automorphisms/0.003/auto_58/data.pkl 206 47ms 8mb
[32minfo[39m: um-cloud-data/automorphisms/0.003/auto_58/data.pkl 206 40ms 8mb
INFO:root:BP decoder initialized

INFO:root:Running 500 Monte Carlo trials

INFO:root:  Error lógico corregido en patrón 19

INFO:root:  Error lógico corregido en patrón 36

INFO:root:  Error lógico corregido en patrón 37

INFO:root:  Error lógico corregido en patrón 45

INFO:root:  Error lógico corregido en patrón 47

INFO:root:  Error lógico corregido en patrón 58

INFO:root:  Error lógico corregido en patrón 63

INFO:root:  Error lógico corregido en patrón 68

INFO:root:  Error lógico corregido en patrón 70

INFO:root:  Error lógico corregido en patrón 82

INFO:root:  Error lógico corregido en patrón 85

INFO:root:  Error lógico corregido en patrón 88

INFO:root:  Error lógico corregido en patrón 93

INFO:root:  Error lógico corregido en patrón 107

INFO:root:  Error lógico corregido en patrón 116

INFO:root:  Error lógico corregido en patrón 118

INFO:root:  Error lógico corregido en patrón 135

INFO:root:  Error lógico corregido en patrón 146

INFO:root:  Error lógico corregido en patrón 150

INFO:root:  Error lógico corregido en patrón 159

INFO:root:  Error lógico corregido en patrón 161

INFO:root:  Error lógico corregido en patrón 166

INFO:root:  Error lógico corregido en patrón 170

INFO:root:  Error lógico corregido en patrón 184

INFO:root:  Error lógico corregido en patrón 203

INFO:root:  Error lógico corregido en patrón 212

INFO:root:  Error lógico corregido en patrón 214

INFO:root:  Error lógico corregido en patrón 220

INFO:root:  Error lógico corregido en patrón 221

INFO:root:  Error lógico corregido en patrón 223

INFO:root:  Error lógico corregido en patrón 240

INFO:root:  Error lógico corregido en patrón 241

INFO:root:  Error lógico corregido en patrón 248

INFO:root:  Error lógico corregido en patrón 262

INFO:root:  Error lógico corregido en patrón 275

INFO:root:  Error lógico corregido en patrón 301

INFO:root:  Error lógico corregido en patrón 311

INFO:root:  Error lógico corregido en patrón 339

INFO:root:  Error lógico corregido en patrón 344

INFO:root:  Error lógico corregido en patrón 352

INFO:root:  Error lógico corregido en patrón 355

INFO:root:  Error lógico corregido en patrón 357

INFO:root:  Error lógico corregido en patrón 381

INFO:root:  Error lógico corregido en patrón 382

INFO:root:  Error lógico corregido en patrón 403

INFO:root:  Error lógico corregido en patrón 406

INFO:root:  Error lógico corregido en patrón 408

INFO:root:  Error lógico corregido en patrón 413

INFO:root:  Error lógico corregido en patrón 420

INFO:root:  Error lógico corregido en patrón 426

INFO:root:  Error lógico corregido en patrón 433

INFO:root:  Error lógico corregido en patrón 438

INFO:root:  Error lógico corregido en patrón 444

INFO:root:  Error lógico corregido en patrón 445

INFO:root:  Error lógico corregido en patrón 451

INFO:root:  Error lógico corregido en patrón 461

INFO:root:  Error lógico corregido en patrón 490

INFO:root:  Error lógico corregido en patrón 493

INFO:root:Saving results to DynamoDB for id_nmc_batch: nmc_144_0c003_1, id_arguments: BP_58

INFO:root:Checking if table 'results_dynamodb' exists...

INFO:root:Table 'results_dynamodb' already exists.

INFO:root:Results saved to DynamoDB for id_nmc_batch: nmc_144_0c003_1

(λ: args_worker) RequestId: 1549b625-fb46-4c39-94a4-8dc056e7ad4c  Duration: 3730.92 ms  Billed Duration: 3731 ms
INFO:root:[OFFLINE] Lambda invoked successfully. HTTP code: 200

INFO:root:nmc_worker invoked with response: {'status': 'invoked'}
INFO:root:Invoking args_worker with event: {'id_nmc_batch': 'nmc_144_0c003_1', 'number_of_args_combinations_batches': 72, 'id_batch_arguments': 58}
INFO:root:[OFFLINE] Invoking lambda 'args_worker' at http://localhost:3000/dev/args_worker with payload: {'id_nmc_batch': 'nmc_144_0c003_1', 'number_of_args_combinations_batches': 72, 'id_batch_arguments': 59}



POST /dev/args_worker (λ: args_worker)
INFO:root:Event received in args_worker lambda_handler

INFO:root:codeConfig: 144, p: 0.003

INFO:root:Config with codeConfig 144 loaded

INFO:root:Bivariate bicycle code created

INFO:root:Circuit built

INFO:root:Detector error model built

INFO:root:Detector error model converted to check matrices

INFO:root:Successfully retrieved 1 arguments for id_batch_arguments: 59

INFO:root:Args variables loaded from DynamoDB

[32minfo[39m: um-cloud-data/detectors_observables/code_144/p_0c003/batch_1.json 200 2ms 3.12mb
INFO:root:Samples loaded from S3.

INFO:root:Downloading automorphism from S3: automorphisms/0.003/auto_59/data.pkl

[32minfo[39m: tum-cloud-data/automorphisms/0.003/auto_59/data.pkl 200 5ms 69.48mb
[32minfo[39m: um-cloud-data/automorphisms/0.003/auto_59/data.pkl 206 59ms 8mb
[32minfo[39m: um-cloud-data/automorphisms/0.003/auto_59/data.pkl 206 48ms 5.48mb
[32minfo[39m: um-cloud-data/automorphisms/0.003/auto_59/data.pkl 206 61ms 8mb
[32minfo[39m: um-cloud-data/automorphisms/0.003/auto_59/data.pkl 206 64ms 8mb
[32minfo[39m: um-cloud-data/automorphisms/0.003/auto_59/data.pkl 206 62ms 8mb
[32minfo[39m: um-cloud-data/automorphisms/0.003/auto_59/data.pkl 206 65ms 8mb
[32minfo[39m: um-cloud-data/automorphisms/0.003/auto_59/data.pkl 206 66ms 8mb
[32minfo[39m: um-cloud-data/automorphisms/0.003/auto_59/data.pkl 206 64ms 8mb
[32minfo[39m: um-cloud-data/automorphisms/0.003/auto_59/data.pkl 206 61ms 8mb
INFO:root:BP decoder initialized

INFO:root:Running 500 Monte Carlo trials

INFO:root:  Error lógico corregido en patrón 19

INFO:root:  Error lógico corregido en patrón 36

INFO:root:  Error lógico corregido en patrón 37

INFO:root:  Error lógico corregido en patrón 45

INFO:root:  Error lógico corregido en patrón 47

INFO:root:  Error lógico corregido en patrón 58

INFO:root:  Error lógico corregido en patrón 63

INFO:root:  Error lógico corregido en patrón 68

INFO:root:  Error lógico corregido en patrón 70

INFO:root:  Error lógico corregido en patrón 82

INFO:root:  Error lógico corregido en patrón 85

INFO:root:  Error lógico corregido en patrón 88

INFO:root:  Error lógico corregido en patrón 93

INFO:root:  Error lógico corregido en patrón 107

INFO:root:  Error lógico corregido en patrón 116

INFO:root:  Error lógico corregido en patrón 118

INFO:root:  Error lógico corregido en patrón 135

INFO:root:  Error lógico corregido en patrón 146

INFO:root:  Error lógico corregido en patrón 150

INFO:root:  Error lógico corregido en patrón 159

INFO:root:  Error lógico corregido en patrón 161

INFO:root:  Error lógico corregido en patrón 166

INFO:root:  Error lógico corregido en patrón 170

INFO:root:  Error lógico corregido en patrón 184

INFO:root:  Error lógico corregido en patrón 203

INFO:root:  Error lógico corregido en patrón 212

INFO:root:  Error lógico corregido en patrón 214

INFO:root:  Error lógico corregido en patrón 220

INFO:root:  Error lógico corregido en patrón 221

INFO:root:  Error lógico corregido en patrón 223

INFO:root:  Error lógico corregido en patrón 240

INFO:root:  Error lógico corregido en patrón 241

INFO:root:  Error lógico corregido en patrón 248

INFO:root:  Error lógico corregido en patrón 262

INFO:root:  Error lógico corregido en patrón 275

INFO:root:  Error lógico corregido en patrón 301

INFO:root:  Error lógico corregido en patrón 311

INFO:root:  Error lógico corregido en patrón 339

INFO:root:  Error lógico corregido en patrón 344

INFO:root:  Error lógico corregido en patrón 352

INFO:root:  Error lógico corregido en patrón 355

INFO:root:  Error lógico corregido en patrón 357

INFO:root:  Error lógico corregido en patrón 381

INFO:root:  Error lógico corregido en patrón 382

INFO:root:  Error lógico corregido en patrón 403

INFO:root:  Error lógico corregido en patrón 406

INFO:root:  Error lógico corregido en patrón 408

INFO:root:  Error lógico corregido en patrón 413

INFO:root:  Error lógico corregido en patrón 420

INFO:root:  Error lógico corregido en patrón 426

INFO:root:  Error lógico corregido en patrón 433

INFO:root:  Error lógico corregido en patrón 438

INFO:root:  Error lógico corregido en patrón 444

INFO:root:  Error lógico corregido en patrón 445

INFO:root:  Error lógico corregido en patrón 451

INFO:root:  Error lógico corregido en patrón 461

INFO:root:  Error lógico corregido en patrón 490

INFO:root:  Error lógico corregido en patrón 493

INFO:root:Saving results to DynamoDB for id_nmc_batch: nmc_144_0c003_1, id_arguments: BP_59

INFO:root:Checking if table 'results_dynamodb' exists...

INFO:root:Table 'results_dynamodb' already exists.

INFO:root:Results saved to DynamoDB for id_nmc_batch: nmc_144_0c003_1

(λ: args_worker) RequestId: 0d7c8fc3-3c75-45ad-8f29-3bda153520e1  Duration: 3771.43 ms  Billed Duration: 3772 ms
INFO:root:[OFFLINE] Lambda invoked successfully. HTTP code: 200

INFO:root:nmc_worker invoked with response: {'status': 'invoked'}
INFO:root:Invoking args_worker with event: {'id_nmc_batch': 'nmc_144_0c003_1', 'number_of_args_combinations_batches': 72, 'id_batch_arguments': 59}
INFO:root:[OFFLINE] Invoking lambda 'args_worker' at http://localhost:3000/dev/args_worker with payload: {'id_nmc_batch': 'nmc_144_0c003_1', 'number_of_args_combinations_batches': 72, 'id_batch_arguments': 60}



POST /dev/args_worker (λ: args_worker)
INFO:root:Event received in args_worker lambda_handler

INFO:root:codeConfig: 144, p: 0.003

INFO:root:Config with codeConfig 144 loaded

INFO:root:Bivariate bicycle code created

INFO:root:Circuit built

INFO:root:Detector error model built

INFO:root:Detector error model converted to check matrices

INFO:root:Successfully retrieved 1 arguments for id_batch_arguments: 60

INFO:root:Args variables loaded from DynamoDB

[32minfo[39m: um-cloud-data/detectors_observables/code_144/p_0c003/batch_1.json 200 2ms 3.12mb
INFO:root:Samples loaded from S3.

INFO:root:Downloading automorphism from S3: automorphisms/0.003/auto_60/data.pkl

[32minfo[39m: tum-cloud-data/automorphisms/0.003/auto_60/data.pkl 200 2ms 69.48mb
[32minfo[39m: um-cloud-data/automorphisms/0.003/auto_60/data.pkl 206 27ms 5.48mb
[32minfo[39m: um-cloud-data/automorphisms/0.003/auto_60/data.pkl 206 36ms 8mb
[32minfo[39m: um-cloud-data/automorphisms/0.003/auto_60/data.pkl 206 37ms 8mb
[32minfo[39m: um-cloud-data/automorphisms/0.003/auto_60/data.pkl 206 39ms 8mb
[32minfo[39m: um-cloud-data/automorphisms/0.003/auto_60/data.pkl 206 40ms 8mb
[32minfo[39m: um-cloud-data/automorphisms/0.003/auto_60/data.pkl 206 41ms 8mb
[32minfo[39m: um-cloud-data/automorphisms/0.003/auto_60/data.pkl 206 39ms 8mb
[32minfo[39m: um-cloud-data/automorphisms/0.003/auto_60/data.pkl 206 39ms 8mb
[32minfo[39m: um-cloud-data/automorphisms/0.003/auto_60/data.pkl 206 42ms 8mb
INFO:root:BP decoder initialized

INFO:root:Running 500 Monte Carlo trials

INFO:root:  Error lógico corregido en patrón 19

INFO:root:  Error lógico corregido en patrón 36

INFO:root:  Error lógico corregido en patrón 37

INFO:root:  Error lógico corregido en patrón 45

INFO:root:  Error lógico corregido en patrón 47

INFO:root:  Error lógico corregido en patrón 48

INFO:root:  Error lógico corregido en patrón 58

INFO:root:  Error lógico corregido en patrón 63

INFO:root:  Error lógico corregido en patrón 68

INFO:root:  Error lógico corregido en patrón 70

INFO:root:  Error lógico corregido en patrón 82

INFO:root:  Error lógico corregido en patrón 85

INFO:root:  Error lógico corregido en patrón 88

INFO:root:  Error lógico corregido en patrón 93

INFO:root:  Error lógico corregido en patrón 107

INFO:root:  Error lógico corregido en patrón 116

INFO:root:  Error lógico corregido en patrón 118

INFO:root:  Error lógico corregido en patrón 135

INFO:root:  Error lógico corregido en patrón 146

INFO:root:  Error lógico corregido en patrón 150

INFO:root:  Error lógico corregido en patrón 159

INFO:root:  Error lógico corregido en patrón 161

INFO:root:  Error lógico corregido en patrón 166

INFO:root:  Error lógico corregido en patrón 170

INFO:root:  Error lógico corregido en patrón 184

INFO:root:  Error lógico corregido en patrón 203

INFO:root:  Error lógico corregido en patrón 212

INFO:root:  Error lógico corregido en patrón 214

INFO:root:  Error lógico corregido en patrón 220

INFO:root:  Error lógico corregido en patrón 221

INFO:root:  Error lógico corregido en patrón 223

INFO:root:  Error lógico corregido en patrón 240

INFO:root:  Error lógico corregido en patrón 241

INFO:root:  Error lógico corregido en patrón 248

INFO:root:  Error lógico corregido en patrón 262

INFO:root:  Error lógico corregido en patrón 275

INFO:root:  Error lógico corregido en patrón 301

INFO:root:  Error lógico corregido en patrón 311

INFO:root:  Error lógico corregido en patrón 339

INFO:root:  Error lógico corregido en patrón 344

INFO:root:  Error lógico corregido en patrón 352

INFO:root:  Error lógico corregido en patrón 355

INFO:root:  Error lógico corregido en patrón 357

INFO:root:  Error lógico corregido en patrón 381

INFO:root:  Error lógico corregido en patrón 382

INFO:root:  Error lógico corregido en patrón 403

INFO:root:  Error lógico corregido en patrón 406

INFO:root:  Error lógico corregido en patrón 408

INFO:root:  Error lógico corregido en patrón 413

INFO:root:  Error lógico corregido en patrón 420

INFO:root:  Error lógico corregido en patrón 426

INFO:root:  Error lógico corregido en patrón 433

INFO:root:  Error lógico corregido en patrón 438

INFO:root:  Error lógico corregido en patrón 444

INFO:root:  Error lógico corregido en patrón 445

INFO:root:  Error lógico corregido en patrón 451

INFO:root:  Error lógico corregido en patrón 461

INFO:root:  Error lógico corregido en patrón 490

INFO:root:  Error lógico corregido en patrón 493

INFO:root:Saving results to DynamoDB for id_nmc_batch: nmc_144_0c003_1, id_arguments: BP_60

INFO:root:Checking if table 'results_dynamodb' exists...

INFO:root:Table 'results_dynamodb' already exists.

INFO:root:Results saved to DynamoDB for id_nmc_batch: nmc_144_0c003_1

(λ: args_worker) RequestId: 4c38e699-0916-4f54-a616-d52f716a7c58  Duration: 3789.13 ms  Billed Duration: 3790 ms
INFO:root:[OFFLINE] Lambda invoked successfully. HTTP code: 200

INFO:root:nmc_worker invoked with response: {'status': 'invoked'}
INFO:root:Invoking args_worker with event: {'id_nmc_batch': 'nmc_144_0c003_1', 'number_of_args_combinations_batches': 72, 'id_batch_arguments': 60}
INFO:root:[OFFLINE] Invoking lambda 'args_worker' at http://localhost:3000/dev/args_worker with payload: {'id_nmc_batch': 'nmc_144_0c003_1', 'number_of_args_combinations_batches': 72, 'id_batch_arguments': 61}



POST /dev/args_worker (λ: args_worker)
INFO:root:Event received in args_worker lambda_handler

INFO:root:codeConfig: 144, p: 0.003
INFO:root:Config with codeConfig 144 loaded

INFO:root:Bivariate bicycle code created

INFO:root:Circuit built

INFO:root:Detector error model built

INFO:root:Detector error model converted to check matrices

INFO:root:Successfully retrieved 1 arguments for id_batch_arguments: 61

INFO:root:Args variables loaded from DynamoDB

[32minfo[39m: um-cloud-data/detectors_observables/code_144/p_0c003/batch_1.json 200 2ms 3.12mb
INFO:root:Samples loaded from S3.

INFO:root:Downloading automorphism from S3: automorphisms/0.003/auto_61/data.pkl

[32minfo[39m: tum-cloud-data/automorphisms/0.003/auto_61/data.pkl 200 4ms 69.48mb
[32minfo[39m: um-cloud-data/automorphisms/0.003/auto_61/data.pkl 206 26ms 5.48mb
[32minfo[39m: um-cloud-data/automorphisms/0.003/auto_61/data.pkl 206 55ms 8mb
[32minfo[39m: um-cloud-data/automorphisms/0.003/auto_61/data.pkl 206 54ms 8mb
[32minfo[39m: um-cloud-data/automorphisms/0.003/auto_61/data.pkl 206 42ms 8mb
[32minfo[39m: um-cloud-data/automorphisms/0.003/auto_61/data.pkl 206 55ms 8mb
[32minfo[39m: um-cloud-data/automorphisms/0.003/auto_61/data.pkl 206 57ms 8mb
[32minfo[39m: um-cloud-data/automorphisms/0.003/auto_61/data.pkl 206 42ms 8mb
[32minfo[39m: um-cloud-data/automorphisms/0.003/auto_61/data.pkl 206 44ms 8mb
[32minfo[39m: um-cloud-data/automorphisms/0.003/auto_61/data.pkl 206 38ms 8mb
INFO:root:BP decoder initialized

INFO:root:Running 500 Monte Carlo trials

INFO:root:  Error lógico corregido en patrón 19

INFO:root:  Error lógico corregido en patrón 36

INFO:root:  Error lógico corregido en patrón 37

INFO:root:  Error lógico corregido en patrón 45

INFO:root:  Error lógico corregido en patrón 47

INFO:root:  Error lógico corregido en patrón 48

INFO:root:  Error lógico corregido en patrón 58

INFO:root:  Error lógico corregido en patrón 63

INFO:root:  Error lógico corregido en patrón 68

INFO:root:  Error lógico corregido en patrón 70

INFO:root:  Error lógico corregido en patrón 82

INFO:root:  Error lógico corregido en patrón 85

INFO:root:  Error lógico corregido en patrón 88

INFO:root:  Error lógico corregido en patrón 93

INFO:root:  Error lógico corregido en patrón 107

INFO:root:  Error lógico corregido en patrón 116

INFO:root:  Error lógico corregido en patrón 118

INFO:root:  Error lógico corregido en patrón 135

INFO:root:  Error lógico corregido en patrón 146

INFO:root:  Error lógico corregido en patrón 159

INFO:root:  Error lógico corregido en patrón 161

INFO:root:  Error lógico corregido en patrón 166

INFO:root:  Error lógico corregido en patrón 170

INFO:root:  Error lógico corregido en patrón 184

INFO:root:  Error lógico corregido en patrón 203

INFO:root:  Error lógico corregido en patrón 212

INFO:root:  Error lógico corregido en patrón 214

INFO:root:  Error lógico corregido en patrón 220

INFO:root:  Error lógico corregido en patrón 221

INFO:root:  Error lógico corregido en patrón 223

INFO:root:  Error lógico corregido en patrón 240

INFO:root:  Error lógico corregido en patrón 241

INFO:root:  Error lógico corregido en patrón 248

INFO:root:  Error lógico corregido en patrón 262

INFO:root:  Error lógico corregido en patrón 275

INFO:root:  Error lógico corregido en patrón 301

INFO:root:  Error lógico corregido en patrón 311

INFO:root:  Error lógico corregido en patrón 339

INFO:root:  Error lógico corregido en patrón 344

INFO:root:  Error lógico corregido en patrón 352

INFO:root:  Error lógico corregido en patrón 355

INFO:root:  Error lógico corregido en patrón 357

INFO:root:  Error lógico corregido en patrón 381

INFO:root:  Error lógico corregido en patrón 382

INFO:root:  Error lógico corregido en patrón 403

INFO:root:  Error lógico corregido en patrón 406

INFO:root:  Error lógico corregido en patrón 408

INFO:root:  Error lógico corregido en patrón 413

INFO:root:  Error lógico corregido en patrón 420

INFO:root:  Error lógico corregido en patrón 426

INFO:root:  Error lógico corregido en patrón 433

INFO:root:  Error lógico corregido en patrón 438

INFO:root:  Error lógico corregido en patrón 444

INFO:root:  Error lógico corregido en patrón 445

INFO:root:  Error lógico corregido en patrón 451

INFO:root:  Error lógico corregido en patrón 461

INFO:root:  Error lógico corregido en patrón 490

INFO:root:  Error lógico corregido en patrón 493

INFO:root:Saving results to DynamoDB for id_nmc_batch: nmc_144_0c003_1, id_arguments: BP_61

INFO:root:Checking if table 'results_dynamodb' exists...

INFO:root:Table 'results_dynamodb' already exists.

INFO:root:Results saved to DynamoDB for id_nmc_batch: nmc_144_0c003_1

(λ: args_worker) RequestId: d69e4f43-f5ec-42fb-893f-6acf5d61c14c  Duration: 3721.12 ms  Billed Duration: 3722 ms
INFO:root:[OFFLINE] Lambda invoked successfully. HTTP code: 200

INFO:root:nmc_worker invoked with response: {'status': 'invoked'}
INFO:root:Invoking args_worker with event: {'id_nmc_batch': 'nmc_144_0c003_1', 'number_of_args_combinations_batches': 72, 'id_batch_arguments': 61}
INFO:root:[OFFLINE] Invoking lambda 'args_worker' at http://localhost:3000/dev/args_worker with payload: {'id_nmc_batch': 'nmc_144_0c003_1', 'number_of_args_combinations_batches': 72, 'id_batch_arguments': 62}



POST /dev/args_worker (λ: args_worker)
INFO:root:Event received in args_worker lambda_handler

INFO:root:codeConfig: 144, p: 0.003

INFO:root:Config with codeConfig 144 loaded

INFO:root:Bivariate bicycle code created

INFO:root:Circuit built

INFO:root:Detector error model built

INFO:root:Detector error model converted to check matrices

INFO:root:Successfully retrieved 1 arguments for id_batch_arguments: 62

INFO:root:Args variables loaded from DynamoDB

[32minfo[39m: um-cloud-data/detectors_observables/code_144/p_0c003/batch_1.json 200 1ms 3.12mb
INFO:root:Samples loaded from S3.

INFO:root:Downloading automorphism from S3: automorphisms/0.003/auto_62/data.pkl

[32minfo[39m: tum-cloud-data/automorphisms/0.003/auto_62/data.pkl 200 2ms 69.48mb
[32minfo[39m: um-cloud-data/automorphisms/0.003/auto_62/data.pkl 206 26ms 5.48mb
[32minfo[39m: um-cloud-data/automorphisms/0.003/auto_62/data.pkl 206 39ms 8mb
[32minfo[39m: um-cloud-data/automorphisms/0.003/auto_62/data.pkl 206 44ms 8mb
[32minfo[39m: um-cloud-data/automorphisms/0.003/auto_62/data.pkl 206 42ms 8mb
[32minfo[39m: um-cloud-data/automorphisms/0.003/auto_62/data.pkl 206 42ms 8mb
[32minfo[39m: um-cloud-data/automorphisms/0.003/auto_62/data.pkl 206 45ms 8mb
[32minfo[39m: um-cloud-data/automorphisms/0.003/auto_62/data.pkl 206 45ms 8mb
[32minfo[39m: um-cloud-data/automorphisms/0.003/auto_62/data.pkl 206 45ms 8mb
[32minfo[39m: um-cloud-data/automorphisms/0.003/auto_62/data.pkl 206 47ms 8mb
INFO:root:BP decoder initialized

INFO:root:Running 500 Monte Carlo trials

INFO:root:  Error lógico corregido en patrón 19

INFO:root:  Error lógico corregido en patrón 36

INFO:root:  Error lógico corregido en patrón 37

INFO:root:  Error lógico corregido en patrón 45

INFO:root:  Error lógico corregido en patrón 47

INFO:root:  Error lógico corregido en patrón 58

INFO:root:  Error lógico corregido en patrón 63

INFO:root:  Error lógico corregido en patrón 68

INFO:root:  Error lógico corregido en patrón 70

INFO:root:  Error lógico corregido en patrón 82

INFO:root:  Error lógico corregido en patrón 85

INFO:root:  Error lógico corregido en patrón 88

INFO:root:  Error lógico corregido en patrón 93

INFO:root:  Error lógico corregido en patrón 107

INFO:root:  Error lógico corregido en patrón 116

INFO:root:  Error lógico corregido en patrón 118

INFO:root:  Error lógico corregido en patrón 135

INFO:root:  Error lógico corregido en patrón 146

INFO:root:  Error lógico corregido en patrón 150

INFO:root:  Error lógico corregido en patrón 159

INFO:root:  Error lógico corregido en patrón 161

INFO:root:  Error lógico corregido en patrón 166

INFO:root:  Error lógico corregido en patrón 170

INFO:root:  Error lógico corregido en patrón 184

INFO:root:  Error lógico corregido en patrón 203

INFO:root:  Error lógico corregido en patrón 212

INFO:root:  Error lógico corregido en patrón 214

INFO:root:  Error lógico corregido en patrón 220

INFO:root:  Error lógico corregido en patrón 221

INFO:root:  Error lógico corregido en patrón 223

INFO:root:  Error lógico corregido en patrón 240

INFO:root:  Error lógico corregido en patrón 241

INFO:root:  Error lógico corregido en patrón 248

INFO:root:  Error lógico corregido en patrón 262

INFO:root:  Error lógico corregido en patrón 275

INFO:root:  Error lógico corregido en patrón 301

INFO:root:  Error lógico corregido en patrón 311

INFO:root:  Error lógico corregido en patrón 339

INFO:root:  Error lógico corregido en patrón 344

INFO:root:  Error lógico corregido en patrón 352

INFO:root:  Error lógico corregido en patrón 355

INFO:root:  Error lógico corregido en patrón 357

INFO:root:  Error lógico corregido en patrón 381

INFO:root:  Error lógico corregido en patrón 382

INFO:root:  Error lógico corregido en patrón 403

INFO:root:  Error lógico corregido en patrón 406

INFO:root:  Error lógico corregido en patrón 408

INFO:root:  Error lógico corregido en patrón 413

INFO:root:  Error lógico corregido en patrón 420

INFO:root:  Error lógico corregido en patrón 426

INFO:root:  Error lógico corregido en patrón 433

INFO:root:  Error lógico corregido en patrón 438

INFO:root:  Error lógico corregido en patrón 444

INFO:root:  Error lógico corregido en patrón 445

INFO:root:  Error lógico corregido en patrón 451

INFO:root:  Error lógico corregido en patrón 461

INFO:root:  Error lógico corregido en patrón 490

INFO:root:  Error lógico corregido en patrón 493

INFO:root:Saving results to DynamoDB for id_nmc_batch: nmc_144_0c003_1, id_arguments: BP_62

INFO:root:Checking if table 'results_dynamodb' exists...

INFO:root:Table 'results_dynamodb' already exists.

INFO:root:Results saved to DynamoDB for id_nmc_batch: nmc_144_0c003_1

(λ: args_worker) RequestId: 8f93b57e-45d9-4056-b62c-fb6ee0d87d5a  Duration: 3729.97 ms  Billed Duration: 3730 ms
INFO:root:[OFFLINE] Lambda invoked successfully. HTTP code: 200

INFO:root:nmc_worker invoked with response: {'status': 'invoked'}
INFO:root:Invoking args_worker with event: {'id_nmc_batch': 'nmc_144_0c003_1', 'number_of_args_combinations_batches': 72, 'id_batch_arguments': 62}
INFO:root:[OFFLINE] Invoking lambda 'args_worker' at http://localhost:3000/dev/args_worker with payload: {'id_nmc_batch': 'nmc_144_0c003_1', 'number_of_args_combinations_batches': 72, 'id_batch_arguments': 63}



POST /dev/args_worker (λ: args_worker)
INFO:root:Event received in args_worker lambda_handler

INFO:root:codeConfig: 144, p: 0.003

INFO:root:Config with codeConfig 144 loaded

INFO:root:Bivariate bicycle code created

INFO:root:Circuit built

INFO:root:Detector error model built

INFO:root:Detector error model converted to check matrices

INFO:root:Successfully retrieved 1 arguments for id_batch_arguments: 63

INFO:root:Args variables loaded from DynamoDB

[32minfo[39m: um-cloud-data/detectors_observables/code_144/p_0c003/batch_1.json 200 2ms 3.12mb
INFO:root:Samples loaded from S3.

INFO:root:Downloading automorphism from S3: automorphisms/0.003/auto_63/data.pkl

[32minfo[39m: tum-cloud-data/automorphisms/0.003/auto_63/data.pkl 200 2ms 69.48mb
[32minfo[39m: um-cloud-data/automorphisms/0.003/auto_63/data.pkl 206 29ms 5.48mb
[32minfo[39m: um-cloud-data/automorphisms/0.003/auto_63/data.pkl 206 40ms 8mb
[32minfo[39m: um-cloud-data/automorphisms/0.003/auto_63/data.pkl 206 44ms 8mb
[32minfo[39m: um-cloud-data/automorphisms/0.003/auto_63/data.pkl 206 44ms 8mb
[32minfo[39m: um-cloud-data/automorphisms/0.003/auto_63/data.pkl 206 47ms 8mb
[32minfo[39m: um-cloud-data/automorphisms/0.003/auto_63/data.pkl 206 47ms 8mb
[32minfo[39m: um-cloud-data/automorphisms/0.003/auto_63/data.pkl 206 46ms 8mb
[32minfo[39m: um-cloud-data/automorphisms/0.003/auto_63/data.pkl 206 42ms 8mb
[32minfo[39m: um-cloud-data/automorphisms/0.003/auto_63/data.pkl 206 47ms 8mb
INFO:root:BP decoder initialized

INFO:root:Running 500 Monte Carlo trials

INFO:root:  Error lógico corregido en patrón 19

INFO:root:  Error lógico corregido en patrón 36

INFO:root:  Error lógico corregido en patrón 37

INFO:root:  Error lógico corregido en patrón 45

INFO:root:  Error lógico corregido en patrón 47

INFO:root:  Error lógico corregido en patrón 58

INFO:root:  Error lógico corregido en patrón 63

INFO:root:  Error lógico corregido en patrón 68

INFO:root:  Error lógico corregido en patrón 70

INFO:root:  Error lógico corregido en patrón 82

INFO:root:  Error lógico corregido en patrón 85

INFO:root:  Error lógico corregido en patrón 88

INFO:root:  Error lógico corregido en patrón 93

INFO:root:  Error lógico corregido en patrón 107

INFO:root:  Error lógico corregido en patrón 116

INFO:root:  Error lógico corregido en patrón 118

INFO:root:  Error lógico corregido en patrón 135

INFO:root:  Error lógico corregido en patrón 146

INFO:root:  Error lógico corregido en patrón 150

INFO:root:  Error lógico corregido en patrón 159

INFO:root:  Error lógico corregido en patrón 161

INFO:root:  Error lógico corregido en patrón 166

INFO:root:  Error lógico corregido en patrón 170

INFO:root:  Error lógico corregido en patrón 184

INFO:root:  Error lógico corregido en patrón 203

INFO:root:  Error lógico corregido en patrón 212

INFO:root:  Error lógico corregido en patrón 214

INFO:root:  Error lógico corregido en patrón 220

INFO:root:  Error lógico corregido en patrón 221

INFO:root:  Error lógico corregido en patrón 223

INFO:root:  Error lógico corregido en patrón 240

INFO:root:  Error lógico corregido en patrón 241

INFO:root:  Error lógico corregido en patrón 248

INFO:root:  Error lógico corregido en patrón 262

INFO:root:  Error lógico corregido en patrón 275

INFO:root:  Error lógico corregido en patrón 301

INFO:root:  Error lógico corregido en patrón 311

INFO:root:  Error lógico corregido en patrón 339

INFO:root:  Error lógico corregido en patrón 344

INFO:root:  Error lógico corregido en patrón 352

INFO:root:  Error lógico corregido en patrón 355

INFO:root:  Error lógico corregido en patrón 357

INFO:root:  Error lógico corregido en patrón 381

INFO:root:  Error lógico corregido en patrón 382

INFO:root:  Error lógico corregido en patrón 403

INFO:root:  Error lógico corregido en patrón 406

INFO:root:  Error lógico corregido en patrón 408

INFO:root:  Error lógico corregido en patrón 413

INFO:root:  Error lógico corregido en patrón 420

INFO:root:  Error lógico corregido en patrón 426

INFO:root:  Error lógico corregido en patrón 433

INFO:root:  Error lógico corregido en patrón 438

INFO:root:  Error lógico corregido en patrón 444

INFO:root:  Error lógico corregido en patrón 445

INFO:root:  Error lógico corregido en patrón 451

INFO:root:  Error lógico corregido en patrón 461

INFO:root:  Error lógico corregido en patrón 490

INFO:root:  Error lógico corregido en patrón 493

INFO:root:Saving results to DynamoDB for id_nmc_batch: nmc_144_0c003_1, id_arguments: BP_63

INFO:root:Checking if table 'results_dynamodb' exists...

INFO:root:Table 'results_dynamodb' already exists.

INFO:root:Results saved to DynamoDB for id_nmc_batch: nmc_144_0c003_1

(λ: args_worker) RequestId: 0269aaf9-99ea-4e28-bfbd-d399b52ed9e6  Duration: 3770.16 ms  Billed Duration: 3771 ms
INFO:root:[OFFLINE] Lambda invoked successfully. HTTP code: 200

INFO:root:nmc_worker invoked with response: {'status': 'invoked'}
INFO:root:Invoking args_worker with event: {'id_nmc_batch': 'nmc_144_0c003_1', 'number_of_args_combinations_batches': 72, 'id_batch_arguments': 63}
INFO:root:[OFFLINE] Invoking lambda 'args_worker' at http://localhost:3000/dev/args_worker with payload: {'id_nmc_batch': 'nmc_144_0c003_1', 'number_of_args_combinations_batches': 72, 'id_batch_arguments': 64}



POST /dev/args_worker (λ: args_worker)
INFO:root:Event received in args_worker lambda_handler

INFO:root:codeConfig: 144, p: 0.003

INFO:root:Config with codeConfig 144 loaded

INFO:root:Bivariate bicycle code created

INFO:root:Circuit built

INFO:root:Detector error model built

INFO:root:Detector error model converted to check matrices

INFO:root:Successfully retrieved 1 arguments for id_batch_arguments: 64

INFO:root:Args variables loaded from DynamoDB

[32minfo[39m: um-cloud-data/detectors_observables/code_144/p_0c003/batch_1.json 200 2ms 3.12mb
INFO:root:Samples loaded from S3.

INFO:root:Downloading automorphism from S3: automorphisms/0.003/auto_64/data.pkl

[32minfo[39m: tum-cloud-data/automorphisms/0.003/auto_64/data.pkl 200 3ms 69.48mb
[32minfo[39m: um-cloud-data/automorphisms/0.003/auto_64/data.pkl 206 26ms 5.48mb
[32minfo[39m: um-cloud-data/automorphisms/0.003/auto_64/data.pkl 206 40ms 8mb
[32minfo[39m: um-cloud-data/automorphisms/0.003/auto_64/data.pkl 206 40ms 8mb
[32minfo[39m: um-cloud-data/automorphisms/0.003/auto_64/data.pkl 206 43ms 8mb
[32minfo[39m: um-cloud-data/automorphisms/0.003/auto_64/data.pkl 206 44ms 8mb
[32minfo[39m: um-cloud-data/automorphisms/0.003/auto_64/data.pkl 206 41ms 8mb
[32minfo[39m: um-cloud-data/automorphisms/0.003/auto_64/data.pkl 206 44ms 8mb
[32minfo[39m: um-cloud-data/automorphisms/0.003/auto_64/data.pkl 206 45ms 8mb
[32minfo[39m: um-cloud-data/automorphisms/0.003/auto_64/data.pkl 206 39ms 8mb
INFO:root:BP decoder initialized

INFO:root:Running 500 Monte Carlo trials

INFO:root:  Error lógico corregido en patrón 19

INFO:root:  Error lógico corregido en patrón 36

INFO:root:  Error lógico corregido en patrón 37

INFO:root:  Error lógico corregido en patrón 45

INFO:root:  Error lógico corregido en patrón 47

INFO:root:  Error lógico corregido en patrón 48

INFO:root:  Error lógico corregido en patrón 58

INFO:root:  Error lógico corregido en patrón 63

INFO:root:  Error lógico corregido en patrón 68

INFO:root:  Error lógico corregido en patrón 70

INFO:root:  Error lógico corregido en patrón 82

INFO:root:  Error lógico corregido en patrón 85

INFO:root:  Error lógico corregido en patrón 88

INFO:root:  Error lógico corregido en patrón 93

INFO:root:  Error lógico corregido en patrón 107

INFO:root:  Error lógico corregido en patrón 116

INFO:root:  Error lógico corregido en patrón 118

INFO:root:  Error lógico corregido en patrón 135

INFO:root:  Error lógico corregido en patrón 146

INFO:root:  Error lógico corregido en patrón 159

INFO:root:  Error lógico corregido en patrón 161

INFO:root:  Error lógico corregido en patrón 166

INFO:root:  Error lógico corregido en patrón 170

INFO:root:  Error lógico corregido en patrón 184

INFO:root:  Error lógico corregido en patrón 203

INFO:root:  Error lógico corregido en patrón 212

INFO:root:  Error lógico corregido en patrón 214

INFO:root:  Error lógico corregido en patrón 220

INFO:root:  Error lógico corregido en patrón 221

INFO:root:  Error lógico corregido en patrón 223

INFO:root:  Error lógico corregido en patrón 241

INFO:root:  Error lógico corregido en patrón 248

INFO:root:  Error lógico corregido en patrón 262

INFO:root:  Error lógico corregido en patrón 275

INFO:root:  Error lógico corregido en patrón 301

INFO:root:  Error lógico corregido en patrón 311

INFO:root:  Error lógico corregido en patrón 339

INFO:root:  Error lógico corregido en patrón 344

INFO:root:  Error lógico corregido en patrón 352

INFO:root:  Error lógico corregido en patrón 355

INFO:root:  Error lógico corregido en patrón 357

INFO:root:  Error lógico corregido en patrón 381

INFO:root:  Error lógico corregido en patrón 382

INFO:root:  Error lógico corregido en patrón 403

INFO:root:  Error lógico corregido en patrón 406

INFO:root:  Error lógico corregido en patrón 408

INFO:root:  Error lógico corregido en patrón 413

INFO:root:  Error lógico corregido en patrón 420

INFO:root:  Error lógico corregido en patrón 426

INFO:root:  Error lógico corregido en patrón 433

INFO:root:  Error lógico corregido en patrón 438

INFO:root:  Error lógico corregido en patrón 444

INFO:root:  Error lógico corregido en patrón 445

INFO:root:  Error lógico corregido en patrón 451

INFO:root:  Error lógico corregido en patrón 461

INFO:root:  Error lógico corregido en patrón 490

INFO:root:  Error lógico corregido en patrón 493

INFO:root:Saving results to DynamoDB for id_nmc_batch: nmc_144_0c003_1, id_arguments: BP_64

INFO:root:Checking if table 'results_dynamodb' exists...

INFO:root:Table 'results_dynamodb' already exists.

INFO:root:Results saved to DynamoDB for id_nmc_batch: nmc_144_0c003_1

(λ: args_worker) RequestId: 69ac645d-8bbc-4ba7-ba14-a6d299be31c9  Duration: 3782.24 ms  Billed Duration: 3783 ms
INFO:root:[OFFLINE] Lambda invoked successfully. HTTP code: 200

INFO:root:nmc_worker invoked with response: {'status': 'invoked'}
INFO:root:Invoking args_worker with event: {'id_nmc_batch': 'nmc_144_0c003_1', 'number_of_args_combinations_batches': 72, 'id_batch_arguments': 64}
INFO:root:[OFFLINE] Invoking lambda 'args_worker' at http://localhost:3000/dev/args_worker with payload: {'id_nmc_batch': 'nmc_144_0c003_1', 'number_of_args_combinations_batches': 72, 'id_batch_arguments': 65}



POST /dev/args_worker (λ: args_worker)
INFO:root:Event received in args_worker lambda_handler

INFO:root:codeConfig: 144, p: 0.003

INFO:root:Config with codeConfig 144 loaded

INFO:root:Bivariate bicycle code created

INFO:root:Circuit built

INFO:root:Detector error model built

INFO:root:Detector error model converted to check matrices

INFO:root:Successfully retrieved 1 arguments for id_batch_arguments: 65

INFO:root:Args variables loaded from DynamoDB

[32minfo[39m: um-cloud-data/detectors_observables/code_144/p_0c003/batch_1.json 200 3ms 3.12mb
INFO:root:Samples loaded from S3.

INFO:root:Downloading automorphism from S3: automorphisms/0.003/auto_65/data.pkl

[32minfo[39m: tum-cloud-data/automorphisms/0.003/auto_65/data.pkl 200 1ms 69.48mb
[32minfo[39m: um-cloud-data/automorphisms/0.003/auto_65/data.pkl 206 39ms 8mb
[32minfo[39m: um-cloud-data/automorphisms/0.003/auto_65/data.pkl 206 51ms 5.48mb
[32minfo[39m: um-cloud-data/automorphisms/0.003/auto_65/data.pkl 206 66ms 8mb
[32minfo[39m: um-cloud-data/automorphisms/0.003/auto_65/data.pkl 206 66ms 8mb
[32minfo[39m: um-cloud-data/automorphisms/0.003/auto_65/data.pkl 206 65ms 8mb
[32minfo[39m: um-cloud-data/automorphisms/0.003/auto_65/data.pkl 206 65ms 8mb
[32minfo[39m: um-cloud-data/automorphisms/0.003/auto_65/data.pkl 206 66ms 8mb
[32minfo[39m: um-cloud-data/automorphisms/0.003/auto_65/data.pkl 206 65ms 8mb
[32minfo[39m: um-cloud-data/automorphisms/0.003/auto_65/data.pkl 206 66ms 8mb
INFO:root:BP decoder initialized

INFO:root:Running 500 Monte Carlo trials

INFO:root:  Error lógico corregido en patrón 19

INFO:root:  Error lógico corregido en patrón 36

INFO:root:  Error lógico corregido en patrón 37

INFO:root:  Error lógico corregido en patrón 45

INFO:root:  Error lógico corregido en patrón 47

INFO:root:  Error lógico corregido en patrón 48

INFO:root:  Error lógico corregido en patrón 58

INFO:root:  Error lógico corregido en patrón 63

INFO:root:  Error lógico corregido en patrón 68

INFO:root:  Error lógico corregido en patrón 70

INFO:root:  Error lógico corregido en patrón 82

INFO:root:  Error lógico corregido en patrón 85

INFO:root:  Error lógico corregido en patrón 88

INFO:root:  Error lógico corregido en patrón 93

INFO:root:  Error lógico corregido en patrón 107

INFO:root:  Error lógico corregido en patrón 116

INFO:root:  Error lógico corregido en patrón 118

INFO:root:  Error lógico corregido en patrón 135

INFO:root:  Error lógico corregido en patrón 146

INFO:root:  Error lógico corregido en patrón 159

INFO:root:  Error lógico corregido en patrón 161

INFO:root:  Error lógico corregido en patrón 166

INFO:root:  Error lógico corregido en patrón 170

INFO:root:  Error lógico corregido en patrón 184

INFO:root:  Error lógico corregido en patrón 203

INFO:root:  Error lógico corregido en patrón 212

INFO:root:  Error lógico corregido en patrón 214

INFO:root:  Error lógico corregido en patrón 220

INFO:root:  Error lógico corregido en patrón 221

INFO:root:  Error lógico corregido en patrón 223

INFO:root:  Error lógico corregido en patrón 241

INFO:root:  Error lógico corregido en patrón 248

INFO:root:  Error lógico corregido en patrón 262

INFO:root:  Error lógico corregido en patrón 275

INFO:root:  Error lógico corregido en patrón 301

INFO:root:  Error lógico corregido en patrón 311

INFO:root:  Error lógico corregido en patrón 339

INFO:root:  Error lógico corregido en patrón 344

INFO:root:  Error lógico corregido en patrón 352

INFO:root:  Error lógico corregido en patrón 355

INFO:root:  Error lógico corregido en patrón 357

INFO:root:  Error lógico corregido en patrón 381

INFO:root:  Error lógico corregido en patrón 382

INFO:root:  Error lógico corregido en patrón 403

INFO:root:  Error lógico corregido en patrón 406

INFO:root:  Error lógico corregido en patrón 408

INFO:root:  Error lógico corregido en patrón 413

INFO:root:  Error lógico corregido en patrón 420

INFO:root:  Error lógico corregido en patrón 426

INFO:root:  Error lógico corregido en patrón 433

INFO:root:  Error lógico corregido en patrón 438

INFO:root:  Error lógico corregido en patrón 444

INFO:root:  Error lógico corregido en patrón 445

INFO:root:  Error lógico corregido en patrón 451

INFO:root:  Error lógico corregido en patrón 461

INFO:root:  Error lógico corregido en patrón 490

INFO:root:  Error lógico corregido en patrón 493

INFO:root:Saving results to DynamoDB for id_nmc_batch: nmc_144_0c003_1, id_arguments: BP_65

INFO:root:Checking if table 'results_dynamodb' exists...

INFO:root:Table 'results_dynamodb' already exists.

INFO:root:Results saved to DynamoDB for id_nmc_batch: nmc_144_0c003_1

(λ: args_worker) RequestId: 6c0fb54d-f7b4-4a40-b0e1-3ca911b348c4  Duration: 3980.64 ms  Billed Duration: 3981 ms
INFO:root:[OFFLINE] Lambda invoked successfully. HTTP code: 200

INFO:root:nmc_worker invoked with response: {'status': 'invoked'}
INFO:root:Invoking args_worker with event: {'id_nmc_batch': 'nmc_144_0c003_1', 'number_of_args_combinations_batches': 72, 'id_batch_arguments': 65}
INFO:root:[OFFLINE] Invoking lambda 'args_worker' at http://localhost:3000/dev/args_worker with payload: {'id_nmc_batch': 'nmc_144_0c003_1', 'number_of_args_combinations_batches': 72, 'id_batch_arguments': 66}



POST /dev/args_worker (λ: args_worker)
INFO:root:Event received in args_worker lambda_handler

INFO:root:codeConfig: 144, p: 0.003

INFO:root:Config with codeConfig 144 loaded

INFO:root:Bivariate bicycle code created

INFO:root:Circuit built

INFO:root:Detector error model built

INFO:root:Detector error model converted to check matrices

INFO:root:Successfully retrieved 1 arguments for id_batch_arguments: 66

INFO:root:Args variables loaded from DynamoDB

[32minfo[39m: um-cloud-data/detectors_observables/code_144/p_0c003/batch_1.json 200 2ms 3.12mb
INFO:root:Samples loaded from S3.

INFO:root:Downloading automorphism from S3: automorphisms/0.003/auto_66/data.pkl

[32minfo[39m: tum-cloud-data/automorphisms/0.003/auto_66/data.pkl 200 4ms 69.48mb
[32minfo[39m: um-cloud-data/automorphisms/0.003/auto_66/data.pkl 206 32ms 5.48mb
[32minfo[39m: um-cloud-data/automorphisms/0.003/auto_66/data.pkl 206 47ms 8mb
[32minfo[39m: um-cloud-data/automorphisms/0.003/auto_66/data.pkl 206 46ms 8mb
[32minfo[39m: um-cloud-data/automorphisms/0.003/auto_66/data.pkl 206 47ms 8mb
[32minfo[39m: um-cloud-data/automorphisms/0.003/auto_66/data.pkl 206 47ms 8mb
[32minfo[39m: um-cloud-data/automorphisms/0.003/auto_66/data.pkl 206 47ms 8mb
[32minfo[39m: um-cloud-data/automorphisms/0.003/auto_66/data.pkl 206 47ms 8mb
[32minfo[39m: um-cloud-data/automorphisms/0.003/auto_66/data.pkl 206 47ms 8mb
[32minfo[39m: um-cloud-data/automorphisms/0.003/auto_66/data.pkl 206 47ms 8mb
INFO:root:BP decoder initialized

INFO:root:Running 500 Monte Carlo trials

INFO:root:  Error lógico corregido en patrón 19

INFO:root:  Error lógico corregido en patrón 36

INFO:root:  Error lógico corregido en patrón 37

INFO:root:  Error lógico corregido en patrón 45

INFO:root:  Error lógico corregido en patrón 47

INFO:root:  Error lógico corregido en patrón 58

INFO:root:  Error lógico corregido en patrón 63

INFO:root:  Error lógico corregido en patrón 68

INFO:root:  Error lógico corregido en patrón 70

INFO:root:  Error lógico corregido en patrón 82

INFO:root:  Error lógico corregido en patrón 85

INFO:root:  Error lógico corregido en patrón 88

INFO:root:  Error lógico corregido en patrón 93

INFO:root:  Error lógico corregido en patrón 107

INFO:root:  Error lógico corregido en patrón 116

INFO:root:  Error lógico corregido en patrón 118

INFO:root:  Error lógico corregido en patrón 135

INFO:root:  Error lógico corregido en patrón 146

INFO:root:  Error lógico corregido en patrón 150

INFO:root:  Error lógico corregido en patrón 159

INFO:root:  Error lógico corregido en patrón 161

INFO:root:  Error lógico corregido en patrón 166

INFO:root:  Error lógico corregido en patrón 170

INFO:root:  Error lógico corregido en patrón 184

INFO:root:  Error lógico corregido en patrón 203

INFO:root:  Error lógico corregido en patrón 212

INFO:root:  Error lógico corregido en patrón 214

INFO:root:  Error lógico corregido en patrón 220

INFO:root:  Error lógico corregido en patrón 221

INFO:root:  Error lógico corregido en patrón 223

INFO:root:  Error lógico corregido en patrón 240

INFO:root:  Error lógico corregido en patrón 241

INFO:root:  Error lógico corregido en patrón 248

INFO:root:  Error lógico corregido en patrón 262

INFO:root:  Error lógico corregido en patrón 275

INFO:root:  Error lógico corregido en patrón 301

INFO:root:  Error lógico corregido en patrón 311

INFO:root:  Error lógico corregido en patrón 339

INFO:root:  Error lógico corregido en patrón 344

INFO:root:  Error lógico corregido en patrón 352

INFO:root:  Error lógico corregido en patrón 355

INFO:root:  Error lógico corregido en patrón 357

INFO:root:  Error lógico corregido en patrón 381

INFO:root:  Error lógico corregido en patrón 382

INFO:root:  Error lógico corregido en patrón 403

INFO:root:  Error lógico corregido en patrón 406

INFO:root:  Error lógico corregido en patrón 408

INFO:root:  Error lógico corregido en patrón 413

INFO:root:  Error lógico corregido en patrón 420

INFO:root:  Error lógico corregido en patrón 426

INFO:root:  Error lógico corregido en patrón 433

INFO:root:  Error lógico corregido en patrón 438

INFO:root:  Error lógico corregido en patrón 444

INFO:root:  Error lógico corregido en patrón 445

INFO:root:  Error lógico corregido en patrón 451

INFO:root:  Error lógico corregido en patrón 461

INFO:root:  Error lógico corregido en patrón 490

INFO:root:  Error lógico corregido en patrón 493

INFO:root:Saving results to DynamoDB for id_nmc_batch: nmc_144_0c003_1, id_arguments: BP_66

INFO:root:Checking if table 'results_dynamodb' exists...

INFO:root:Table 'results_dynamodb' already exists.

INFO:root:Results saved to DynamoDB for id_nmc_batch: nmc_144_0c003_1

(λ: args_worker) RequestId: df2ea665-6ca6-49d3-a1ae-e355d3b4102e  Duration: 3767.71 ms  Billed Duration: 3768 ms
INFO:root:[OFFLINE] Lambda invoked successfully. HTTP code: 200

INFO:root:nmc_worker invoked with response: {'status': 'invoked'}
INFO:root:Invoking args_worker with event: {'id_nmc_batch': 'nmc_144_0c003_1', 'number_of_args_combinations_batches': 72, 'id_batch_arguments': 66}
INFO:root:[OFFLINE] Invoking lambda 'args_worker' at http://localhost:3000/dev/args_worker with payload: {'id_nmc_batch': 'nmc_144_0c003_1', 'number_of_args_combinations_batches': 72, 'id_batch_arguments': 67}



POST /dev/args_worker (λ: args_worker)
INFO:root:Event received in args_worker lambda_handler

INFO:root:codeConfig: 144, p: 0.003

INFO:root:Config with codeConfig 144 loaded

INFO:root:Bivariate bicycle code created

INFO:root:Circuit built

INFO:root:Detector error model built

INFO:root:Detector error model converted to check matrices

INFO:root:Successfully retrieved 1 arguments for id_batch_arguments: 67

INFO:root:Args variables loaded from DynamoDB

[32minfo[39m: um-cloud-data/detectors_observables/code_144/p_0c003/batch_1.json 200 2ms 3.12mb
INFO:root:Samples loaded from S3.

INFO:root:Downloading automorphism from S3: automorphisms/0.003/auto_67/data.pkl

[32minfo[39m: tum-cloud-data/automorphisms/0.003/auto_67/data.pkl 200 1ms 69.48mb
[32minfo[39m: um-cloud-data/automorphisms/0.003/auto_67/data.pkl 206 28ms 5.48mb
[32minfo[39m: um-cloud-data/automorphisms/0.003/auto_67/data.pkl 206 38ms 8mb
[32minfo[39m: um-cloud-data/automorphisms/0.003/auto_67/data.pkl 206 41ms 8mb
[32minfo[39m: um-cloud-data/automorphisms/0.003/auto_67/data.pkl 206 40ms 8mb
[32minfo[39m: um-cloud-data/automorphisms/0.003/auto_67/data.pkl 206 42ms 8mb
[32minfo[39m: um-cloud-data/automorphisms/0.003/auto_67/data.pkl 206 39ms 8mb
[32minfo[39m: um-cloud-data/automorphisms/0.003/auto_67/data.pkl 206 39ms 8mb
[32minfo[39m: um-cloud-data/automorphisms/0.003/auto_67/data.pkl 206 41ms 8mb
[32minfo[39m: um-cloud-data/automorphisms/0.003/auto_67/data.pkl 206 41ms 8mb
INFO:root:BP decoder initialized

INFO:root:Running 500 Monte Carlo trials

INFO:root:  Error lógico corregido en patrón 19

INFO:root:  Error lógico corregido en patrón 36

INFO:root:  Error lógico corregido en patrón 37

INFO:root:  Error lógico corregido en patrón 45

INFO:root:  Error lógico corregido en patrón 47

INFO:root:  Error lógico corregido en patrón 58

INFO:root:  Error lógico corregido en patrón 63

INFO:root:  Error lógico corregido en patrón 68

INFO:root:  Error lógico corregido en patrón 70

INFO:root:  Error lógico corregido en patrón 82

INFO:root:  Error lógico corregido en patrón 85

INFO:root:  Error lógico corregido en patrón 88

INFO:root:  Error lógico corregido en patrón 93

INFO:root:  Error lógico corregido en patrón 107

INFO:root:  Error lógico corregido en patrón 116

INFO:root:  Error lógico corregido en patrón 118

INFO:root:  Error lógico corregido en patrón 135

INFO:root:  Error lógico corregido en patrón 146

INFO:root:  Error lógico corregido en patrón 150

INFO:root:  Error lógico corregido en patrón 159

INFO:root:  Error lógico corregido en patrón 161

INFO:root:  Error lógico corregido en patrón 166

INFO:root:  Error lógico corregido en patrón 170

INFO:root:  Error lógico corregido en patrón 184

INFO:root:  Error lógico corregido en patrón 203

INFO:root:  Error lógico corregido en patrón 212

INFO:root:  Error lógico corregido en patrón 214

INFO:root:  Error lógico corregido en patrón 220

INFO:root:  Error lógico corregido en patrón 221

INFO:root:  Error lógico corregido en patrón 223

INFO:root:  Error lógico corregido en patrón 240

INFO:root:  Error lógico corregido en patrón 241

INFO:root:  Error lógico corregido en patrón 248

INFO:root:  Error lógico corregido en patrón 262

INFO:root:  Error lógico corregido en patrón 275

INFO:root:  Error lógico corregido en patrón 301

INFO:root:  Error lógico corregido en patrón 311

INFO:root:  Error lógico corregido en patrón 339

INFO:root:  Error lógico corregido en patrón 344

INFO:root:  Error lógico corregido en patrón 352

INFO:root:  Error lógico corregido en patrón 355

INFO:root:  Error lógico corregido en patrón 357

INFO:root:  Error lógico corregido en patrón 381

INFO:root:  Error lógico corregido en patrón 382

INFO:root:  Error lógico corregido en patrón 403

INFO:root:  Error lógico corregido en patrón 406

INFO:root:  Error lógico corregido en patrón 408

INFO:root:  Error lógico corregido en patrón 413

INFO:root:  Error lógico corregido en patrón 420

INFO:root:  Error lógico corregido en patrón 426

INFO:root:  Error lógico corregido en patrón 433

INFO:root:  Error lógico corregido en patrón 438

INFO:root:  Error lógico corregido en patrón 444

INFO:root:  Error lógico corregido en patrón 445

INFO:root:  Error lógico corregido en patrón 451

INFO:root:  Error lógico corregido en patrón 461

INFO:root:  Error lógico corregido en patrón 490

INFO:root:  Error lógico corregido en patrón 493

INFO:root:Saving results to DynamoDB for id_nmc_batch: nmc_144_0c003_1, id_arguments: BP_67

INFO:root:Checking if table 'results_dynamodb' exists...

INFO:root:Table 'results_dynamodb' already exists.

INFO:root:Results saved to DynamoDB for id_nmc_batch: nmc_144_0c003_1

(λ: args_worker) RequestId: 8b25944f-4601-481c-8b76-0f3246b2bbd2  Duration: 3744.55 ms  Billed Duration: 3745 ms
INFO:root:[OFFLINE] Lambda invoked successfully. HTTP code: 200

INFO:root:nmc_worker invoked with response: {'status': 'invoked'}
INFO:root:Invoking args_worker with event: {'id_nmc_batch': 'nmc_144_0c003_1', 'number_of_args_combinations_batches': 72, 'id_batch_arguments': 67}
INFO:root:[OFFLINE] Invoking lambda 'args_worker' at http://localhost:3000/dev/args_worker with payload: {'id_nmc_batch': 'nmc_144_0c003_1', 'number_of_args_combinations_batches': 72, 'id_batch_arguments': 68}



POST /dev/args_worker (λ: args_worker)
INFO:root:Event received in args_worker lambda_handler

INFO:root:codeConfig: 144, p: 0.003

INFO:root:Config with codeConfig 144 loaded

INFO:root:Bivariate bicycle code created

INFO:root:Circuit built

INFO:root:Detector error model built

INFO:root:Detector error model converted to check matrices

INFO:root:Successfully retrieved 1 arguments for id_batch_arguments: 68

INFO:root:Args variables loaded from DynamoDB

[32minfo[39m: um-cloud-data/detectors_observables/code_144/p_0c003/batch_1.json 200 2ms 3.12mb
INFO:root:Samples loaded from S3.

INFO:root:Downloading automorphism from S3: automorphisms/0.003/auto_68/data.pkl

[32minfo[39m: tum-cloud-data/automorphisms/0.003/auto_68/data.pkl 200 1ms 69.48mb
[32minfo[39m: um-cloud-data/automorphisms/0.003/auto_68/data.pkl 206 33ms 5.48mb
[32minfo[39m: um-cloud-data/automorphisms/0.003/auto_68/data.pkl 206 40ms 8mb
[32minfo[39m: um-cloud-data/automorphisms/0.003/auto_68/data.pkl 206 42ms 8mb
[32minfo[39m: um-cloud-data/automorphisms/0.003/auto_68/data.pkl 206 43ms 8mb
[32minfo[39m: um-cloud-data/automorphisms/0.003/auto_68/data.pkl 206 45ms 8mb
[32minfo[39m: um-cloud-data/automorphisms/0.003/auto_68/data.pkl 206 46ms 8mb
[32minfo[39m: um-cloud-data/automorphisms/0.003/auto_68/data.pkl 206 47ms 8mb
[32minfo[39m: um-cloud-data/automorphisms/0.003/auto_68/data.pkl 206 46ms 8mb
[32minfo[39m: um-cloud-data/automorphisms/0.003/auto_68/data.pkl 206 47ms 8mb
INFO:root:BP decoder initialized

INFO:root:Running 500 Monte Carlo trials

INFO:root:  Error lógico corregido en patrón 19

INFO:root:  Error lógico corregido en patrón 36

INFO:root:  Error lógico corregido en patrón 37

INFO:root:  Error lógico corregido en patrón 45

INFO:root:  Error lógico corregido en patrón 47

INFO:root:  Error lógico corregido en patrón 58

INFO:root:  Error lógico corregido en patrón 63

INFO:root:  Error lógico corregido en patrón 68

INFO:root:  Error lógico corregido en patrón 70

INFO:root:  Error lógico corregido en patrón 82

INFO:root:  Error lógico corregido en patrón 85

INFO:root:  Error lógico corregido en patrón 88

INFO:root:  Error lógico corregido en patrón 93

INFO:root:  Error lógico corregido en patrón 107

INFO:root:  Error lógico corregido en patrón 116

INFO:root:  Error lógico corregido en patrón 118

INFO:root:  Error lógico corregido en patrón 135

INFO:root:  Error lógico corregido en patrón 146

INFO:root:  Error lógico corregido en patrón 150

INFO:root:  Error lógico corregido en patrón 159

INFO:root:  Error lógico corregido en patrón 161

INFO:root:  Error lógico corregido en patrón 166

INFO:root:  Error lógico corregido en patrón 170

INFO:root:  Error lógico corregido en patrón 184

INFO:root:  Error lógico corregido en patrón 203

INFO:root:  Error lógico corregido en patrón 212

INFO:root:  Error lógico corregido en patrón 214

INFO:root:  Error lógico corregido en patrón 220

INFO:root:  Error lógico corregido en patrón 221

INFO:root:  Error lógico corregido en patrón 223

INFO:root:  Error lógico corregido en patrón 240

INFO:root:  Error lógico corregido en patrón 241

INFO:root:  Error lógico corregido en patrón 248

INFO:root:  Error lógico corregido en patrón 262

INFO:root:  Error lógico corregido en patrón 275

INFO:root:  Error lógico corregido en patrón 301

INFO:root:  Error lógico corregido en patrón 311

INFO:root:  Error lógico corregido en patrón 339

INFO:root:  Error lógico corregido en patrón 344

INFO:root:  Error lógico corregido en patrón 352

INFO:root:  Error lógico corregido en patrón 355

INFO:root:  Error lógico corregido en patrón 357

INFO:root:  Error lógico corregido en patrón 381

INFO:root:  Error lógico corregido en patrón 382

INFO:root:  Error lógico corregido en patrón 403

INFO:root:  Error lógico corregido en patrón 406

INFO:root:  Error lógico corregido en patrón 408

INFO:root:  Error lógico corregido en patrón 413

INFO:root:  Error lógico corregido en patrón 420

INFO:root:  Error lógico corregido en patrón 426

INFO:root:  Error lógico corregido en patrón 433

INFO:root:  Error lógico corregido en patrón 438

INFO:root:  Error lógico corregido en patrón 444

INFO:root:  Error lógico corregido en patrón 445

INFO:root:  Error lógico corregido en patrón 451

INFO:root:  Error lógico corregido en patrón 461

INFO:root:  Error lógico corregido en patrón 490

INFO:root:  Error lógico corregido en patrón 493

INFO:root:Saving results to DynamoDB for id_nmc_batch: nmc_144_0c003_1, id_arguments: BP_68

INFO:root:Checking if table 'results_dynamodb' exists...

INFO:root:Table 'results_dynamodb' already exists.

INFO:root:Results saved to DynamoDB for id_nmc_batch: nmc_144_0c003_1

(λ: args_worker) RequestId: 2574191d-dd36-4d78-bc91-250f4cd2cf27  Duration: 3766.35 ms  Billed Duration: 3767 ms
INFO:root:[OFFLINE] Lambda invoked successfully. HTTP code: 200

INFO:root:nmc_worker invoked with response: {'status': 'invoked'}
INFO:root:Invoking args_worker with event: {'id_nmc_batch': 'nmc_144_0c003_1', 'number_of_args_combinations_batches': 72, 'id_batch_arguments': 68}
INFO:root:[OFFLINE] Invoking lambda 'args_worker' at http://localhost:3000/dev/args_worker with payload: {'id_nmc_batch': 'nmc_144_0c003_1', 'number_of_args_combinations_batches': 72, 'id_batch_arguments': 69}



POST /dev/args_worker (λ: args_worker)
INFO:root:Event received in args_worker lambda_handler

INFO:root:codeConfig: 144, p: 0.003

INFO:root:Config with codeConfig 144 loaded

INFO:root:Bivariate bicycle code created

INFO:root:Circuit built

INFO:root:Detector error model built

INFO:root:Detector error model converted to check matrices

INFO:root:Successfully retrieved 1 arguments for id_batch_arguments: 69

INFO:root:Args variables loaded from DynamoDB

[32minfo[39m: um-cloud-data/detectors_observables/code_144/p_0c003/batch_1.json 200 2ms 3.12mb
INFO:root:Samples loaded from S3.

INFO:root:Downloading automorphism from S3: automorphisms/0.003/auto_69/data.pkl

[32minfo[39m: tum-cloud-data/automorphisms/0.003/auto_69/data.pkl 200 3ms 69.48mb
[32minfo[39m: um-cloud-data/automorphisms/0.003/auto_69/data.pkl 206 31ms 5.48mb
[32minfo[39m: um-cloud-data/automorphisms/0.003/auto_69/data.pkl 206 38ms 8mb
[32minfo[39m: um-cloud-data/automorphisms/0.003/auto_69/data.pkl 206 39ms 8mb
[32minfo[39m: um-cloud-data/automorphisms/0.003/auto_69/data.pkl 206 46ms 8mb
[32minfo[39m: um-cloud-data/automorphisms/0.003/auto_69/data.pkl 206 44ms 8mb
[32minfo[39m: um-cloud-data/automorphisms/0.003/auto_69/data.pkl 206 43ms 8mb
[32minfo[39m: um-cloud-data/automorphisms/0.003/auto_69/data.pkl 206 43ms 8mb
[32minfo[39m: um-cloud-data/automorphisms/0.003/auto_69/data.pkl 206 45ms 8mb
[32minfo[39m: um-cloud-data/automorphisms/0.003/auto_69/data.pkl 206 45ms 8mb
INFO:root:BP decoder initialized

INFO:root:Running 500 Monte Carlo trials

INFO:root:  Error lógico corregido en patrón 19

INFO:root:  Error lógico corregido en patrón 36

INFO:root:  Error lógico corregido en patrón 37

INFO:root:  Error lógico corregido en patrón 45

INFO:root:  Error lógico corregido en patrón 47

INFO:root:  Error lógico corregido en patrón 58

INFO:root:  Error lógico corregido en patrón 63

INFO:root:  Error lógico corregido en patrón 68

INFO:root:  Error lógico corregido en patrón 70

INFO:root:  Error lógico corregido en patrón 82

INFO:root:  Error lógico corregido en patrón 85

INFO:root:  Error lógico corregido en patrón 88

INFO:root:  Error lógico corregido en patrón 93

INFO:root:  Error lógico corregido en patrón 107

INFO:root:  Error lógico corregido en patrón 116

INFO:root:  Error lógico corregido en patrón 118

INFO:root:  Error lógico corregido en patrón 135

INFO:root:  Error lógico corregido en patrón 146

INFO:root:  Error lógico corregido en patrón 150

INFO:root:  Error lógico corregido en patrón 159

INFO:root:  Error lógico corregido en patrón 161

INFO:root:  Error lógico corregido en patrón 166

INFO:root:  Error lógico corregido en patrón 170

INFO:root:  Error lógico corregido en patrón 184

INFO:root:  Error lógico corregido en patrón 203

INFO:root:  Error lógico corregido en patrón 212

INFO:root:  Error lógico corregido en patrón 214

INFO:root:  Error lógico corregido en patrón 220

INFO:root:  Error lógico corregido en patrón 221

INFO:root:  Error lógico corregido en patrón 223

INFO:root:  Error lógico corregido en patrón 241

INFO:root:  Error lógico corregido en patrón 248

INFO:root:  Error lógico corregido en patrón 262

INFO:root:  Error lógico corregido en patrón 275

INFO:root:  Error lógico corregido en patrón 301

INFO:root:  Error lógico corregido en patrón 311

INFO:root:  Error lógico corregido en patrón 339

INFO:root:  Error lógico corregido en patrón 344

INFO:root:  Error lógico corregido en patrón 352

INFO:root:  Error lógico corregido en patrón 355

INFO:root:  Error lógico corregido en patrón 357

INFO:root:  Error lógico corregido en patrón 381

INFO:root:  Error lógico corregido en patrón 382

INFO:root:  Error lógico corregido en patrón 403

INFO:root:  Error lógico corregido en patrón 406

INFO:root:  Error lógico corregido en patrón 408

INFO:root:  Error lógico corregido en patrón 413

INFO:root:  Error lógico corregido en patrón 420

INFO:root:  Error lógico corregido en patrón 426

INFO:root:  Error lógico corregido en patrón 433

INFO:root:  Error lógico corregido en patrón 438

INFO:root:  Error lógico corregido en patrón 444

INFO:root:  Error lógico corregido en patrón 445

INFO:root:  Error lógico corregido en patrón 451

INFO:root:  Error lógico corregido en patrón 461

INFO:root:  Error lógico corregido en patrón 490

INFO:root:  Error lógico corregido en patrón 493

INFO:root:Saving results to DynamoDB for id_nmc_batch: nmc_144_0c003_1, id_arguments: BP_69

INFO:root:Checking if table 'results_dynamodb' exists...

INFO:root:Table 'results_dynamodb' already exists.

INFO:root:Results saved to DynamoDB for id_nmc_batch: nmc_144_0c003_1

(λ: args_worker) RequestId: b6b0da61-9911-4eb0-b200-b2bd737336c3  Duration: 3746.42 ms  Billed Duration: 3747 ms
INFO:root:[OFFLINE] Lambda invoked successfully. HTTP code: 200

INFO:root:nmc_worker invoked with response: {'status': 'invoked'}
INFO:root:Invoking args_worker with event: {'id_nmc_batch': 'nmc_144_0c003_1', 'number_of_args_combinations_batches': 72, 'id_batch_arguments': 69}
INFO:root:[OFFLINE] Invoking lambda 'args_worker' at http://localhost:3000/dev/args_worker with payload: {'id_nmc_batch': 'nmc_144_0c003_1', 'number_of_args_combinations_batches': 72, 'id_batch_arguments': 70}



POST /dev/args_worker (λ: args_worker)
INFO:root:Event received in args_worker lambda_handler

INFO:root:codeConfig: 144, p: 0.003
INFO:root:Config with codeConfig 144 loaded

INFO:root:Bivariate bicycle code created

INFO:root:Circuit built

INFO:root:Detector error model built

INFO:root:Detector error model converted to check matrices

INFO:root:Successfully retrieved 1 arguments for id_batch_arguments: 70

INFO:root:Args variables loaded from DynamoDB

[32minfo[39m: um-cloud-data/detectors_observables/code_144/p_0c003/batch_1.json 200 2ms 3.12mb
INFO:root:Samples loaded from S3.

INFO:root:Downloading automorphism from S3: automorphisms/0.003/auto_70/data.pkl

[32minfo[39m: tum-cloud-data/automorphisms/0.003/auto_70/data.pkl 200 4ms 69.48mb
[32minfo[39m: um-cloud-data/automorphisms/0.003/auto_70/data.pkl 206 28ms 5.48mb
[32minfo[39m: um-cloud-data/automorphisms/0.003/auto_70/data.pkl 206 34ms 8mb
[32minfo[39m: um-cloud-data/automorphisms/0.003/auto_70/data.pkl 206 35ms 8mb
[32minfo[39m: um-cloud-data/automorphisms/0.003/auto_70/data.pkl 206 39ms 8mb
[32minfo[39m: um-cloud-data/automorphisms/0.003/auto_70/data.pkl 206 41ms 8mb
[32minfo[39m: um-cloud-data/automorphisms/0.003/auto_70/data.pkl 206 40ms 8mb
[32minfo[39m: um-cloud-data/automorphisms/0.003/auto_70/data.pkl 206 41ms 8mb
[32minfo[39m: um-cloud-data/automorphisms/0.003/auto_70/data.pkl 206 42ms 8mb
[32minfo[39m: um-cloud-data/automorphisms/0.003/auto_70/data.pkl 206 43ms 8mb
INFO:root:BP decoder initialized

INFO:root:Running 500 Monte Carlo trials

INFO:root:  Error lógico corregido en patrón 19

INFO:root:  Error lógico corregido en patrón 36

INFO:root:  Error lógico corregido en patrón 37

INFO:root:  Error lógico corregido en patrón 45

INFO:root:  Error lógico corregido en patrón 47

INFO:root:  Error lógico corregido en patrón 58

INFO:root:  Error lógico corregido en patrón 63

INFO:root:  Error lógico corregido en patrón 68

INFO:root:  Error lógico corregido en patrón 70

INFO:root:  Error lógico corregido en patrón 82

INFO:root:  Error lógico corregido en patrón 85

INFO:root:  Error lógico corregido en patrón 88

INFO:root:  Error lógico corregido en patrón 93

INFO:root:  Error lógico corregido en patrón 107

INFO:root:  Error lógico corregido en patrón 116

INFO:root:  Error lógico corregido en patrón 118

INFO:root:  Error lógico corregido en patrón 135

INFO:root:  Error lógico corregido en patrón 146

INFO:root:  Error lógico corregido en patrón 159

INFO:root:  Error lógico corregido en patrón 161

INFO:root:  Error lógico corregido en patrón 166

INFO:root:  Error lógico corregido en patrón 170

INFO:root:  Error lógico corregido en patrón 184

INFO:root:  Error lógico corregido en patrón 203

INFO:root:  Error lógico corregido en patrón 212

INFO:root:  Error lógico corregido en patrón 214

INFO:root:  Error lógico corregido en patrón 220

INFO:root:  Error lógico corregido en patrón 221

INFO:root:  Error lógico corregido en patrón 223

INFO:root:  Error lógico corregido en patrón 240

INFO:root:  Error lógico corregido en patrón 241

INFO:root:  Error lógico corregido en patrón 248

INFO:root:  Error lógico corregido en patrón 262

INFO:root:  Error lógico corregido en patrón 275

INFO:root:  Error lógico corregido en patrón 301

INFO:root:  Error lógico corregido en patrón 311

INFO:root:  Error lógico corregido en patrón 339

INFO:root:  Error lógico corregido en patrón 344

INFO:root:  Error lógico corregido en patrón 352

INFO:root:  Error lógico corregido en patrón 355

INFO:root:  Error lógico corregido en patrón 357

INFO:root:  Error lógico corregido en patrón 381

INFO:root:  Error lógico corregido en patrón 382

INFO:root:  Error lógico corregido en patrón 403

INFO:root:  Error lógico corregido en patrón 406

INFO:root:  Error lógico corregido en patrón 408

INFO:root:  Error lógico corregido en patrón 413

INFO:root:  Error lógico corregido en patrón 420

INFO:root:  Error lógico corregido en patrón 426

INFO:root:  Error lógico corregido en patrón 433

INFO:root:  Error lógico corregido en patrón 438

INFO:root:  Error lógico corregido en patrón 444

INFO:root:  Error lógico corregido en patrón 445

INFO:root:  Error lógico corregido en patrón 451

INFO:root:  Error lógico corregido en patrón 461

INFO:root:  Error lógico corregido en patrón 490

INFO:root:  Error lógico corregido en patrón 493

INFO:root:Saving results to DynamoDB for id_nmc_batch: nmc_144_0c003_1, id_arguments: BP_70

INFO:root:Checking if table 'results_dynamodb' exists...

INFO:root:Table 'results_dynamodb' already exists.

INFO:root:Results saved to DynamoDB for id_nmc_batch: nmc_144_0c003_1

(λ: args_worker) RequestId: ec6aa873-bd4f-45fd-9206-e4d2d9718cb6  Duration: 3725.86 ms  Billed Duration: 3726 ms
INFO:root:[OFFLINE] Lambda invoked successfully. HTTP code: 200

INFO:root:nmc_worker invoked with response: {'status': 'invoked'}
INFO:root:Invoking args_worker with event: {'id_nmc_batch': 'nmc_144_0c003_1', 'number_of_args_combinations_batches': 72, 'id_batch_arguments': 70}
INFO:root:[OFFLINE] Invoking lambda 'args_worker' at http://localhost:3000/dev/args_worker with payload: {'id_nmc_batch': 'nmc_144_0c003_1', 'number_of_args_combinations_batches': 72, 'id_batch_arguments': 71}



POST /dev/args_worker (λ: args_worker)
INFO:root:Event received in args_worker lambda_handler

INFO:root:codeConfig: 144, p: 0.003

INFO:root:Config with codeConfig 144 loaded

INFO:root:Bivariate bicycle code created

INFO:root:Circuit built

INFO:root:Detector error model built

INFO:root:Detector error model converted to check matrices

INFO:root:Successfully retrieved 1 arguments for id_batch_arguments: 71

INFO:root:Args variables loaded from DynamoDB

[32minfo[39m: um-cloud-data/detectors_observables/code_144/p_0c003/batch_1.json 200 2ms 3.12mb
INFO:root:Samples loaded from S3.

INFO:root:Downloading automorphism from S3: automorphisms/0.003/auto_71/data.pkl

[32minfo[39m: tum-cloud-data/automorphisms/0.003/auto_71/data.pkl 200 0ms 69.48mb
[32minfo[39m: um-cloud-data/automorphisms/0.003/auto_71/data.pkl 206 29ms 5.48mb
[32minfo[39m: um-cloud-data/automorphisms/0.003/auto_71/data.pkl 206 39ms 8mb
[32minfo[39m: um-cloud-data/automorphisms/0.003/auto_71/data.pkl 206 41ms 8mb
[32minfo[39m: um-cloud-data/automorphisms/0.003/auto_71/data.pkl 206 43ms 8mb
[32minfo[39m: um-cloud-data/automorphisms/0.003/auto_71/data.pkl 206 44ms 8mb
[32minfo[39m: um-cloud-data/automorphisms/0.003/auto_71/data.pkl 206 41ms 8mb
[32minfo[39m: um-cloud-data/automorphisms/0.003/auto_71/data.pkl 206 41ms 8mb
[32minfo[39m: um-cloud-data/automorphisms/0.003/auto_71/data.pkl 206 41ms 8mb
[32minfo[39m: um-cloud-data/automorphisms/0.003/auto_71/data.pkl 206 40ms 8mb
INFO:root:BP decoder initialized

INFO:root:Running 500 Monte Carlo trials

INFO:root:  Error lógico corregido en patrón 19

INFO:root:  Error lógico corregido en patrón 36

INFO:root:  Error lógico corregido en patrón 37

INFO:root:  Error lógico corregido en patrón 45

INFO:root:  Error lógico corregido en patrón 47

INFO:root:  Error lógico corregido en patrón 58

INFO:root:  Error lógico corregido en patrón 63

INFO:root:  Error lógico corregido en patrón 68

INFO:root:  Error lógico corregido en patrón 70

INFO:root:  Error lógico corregido en patrón 82

INFO:root:  Error lógico corregido en patrón 85

INFO:root:  Error lógico corregido en patrón 88

INFO:root:  Error lógico corregido en patrón 93

INFO:root:  Error lógico corregido en patrón 107

INFO:root:  Error lógico corregido en patrón 116

INFO:root:  Error lógico corregido en patrón 118

INFO:root:  Error lógico corregido en patrón 135

INFO:root:  Error lógico corregido en patrón 146

INFO:root:  Error lógico corregido en patrón 159

INFO:root:  Error lógico corregido en patrón 161

INFO:root:  Error lógico corregido en patrón 166

INFO:root:  Error lógico corregido en patrón 170

INFO:root:  Error lógico corregido en patrón 184

INFO:root:  Error lógico corregido en patrón 203

INFO:root:  Error lógico corregido en patrón 212

INFO:root:  Error lógico corregido en patrón 214

INFO:root:  Error lógico corregido en patrón 220

INFO:root:  Error lógico corregido en patrón 221

INFO:root:  Error lógico corregido en patrón 223

INFO:root:  Error lógico corregido en patrón 240

INFO:root:  Error lógico corregido en patrón 241

INFO:root:  Error lógico corregido en patrón 248

INFO:root:  Error lógico corregido en patrón 262

INFO:root:  Error lógico corregido en patrón 275

INFO:root:  Error lógico corregido en patrón 301

INFO:root:  Error lógico corregido en patrón 311

INFO:root:  Error lógico corregido en patrón 339

INFO:root:  Error lógico corregido en patrón 344

INFO:root:  Error lógico corregido en patrón 352

INFO:root:  Error lógico corregido en patrón 355

INFO:root:  Error lógico corregido en patrón 357

INFO:root:  Error lógico corregido en patrón 381

INFO:root:  Error lógico corregido en patrón 382

INFO:root:  Error lógico corregido en patrón 403

INFO:root:  Error lógico corregido en patrón 406

INFO:root:  Error lógico corregido en patrón 408

INFO:root:  Error lógico corregido en patrón 413

INFO:root:  Error lógico corregido en patrón 420

INFO:root:  Error lógico corregido en patrón 426

INFO:root:  Error lógico corregido en patrón 433

INFO:root:  Error lógico corregido en patrón 438

INFO:root:  Error lógico corregido en patrón 444

INFO:root:  Error lógico corregido en patrón 445

INFO:root:  Error lógico corregido en patrón 451

INFO:root:  Error lógico corregido en patrón 461

INFO:root:  Error lógico corregido en patrón 490

INFO:root:  Error lógico corregido en patrón 493

INFO:root:Saving results to DynamoDB for id_nmc_batch: nmc_144_0c003_1, id_arguments: BP_71

INFO:root:Checking if table 'results_dynamodb' exists...

INFO:root:Table 'results_dynamodb' already exists.

INFO:root:Results saved to DynamoDB for id_nmc_batch: nmc_144_0c003_1

[32minfo[39m: antum-cloud-data/detectors_observables/code_144/p_0c003/batch_1.json 204 3ms 
INFO:root:Samples deleted from S3.

(λ: args_worker) RequestId: 7e7d42a6-858d-4475-b142-8c143fb9110c  Duration: 3733.63 ms  Billed Duration: 3734 ms
INFO:root:[OFFLINE] Lambda invoked successfully. HTTP code: 200

INFO:root:nmc_worker invoked with response: {'status': 'invoked'}
INFO:root:Invoking args_worker with event: {'id_nmc_batch': 'nmc_144_0c003_1', 'number_of_args_combinations_batches': 72, 'id_batch_arguments': 71}

(λ: nmc_worker) RequestId: eb9847ee-b380-426e-b12d-469f04b5bbec  Duration: 270334.56 ms  Billed Duration: 270335 ms
INFO:root:[OFFLINE] Lambda invoked successfully. HTTP code: 200

INFO:root:nmc_worker invoked with response: {'status': 'invoked'}

INFO:root:Saving batch 2...

[32minfo[39m: Stored object "detectors_observables/code_144/p_0c003/batch_2.json" in bucket "quantum-cloud-data" successfully
[32minfo[39m: um-cloud-data/detectors_observables/code_144/p_0c003/batch_2.json 200 9ms 0b
INFO:root:Data uploaded to S3.

INFO:root:Batch 2 results saved to S3 at detectors_observables/code_144/p_0c003/batch_2.json

INFO:root:Checking if table 'samples_dynamodb' exists...

INFO:root:Table 'samples_dynamodb' already exists.

INFO:root:Data uploaded to DynamoDB.

INFO:root:[OFFLINE] Invoking lambda 'nmc_worker' at http://localhost:3000/dev/nmc_worker with payload: {'id_nmc_batch': 'nmc_144_0c003_2', 'number_of_args_combinations_batches': 72}



POST /dev/nmc_worker (λ: nmc_worker)
INFO:root:Event received in nmc_worker lambda_handler

INFO:root:[OFFLINE] Invoking lambda 'args_worker' at http://localhost:3000/dev/args_worker with payload: {'id_nmc_batch': 'nmc_144_0c003_2', 'number_of_args_combinations_batches': 72, 'id_batch_arguments': 0}



POST /dev/args_worker (λ: args_worker)
INFO:root:Event received in args_worker lambda_handler

INFO:root:codeConfig: 144, p: 0.003

INFO:root:Config with codeConfig 144 loaded

INFO:root:Bivariate bicycle code created

INFO:root:Circuit built

INFO:root:Detector error model built

INFO:root:Detector error model converted to check matrices

INFO:root:Successfully retrieved 1 arguments for id_batch_arguments: 0

INFO:root:Args variables loaded from DynamoDB

[32minfo[39m: um-cloud-data/detectors_observables/code_144/p_0c003/batch_2.json 200 2ms 3.12mb
INFO:root:Samples loaded from S3.

INFO:root:Downloading automorphism from S3: automorphisms/0.003/auto_0/data.pkl

[32minfo[39m: tum-cloud-data/automorphisms/0.003/auto_0/data.pkl 200 1ms 69.48mb
[32minfo[39m: um-cloud-data/automorphisms/0.003/auto_0/data.pkl 206 33ms 5.48mb
[32minfo[39m: um-cloud-data/automorphisms/0.003/auto_0/data.pkl 206 44ms 8mb
[32minfo[39m: um-cloud-data/automorphisms/0.003/auto_0/data.pkl 206 44ms 8mb
[32minfo[39m: um-cloud-data/automorphisms/0.003/auto_0/data.pkl 206 48ms 8mb
[32minfo[39m: um-cloud-data/automorphisms/0.003/auto_0/data.pkl 206 47ms 8mb
[32minfo[39m: um-cloud-data/automorphisms/0.003/auto_0/data.pkl 206 49ms 8mb
[32minfo[39m: um-cloud-data/automorphisms/0.003/auto_0/data.pkl 206 50ms 8mb
[32minfo[39m: um-cloud-data/automorphisms/0.003/auto_0/data.pkl 206 50ms 8mb
[32minfo[39m: um-cloud-data/automorphisms/0.003/auto_0/data.pkl 206 50ms 8mb
INFO:root:BP decoder initialized

INFO:root:Running 500 Monte Carlo trials

INFO:root:  Error lógico corregido en patrón 2

INFO:root:  Error lógico corregido en patrón 4

INFO:root:  Error lógico corregido en patrón 5

INFO:root:  Error lógico corregido en patrón 6

INFO:root:  Error lógico corregido en patrón 18

INFO:root:  Error lógico corregido en patrón 23

INFO:root:  Error lógico corregido en patrón 54

INFO:root:  Error lógico corregido en patrón 55

INFO:root:  Error lógico corregido en patrón 60

INFO:root:  Error lógico corregido en patrón 68

INFO:root:  Error lógico corregido en patrón 69

INFO:root:  Error lógico corregido en patrón 86

INFO:root:  Error lógico corregido en patrón 89

INFO:root:  Error lógico corregido en patrón 97

INFO:root:  Error lógico corregido en patrón 101

INFO:root:  Error lógico corregido en patrón 114

INFO:root:  Error lógico corregido en patrón 122

INFO:root:  Error lógico corregido en patrón 123

INFO:root:  Error lógico corregido en patrón 127

INFO:root:  Error lógico corregido en patrón 154

INFO:root:  Error lógico corregido en patrón 155

INFO:root:  Error lógico corregido en patrón 164

INFO:root:  Error lógico corregido en patrón 169

INFO:root:  Error lógico corregido en patrón 173

INFO:root:  Error lógico corregido en patrón 183

INFO:root:  Error lógico corregido en patrón 189

INFO:root:  Error lógico corregido en patrón 192

INFO:root:  Error lógico corregido en patrón 206

INFO:root:  Error lógico corregido en patrón 207

INFO:root:  Error lógico corregido en patrón 212

INFO:root:  Error lógico corregido en patrón 213

INFO:root:  Error lógico corregido en patrón 225

INFO:root:  Error lógico corregido en patrón 229

INFO:root:  Error lógico corregido en patrón 230

INFO:root:  Error lógico corregido en patrón 237

INFO:root:  Error lógico corregido en patrón 244

INFO:root:  Error lógico corregido en patrón 251

INFO:root:  Error lógico corregido en patrón 256

INFO:root:  Error lógico corregido en patrón 259

INFO:root:  Error lógico corregido en patrón 270

INFO:root:  Error lógico corregido en patrón 298

INFO:root:  Error lógico corregido en patrón 302

INFO:root:  Error lógico corregido en patrón 303

INFO:root:  Error lógico corregido en patrón 307

INFO:root:  Error lógico corregido en patrón 323

INFO:root:  Error lógico corregido en patrón 330

INFO:root:  Error lógico corregido en patrón 337

INFO:root:  Error lógico corregido en patrón 338

INFO:root:  Error lógico corregido en patrón 348

INFO:root:  Error lógico corregido en patrón 354

INFO:root:  Error lógico corregido en patrón 356

INFO:root:  Error lógico corregido en patrón 372

INFO:root:  Error lógico corregido en patrón 390

INFO:root:  Error lógico corregido en patrón 394

INFO:root:  Error lógico corregido en patrón 422

INFO:root:  Error lógico corregido en patrón 423

INFO:root:  Error lógico corregido en patrón 429

INFO:root:  Error lógico corregido en patrón 430

INFO:root:  Error lógico corregido en patrón 434

INFO:root:  Error lógico corregido en patrón 436

INFO:root:  Error lógico corregido en patrón 441

INFO:root:  Error lógico corregido en patrón 446

INFO:root:  Error lógico corregido en patrón 459

INFO:root:  Error lógico corregido en patrón 493

INFO:root:Saving results to DynamoDB for id_nmc_batch: nmc_144_0c003_2, id_arguments: BP_0

INFO:root:Checking if table 'results_dynamodb' exists...

INFO:root:Table 'results_dynamodb' already exists.

INFO:root:Results saved to DynamoDB for id_nmc_batch: nmc_144_0c003_2

(λ: args_worker) RequestId: 82ee47bd-6184-4fb7-adae-27981daaaa0b  Duration: 3717.34 ms  Billed Duration: 3718 ms
INFO:root:[OFFLINE] Lambda invoked successfully. HTTP code: 200

INFO:root:nmc_worker invoked with response: {'status': 'invoked'}
INFO:root:Invoking args_worker with event: {'id_nmc_batch': 'nmc_144_0c003_2', 'number_of_args_combinations_batches': 72, 'id_batch_arguments': 0}
INFO:root:[OFFLINE] Invoking lambda 'args_worker' at http://localhost:3000/dev/args_worker with payload: {'id_nmc_batch': 'nmc_144_0c003_2', 'number_of_args_combinations_batches': 72, 'id_batch_arguments': 1}



POST /dev/args_worker (λ: args_worker)
INFO:root:Event received in args_worker lambda_handler

INFO:root:codeConfig: 144, p: 0.003

INFO:root:Config with codeConfig 144 loaded

INFO:root:Bivariate bicycle code created

INFO:root:Circuit built

INFO:root:Detector error model built

INFO:root:Detector error model converted to check matrices

INFO:root:Successfully retrieved 1 arguments for id_batch_arguments: 1

INFO:root:Args variables loaded from DynamoDB

[32minfo[39m: um-cloud-data/detectors_observables/code_144/p_0c003/batch_2.json 200 2ms 3.12mb
INFO:root:Samples loaded from S3.

INFO:root:Downloading automorphism from S3: automorphisms/0.003/auto_1/data.pkl

[32minfo[39m: tum-cloud-data/automorphisms/0.003/auto_1/data.pkl 200 5ms 69.48mb
[32minfo[39m: um-cloud-data/automorphisms/0.003/auto_1/data.pkl 206 25ms 5.48mb
[32minfo[39m: um-cloud-data/automorphisms/0.003/auto_1/data.pkl 206 45ms 8mb
[32minfo[39m: um-cloud-data/automorphisms/0.003/auto_1/data.pkl 206 41ms 8mb
[32minfo[39m: um-cloud-data/automorphisms/0.003/auto_1/data.pkl 206 48ms 8mb
[32minfo[39m: um-cloud-data/automorphisms/0.003/auto_1/data.pkl 206 47ms 8mb
[32minfo[39m: um-cloud-data/automorphisms/0.003/auto_1/data.pkl 206 49ms 8mb
[32minfo[39m: um-cloud-data/automorphisms/0.003/auto_1/data.pkl 206 49ms 8mb
[32minfo[39m: um-cloud-data/automorphisms/0.003/auto_1/data.pkl 206 50ms 8mb
[32minfo[39m: um-cloud-data/automorphisms/0.003/auto_1/data.pkl 206 50ms 8mb
INFO:root:BP decoder initialized

INFO:root:Running 500 Monte Carlo trials

INFO:root:  Error lógico corregido en patrón 2

INFO:root:  Error lógico corregido en patrón 4

INFO:root:  Error lógico corregido en patrón 5

INFO:root:  Error lógico corregido en patrón 6

INFO:root:  Error lógico corregido en patrón 18

INFO:root:  Error lógico corregido en patrón 23

INFO:root:  Error lógico corregido en patrón 24

INFO:root:  Error lógico corregido en patrón 54

INFO:root:  Error lógico corregido en patrón 55

INFO:root:  Error lógico corregido en patrón 60

INFO:root:  Error lógico corregido en patrón 68

INFO:root:  Error lógico corregido en patrón 69

INFO:root:  Error lógico corregido en patrón 86

INFO:root:  Error lógico corregido en patrón 89

INFO:root:  Error lógico corregido en patrón 97

INFO:root:  Error lógico corregido en patrón 101

INFO:root:  Error lógico corregido en patrón 114

INFO:root:  Error lógico corregido en patrón 122

INFO:root:  Error lógico corregido en patrón 123

INFO:root:  Error lógico corregido en patrón 127

INFO:root:  Error lógico corregido en patrón 154

INFO:root:  Error lógico corregido en patrón 155

INFO:root:  Error lógico corregido en patrón 164

INFO:root:  Error lógico corregido en patrón 169

INFO:root:  Error lógico corregido en patrón 173

INFO:root:  Error lógico corregido en patrón 183

INFO:root:  Error lógico corregido en patrón 189

INFO:root:  Error lógico corregido en patrón 192

INFO:root:  Error lógico corregido en patrón 206

INFO:root:  Error lógico corregido en patrón 207

INFO:root:  Error lógico corregido en patrón 212

INFO:root:  Error lógico corregido en patrón 213

INFO:root:  Error lógico corregido en patrón 225

INFO:root:  Error lógico corregido en patrón 229

INFO:root:  Error lógico corregido en patrón 230

INFO:root:  Error lógico corregido en patrón 237

INFO:root:  Error lógico corregido en patrón 244

INFO:root:  Error lógico corregido en patrón 251

INFO:root:  Error lógico corregido en patrón 256

INFO:root:  Error lógico corregido en patrón 259

INFO:root:  Error lógico corregido en patrón 270

INFO:root:  Error lógico corregido en patrón 298

INFO:root:  Error lógico corregido en patrón 302

INFO:root:  Error lógico corregido en patrón 303

INFO:root:  Error lógico corregido en patrón 307

INFO:root:  Error lógico corregido en patrón 323

INFO:root:  Error lógico corregido en patrón 330

INFO:root:  Error lógico corregido en patrón 337

INFO:root:  Error lógico corregido en patrón 338

INFO:root:  Error lógico corregido en patrón 348

INFO:root:  Error lógico corregido en patrón 354

INFO:root:  Error lógico corregido en patrón 356

INFO:root:  Error lógico corregido en patrón 372

INFO:root:  Error lógico corregido en patrón 390

INFO:root:  Error lógico corregido en patrón 394

INFO:root:  Error lógico corregido en patrón 422

INFO:root:  Error lógico corregido en patrón 423

INFO:root:  Error lógico corregido en patrón 429

INFO:root:  Error lógico corregido en patrón 430

INFO:root:  Error lógico corregido en patrón 434

INFO:root:  Error lógico corregido en patrón 436

INFO:root:  Error lógico corregido en patrón 441

INFO:root:  Error lógico corregido en patrón 446

INFO:root:  Error lógico corregido en patrón 459

INFO:root:  Error lógico corregido en patrón 493

INFO:root:Saving results to DynamoDB for id_nmc_batch: nmc_144_0c003_2, id_arguments: BP_1

INFO:root:Checking if table 'results_dynamodb' exists...

INFO:root:Table 'results_dynamodb' already exists.

INFO:root:Results saved to DynamoDB for id_nmc_batch: nmc_144_0c003_2

(λ: args_worker) RequestId: 0139b29f-aba5-40a5-96fa-a3eab085d7e1  Duration: 3771.16 ms  Billed Duration: 3772 ms
INFO:root:[OFFLINE] Lambda invoked successfully. HTTP code: 200

INFO:root:nmc_worker invoked with response: {'status': 'invoked'}
INFO:root:Invoking args_worker with event: {'id_nmc_batch': 'nmc_144_0c003_2', 'number_of_args_combinations_batches': 72, 'id_batch_arguments': 1}
INFO:root:[OFFLINE] Invoking lambda 'args_worker' at http://localhost:3000/dev/args_worker with payload: {'id_nmc_batch': 'nmc_144_0c003_2', 'number_of_args_combinations_batches': 72, 'id_batch_arguments': 2}



POST /dev/args_worker (λ: args_worker)
INFO:root:Event received in args_worker lambda_handler

INFO:root:codeConfig: 144, p: 0.003

INFO:root:Config with codeConfig 144 loaded

INFO:root:Bivariate bicycle code created

INFO:root:Circuit built

INFO:root:Detector error model built

INFO:root:Detector error model converted to check matrices

INFO:root:Successfully retrieved 1 arguments for id_batch_arguments: 2

INFO:root:Args variables loaded from DynamoDB

[32minfo[39m: um-cloud-data/detectors_observables/code_144/p_0c003/batch_2.json 200 2ms 3.12mb
INFO:root:Samples loaded from S3.

INFO:root:Downloading automorphism from S3: automorphisms/0.003/auto_2/data.pkl

[32minfo[39m: tum-cloud-data/automorphisms/0.003/auto_2/data.pkl 200 2ms 69.48mb
[32minfo[39m: um-cloud-data/automorphisms/0.003/auto_2/data.pkl 206 30ms 5.48mb
[32minfo[39m: um-cloud-data/automorphisms/0.003/auto_2/data.pkl 206 37ms 8mb
[32minfo[39m: um-cloud-data/automorphisms/0.003/auto_2/data.pkl 206 42ms 8mb
[32minfo[39m: um-cloud-data/automorphisms/0.003/auto_2/data.pkl 206 41ms 8mb
[32minfo[39m: um-cloud-data/automorphisms/0.003/auto_2/data.pkl 206 42ms 8mb
[32minfo[39m: um-cloud-data/automorphisms/0.003/auto_2/data.pkl 206 39ms 8mb
[32minfo[39m: um-cloud-data/automorphisms/0.003/auto_2/data.pkl 206 42ms 8mb
[32minfo[39m: um-cloud-data/automorphisms/0.003/auto_2/data.pkl 206 44ms 8mb
[32minfo[39m: um-cloud-data/automorphisms/0.003/auto_2/data.pkl 206 41ms 8mb
INFO:root:BP decoder initialized

INFO:root:Running 500 Monte Carlo trials

INFO:root:  Error lógico corregido en patrón 2

INFO:root:  Error lógico corregido en patrón 4

INFO:root:  Error lógico corregido en patrón 5

INFO:root:  Error lógico corregido en patrón 6

INFO:root:  Error lógico corregido en patrón 18

INFO:root:  Error lógico corregido en patrón 23

INFO:root:  Error lógico corregido en patrón 54

INFO:root:  Error lógico corregido en patrón 55

INFO:root:  Error lógico corregido en patrón 60

INFO:root:  Error lógico corregido en patrón 68

INFO:root:  Error lógico corregido en patrón 69

INFO:root:  Error lógico corregido en patrón 86

INFO:root:  Error lógico corregido en patrón 89

INFO:root:  Error lógico corregido en patrón 97

INFO:root:  Error lógico corregido en patrón 101

INFO:root:  Error lógico corregido en patrón 114

INFO:root:  Error lógico corregido en patrón 122

INFO:root:  Error lógico corregido en patrón 123

INFO:root:  Error lógico corregido en patrón 127

INFO:root:  Error lógico corregido en patrón 154

INFO:root:  Error lógico corregido en patrón 155

INFO:root:  Error lógico corregido en patrón 164

INFO:root:  Error lógico corregido en patrón 169

INFO:root:  Error lógico corregido en patrón 173

INFO:root:  Error lógico corregido en patrón 183

INFO:root:  Error lógico corregido en patrón 189

INFO:root:  Error lógico corregido en patrón 192

INFO:root:  Error lógico corregido en patrón 206

INFO:root:  Error lógico corregido en patrón 207

INFO:root:  Error lógico corregido en patrón 212

INFO:root:  Error lógico corregido en patrón 213

INFO:root:  Error lógico corregido en patrón 225

INFO:root:  Error lógico corregido en patrón 229

INFO:root:  Error lógico corregido en patrón 230

INFO:root:  Error lógico corregido en patrón 237

INFO:root:  Error lógico corregido en patrón 244

INFO:root:  Error lógico corregido en patrón 251

INFO:root:  Error lógico corregido en patrón 256

INFO:root:  Error lógico corregido en patrón 259

INFO:root:  Error lógico corregido en patrón 270

INFO:root:  Error lógico corregido en patrón 298

INFO:root:  Error lógico corregido en patrón 302

INFO:root:  Error lógico corregido en patrón 303

INFO:root:  Error lógico corregido en patrón 307

INFO:root:  Error lógico corregido en patrón 323

INFO:root:  Error lógico corregido en patrón 330

INFO:root:  Error lógico corregido en patrón 337

INFO:root:  Error lógico corregido en patrón 338

INFO:root:  Error lógico corregido en patrón 348

INFO:root:  Error lógico corregido en patrón 354

INFO:root:  Error lógico corregido en patrón 356

INFO:root:  Error lógico corregido en patrón 369

INFO:root:  Error lógico corregido en patrón 372

INFO:root:  Error lógico corregido en patrón 390

INFO:root:  Error lógico corregido en patrón 394

INFO:root:  Error lógico corregido en patrón 422

INFO:root:  Error lógico corregido en patrón 423

INFO:root:  Error lógico corregido en patrón 429

INFO:root:  Error lógico corregido en patrón 430

INFO:root:  Error lógico corregido en patrón 434

INFO:root:  Error lógico corregido en patrón 436

INFO:root:  Error lógico corregido en patrón 441

INFO:root:  Error lógico corregido en patrón 446

INFO:root:  Error lógico corregido en patrón 459

INFO:root:  Error lógico corregido en patrón 493

INFO:root:Saving results to DynamoDB for id_nmc_batch: nmc_144_0c003_2, id_arguments: BP_2

INFO:root:Checking if table 'results_dynamodb' exists...

INFO:root:Table 'results_dynamodb' already exists.

INFO:root:Results saved to DynamoDB for id_nmc_batch: nmc_144_0c003_2

(λ: args_worker) RequestId: 81f11ee6-980b-4adc-b69e-6270e511abd2  Duration: 3783.46 ms  Billed Duration: 3784 ms
INFO:root:[OFFLINE] Lambda invoked successfully. HTTP code: 200

INFO:root:nmc_worker invoked with response: {'status': 'invoked'}
INFO:root:Invoking args_worker with event: {'id_nmc_batch': 'nmc_144_0c003_2', 'number_of_args_combinations_batches': 72, 'id_batch_arguments': 2}
INFO:root:[OFFLINE] Invoking lambda 'args_worker' at http://localhost:3000/dev/args_worker with payload: {'id_nmc_batch': 'nmc_144_0c003_2', 'number_of_args_combinations_batches': 72, 'id_batch_arguments': 3}



POST /dev/args_worker (λ: args_worker)
INFO:root:Event received in args_worker lambda_handler

INFO:root:codeConfig: 144, p: 0.003

INFO:root:Config with codeConfig 144 loaded

INFO:root:Bivariate bicycle code created

INFO:root:Circuit built

INFO:root:Detector error model built

INFO:root:Detector error model converted to check matrices

INFO:root:Successfully retrieved 1 arguments for id_batch_arguments: 3

INFO:root:Args variables loaded from DynamoDB

[32minfo[39m: um-cloud-data/detectors_observables/code_144/p_0c003/batch_2.json 200 2ms 3.12mb
INFO:root:Samples loaded from S3.

INFO:root:Downloading automorphism from S3: automorphisms/0.003/auto_3/data.pkl

[32minfo[39m: tum-cloud-data/automorphisms/0.003/auto_3/data.pkl 200 3ms 69.48mb
[32minfo[39m: um-cloud-data/automorphisms/0.003/auto_3/data.pkl 206 28ms 5.48mb
[32minfo[39m: um-cloud-data/automorphisms/0.003/auto_3/data.pkl 206 38ms 8mb
[32minfo[39m: um-cloud-data/automorphisms/0.003/auto_3/data.pkl 206 42ms 8mb
[32minfo[39m: um-cloud-data/automorphisms/0.003/auto_3/data.pkl 206 42ms 8mb
[32minfo[39m: um-cloud-data/automorphisms/0.003/auto_3/data.pkl 206 42ms 8mb
[32minfo[39m: um-cloud-data/automorphisms/0.003/auto_3/data.pkl 206 41ms 8mb
[32minfo[39m: um-cloud-data/automorphisms/0.003/auto_3/data.pkl 206 41ms 8mb
[32minfo[39m: um-cloud-data/automorphisms/0.003/auto_3/data.pkl 206 42ms 8mb
[32minfo[39m: um-cloud-data/automorphisms/0.003/auto_3/data.pkl 206 42ms 8mb
INFO:root:BP decoder initialized

INFO:root:Running 500 Monte Carlo trials

INFO:root:  Error lógico corregido en patrón 2

INFO:root:  Error lógico corregido en patrón 4

INFO:root:  Error lógico corregido en patrón 5

INFO:root:  Error lógico corregido en patrón 6

INFO:root:  Error lógico corregido en patrón 18

INFO:root:  Error lógico corregido en patrón 23

INFO:root:  Error lógico corregido en patrón 54

INFO:root:  Error lógico corregido en patrón 55

INFO:root:  Error lógico corregido en patrón 60

INFO:root:  Error lógico corregido en patrón 68

INFO:root:  Error lógico corregido en patrón 69

INFO:root:  Error lógico corregido en patrón 86

INFO:root:  Error lógico corregido en patrón 89

INFO:root:  Error lógico corregido en patrón 97

INFO:root:  Error lógico corregido en patrón 101

INFO:root:  Error lógico corregido en patrón 114

INFO:root:  Error lógico corregido en patrón 122

INFO:root:  Error lógico corregido en patrón 123

INFO:root:  Error lógico corregido en patrón 127

INFO:root:  Error lógico corregido en patrón 154

INFO:root:  Error lógico corregido en patrón 155

INFO:root:  Error lógico corregido en patrón 164

INFO:root:  Error lógico corregido en patrón 169

INFO:root:  Error lógico corregido en patrón 173

INFO:root:  Error lógico corregido en patrón 189

INFO:root:  Error lógico corregido en patrón 192

INFO:root:  Error lógico corregido en patrón 206

INFO:root:  Error lógico corregido en patrón 207

INFO:root:  Error lógico corregido en patrón 212

INFO:root:  Error lógico corregido en patrón 213

INFO:root:  Error lógico corregido en patrón 225

INFO:root:  Error lógico corregido en patrón 229

INFO:root:  Error lógico corregido en patrón 230

INFO:root:  Error lógico corregido en patrón 237

INFO:root:  Error lógico corregido en patrón 244

INFO:root:  Error lógico corregido en patrón 251

INFO:root:  Error lógico corregido en patrón 256

INFO:root:  Error lógico corregido en patrón 259

INFO:root:  Error lógico corregido en patrón 270

INFO:root:  Error lógico corregido en patrón 298

INFO:root:  Error lógico corregido en patrón 302

INFO:root:  Error lógico corregido en patrón 303

INFO:root:  Error lógico corregido en patrón 307

INFO:root:  Error lógico corregido en patrón 323

INFO:root:  Error lógico corregido en patrón 330

INFO:root:  Error lógico corregido en patrón 337

INFO:root:  Error lógico corregido en patrón 338

INFO:root:  Error lógico corregido en patrón 348

INFO:root:  Error lógico corregido en patrón 354

INFO:root:  Error lógico corregido en patrón 356

INFO:root:  Error lógico corregido en patrón 372

INFO:root:  Error lógico corregido en patrón 390

INFO:root:  Error lógico corregido en patrón 394

INFO:root:  Error lógico corregido en patrón 422

INFO:root:  Error lógico corregido en patrón 423

INFO:root:  Error lógico corregido en patrón 429

INFO:root:  Error lógico corregido en patrón 430

INFO:root:  Error lógico corregido en patrón 434

INFO:root:  Error lógico corregido en patrón 436

INFO:root:  Error lógico corregido en patrón 441

INFO:root:  Error lógico corregido en patrón 446

INFO:root:  Error lógico corregido en patrón 459

INFO:root:  Error lógico corregido en patrón 493

INFO:root:Saving results to DynamoDB for id_nmc_batch: nmc_144_0c003_2, id_arguments: BP_3

INFO:root:Checking if table 'results_dynamodb' exists...

INFO:root:Table 'results_dynamodb' already exists.

INFO:root:Results saved to DynamoDB for id_nmc_batch: nmc_144_0c003_2

(λ: args_worker) RequestId: d464d77d-24f3-443c-9a98-67dfbb6c69c8  Duration: 3783.00 ms  Billed Duration: 3784 ms
INFO:root:[OFFLINE] Lambda invoked successfully. HTTP code: 200

INFO:root:nmc_worker invoked with response: {'status': 'invoked'}
INFO:root:Invoking args_worker with event: {'id_nmc_batch': 'nmc_144_0c003_2', 'number_of_args_combinations_batches': 72, 'id_batch_arguments': 3}
INFO:root:[OFFLINE] Invoking lambda 'args_worker' at http://localhost:3000/dev/args_worker with payload: {'id_nmc_batch': 'nmc_144_0c003_2', 'number_of_args_combinations_batches': 72, 'id_batch_arguments': 4}



POST /dev/args_worker (λ: args_worker)
INFO:root:Event received in args_worker lambda_handler

INFO:root:codeConfig: 144, p: 0.003

INFO:root:Config with codeConfig 144 loaded

INFO:root:Bivariate bicycle code created

INFO:root:Circuit built

INFO:root:Detector error model built

INFO:root:Detector error model converted to check matrices

INFO:root:Successfully retrieved 1 arguments for id_batch_arguments: 4

INFO:root:Args variables loaded from DynamoDB

[32minfo[39m: um-cloud-data/detectors_observables/code_144/p_0c003/batch_2.json 200 2ms 3.12mb
INFO:root:Samples loaded from S3.

INFO:root:Downloading automorphism from S3: automorphisms/0.003/auto_4/data.pkl

[32minfo[39m: tum-cloud-data/automorphisms/0.003/auto_4/data.pkl 200 3ms 69.48mb
[32minfo[39m: um-cloud-data/automorphisms/0.003/auto_4/data.pkl 206 30ms 5.48mb
[32minfo[39m: um-cloud-data/automorphisms/0.003/auto_4/data.pkl 206 45ms 8mb
[32minfo[39m: um-cloud-data/automorphisms/0.003/auto_4/data.pkl 206 47ms 8mb
[32minfo[39m: um-cloud-data/automorphisms/0.003/auto_4/data.pkl 206 47ms 8mb
[32minfo[39m: um-cloud-data/automorphisms/0.003/auto_4/data.pkl 206 47ms 8mb
[32minfo[39m: um-cloud-data/automorphisms/0.003/auto_4/data.pkl 206 48ms 8mb
[32minfo[39m: um-cloud-data/automorphisms/0.003/auto_4/data.pkl 206 47ms 8mb
[32minfo[39m: um-cloud-data/automorphisms/0.003/auto_4/data.pkl 206 42ms 8mb
[32minfo[39m: um-cloud-data/automorphisms/0.003/auto_4/data.pkl 206 44ms 8mb
INFO:root:BP decoder initialized

INFO:root:Running 500 Monte Carlo trials

INFO:root:  Error lógico corregido en patrón 2

INFO:root:  Error lógico corregido en patrón 4

INFO:root:  Error lógico corregido en patrón 5

INFO:root:  Error lógico corregido en patrón 6

INFO:root:  Error lógico corregido en patrón 18

INFO:root:  Error lógico corregido en patrón 23

INFO:root:  Error lógico corregido en patrón 54

INFO:root:  Error lógico corregido en patrón 55

INFO:root:  Error lógico corregido en patrón 60

INFO:root:  Error lógico corregido en patrón 68

INFO:root:  Error lógico corregido en patrón 69

INFO:root:  Error lógico corregido en patrón 86

INFO:root:  Error lógico corregido en patrón 89

INFO:root:  Error lógico corregido en patrón 97

INFO:root:  Error lógico corregido en patrón 101

INFO:root:  Error lógico corregido en patrón 114

INFO:root:  Error lógico corregido en patrón 122

INFO:root:  Error lógico corregido en patrón 123

INFO:root:  Error lógico corregido en patrón 127

INFO:root:  Error lógico corregido en patrón 154

INFO:root:  Error lógico corregido en patrón 155

INFO:root:  Error lógico corregido en patrón 164

INFO:root:  Error lógico corregido en patrón 169

INFO:root:  Error lógico corregido en patrón 173

INFO:root:  Error lógico corregido en patrón 183

INFO:root:  Error lógico corregido en patrón 189

INFO:root:  Error lógico corregido en patrón 192

INFO:root:  Error lógico corregido en patrón 206

INFO:root:  Error lógico corregido en patrón 207

INFO:root:  Error lógico corregido en patrón 212

INFO:root:  Error lógico corregido en patrón 213

INFO:root:  Error lógico corregido en patrón 225

INFO:root:  Error lógico corregido en patrón 229

INFO:root:  Error lógico corregido en patrón 230

INFO:root:  Error lógico corregido en patrón 237

INFO:root:  Error lógico corregido en patrón 244

INFO:root:  Error lógico corregido en patrón 251

INFO:root:  Error lógico corregido en patrón 256

INFO:root:  Error lógico corregido en patrón 259

INFO:root:  Error lógico corregido en patrón 270

INFO:root:  Error lógico corregido en patrón 298

INFO:root:  Error lógico corregido en patrón 302

INFO:root:  Error lógico corregido en patrón 303

INFO:root:  Error lógico corregido en patrón 307

INFO:root:  Error lógico corregido en patrón 323

INFO:root:  Error lógico corregido en patrón 330

INFO:root:  Error lógico corregido en patrón 337

INFO:root:  Error lógico corregido en patrón 338

INFO:root:  Error lógico corregido en patrón 348

INFO:root:  Error lógico corregido en patrón 354

INFO:root:  Error lógico corregido en patrón 356

INFO:root:  Error lógico corregido en patrón 372

INFO:root:  Error lógico corregido en patrón 390

INFO:root:  Error lógico corregido en patrón 394

INFO:root:  Error lógico corregido en patrón 422

INFO:root:  Error lógico corregido en patrón 423

INFO:root:  Error lógico corregido en patrón 429

INFO:root:  Error lógico corregido en patrón 430

INFO:root:  Error lógico corregido en patrón 434

INFO:root:  Error lógico corregido en patrón 436

INFO:root:  Error lógico corregido en patrón 441

INFO:root:  Error lógico corregido en patrón 446

INFO:root:  Error lógico corregido en patrón 459

INFO:root:  Error lógico corregido en patrón 493

INFO:root:Saving results to DynamoDB for id_nmc_batch: nmc_144_0c003_2, id_arguments: BP_4

INFO:root:Checking if table 'results_dynamodb' exists...

INFO:root:Table 'results_dynamodb' already exists.

INFO:root:Results saved to DynamoDB for id_nmc_batch: nmc_144_0c003_2

(λ: args_worker) RequestId: 25570602-80fb-4123-99b3-e29ee2a0ec44  Duration: 3755.98 ms  Billed Duration: 3756 ms
INFO:root:[OFFLINE] Lambda invoked successfully. HTTP code: 200

INFO:root:nmc_worker invoked with response: {'status': 'invoked'}
INFO:root:Invoking args_worker with event: {'id_nmc_batch': 'nmc_144_0c003_2', 'number_of_args_combinations_batches': 72, 'id_batch_arguments': 4}
INFO:root:[OFFLINE] Invoking lambda 'args_worker' at http://localhost:3000/dev/args_worker with payload: {'id_nmc_batch': 'nmc_144_0c003_2', 'number_of_args_combinations_batches': 72, 'id_batch_arguments': 5}



POST /dev/args_worker (λ: args_worker)
INFO:root:Event received in args_worker lambda_handler

INFO:root:codeConfig: 144, p: 0.003

INFO:root:Config with codeConfig 144 loaded

INFO:root:Bivariate bicycle code created

INFO:root:Circuit built

INFO:root:Detector error model built

INFO:root:Detector error model converted to check matrices

INFO:root:Successfully retrieved 1 arguments for id_batch_arguments: 5

INFO:root:Args variables loaded from DynamoDB

[32minfo[39m: um-cloud-data/detectors_observables/code_144/p_0c003/batch_2.json 200 3ms 3.12mb
INFO:root:Samples loaded from S3.

INFO:root:Downloading automorphism from S3: automorphisms/0.003/auto_5/data.pkl

[32minfo[39m: tum-cloud-data/automorphisms/0.003/auto_5/data.pkl 200 3ms 69.48mb
[32minfo[39m: um-cloud-data/automorphisms/0.003/auto_5/data.pkl 206 28ms 5.48mb
[32minfo[39m: um-cloud-data/automorphisms/0.003/auto_5/data.pkl 206 39ms 8mb
[32minfo[39m: um-cloud-data/automorphisms/0.003/auto_5/data.pkl 206 40ms 8mb
[32minfo[39m: um-cloud-data/automorphisms/0.003/auto_5/data.pkl 206 39ms 8mb
[32minfo[39m: um-cloud-data/automorphisms/0.003/auto_5/data.pkl 206 40ms 8mb
[32minfo[39m: um-cloud-data/automorphisms/0.003/auto_5/data.pkl 206 41ms 8mb
[32minfo[39m: um-cloud-data/automorphisms/0.003/auto_5/data.pkl 206 41ms 8mb
[32minfo[39m: um-cloud-data/automorphisms/0.003/auto_5/data.pkl 206 41ms 8mb
[32minfo[39m: um-cloud-data/automorphisms/0.003/auto_5/data.pkl 206 41ms 8mb
INFO:root:BP decoder initialized

INFO:root:Running 500 Monte Carlo trials

INFO:root:  Error lógico corregido en patrón 2

INFO:root:  Error lógico corregido en patrón 4

INFO:root:  Error lógico corregido en patrón 5

INFO:root:  Error lógico corregido en patrón 6

INFO:root:  Error lógico corregido en patrón 18

INFO:root:  Error lógico corregido en patrón 23

INFO:root:  Error lógico corregido en patrón 24

INFO:root:  Error lógico corregido en patrón 54

INFO:root:  Error lógico corregido en patrón 55

INFO:root:  Error lógico corregido en patrón 60

INFO:root:  Error lógico corregido en patrón 68

INFO:root:  Error lógico corregido en patrón 69

INFO:root:  Error lógico corregido en patrón 86

INFO:root:  Error lógico corregido en patrón 89

INFO:root:  Error lógico corregido en patrón 97

INFO:root:  Error lógico corregido en patrón 101

INFO:root:  Error lógico corregido en patrón 114

INFO:root:  Error lógico corregido en patrón 122

INFO:root:  Error lógico corregido en patrón 123

INFO:root:  Error lógico corregido en patrón 127

INFO:root:  Error lógico corregido en patrón 154

INFO:root:  Error lógico corregido en patrón 155

INFO:root:  Error lógico corregido en patrón 164

INFO:root:  Error lógico corregido en patrón 169

INFO:root:  Error lógico corregido en patrón 173

INFO:root:  Error lógico corregido en patrón 183

INFO:root:  Error lógico corregido en patrón 189

INFO:root:  Error lógico corregido en patrón 192

INFO:root:  Error lógico corregido en patrón 206

INFO:root:  Error lógico corregido en patrón 207

INFO:root:  Error lógico corregido en patrón 212

INFO:root:  Error lógico corregido en patrón 213

INFO:root:  Error lógico corregido en patrón 225

INFO:root:  Error lógico corregido en patrón 229

INFO:root:  Error lógico corregido en patrón 230

INFO:root:  Error lógico corregido en patrón 237

INFO:root:  Error lógico corregido en patrón 244

INFO:root:  Error lógico corregido en patrón 251

INFO:root:  Error lógico corregido en patrón 256

INFO:root:  Error lógico corregido en patrón 259

INFO:root:  Error lógico corregido en patrón 270

INFO:root:  Error lógico corregido en patrón 298

INFO:root:  Error lógico corregido en patrón 302

INFO:root:  Error lógico corregido en patrón 303

INFO:root:  Error lógico corregido en patrón 307

INFO:root:  Error lógico corregido en patrón 323

INFO:root:  Error lógico corregido en patrón 330

INFO:root:  Error lógico corregido en patrón 337

INFO:root:  Error lógico corregido en patrón 338

INFO:root:  Error lógico corregido en patrón 348

INFO:root:  Error lógico corregido en patrón 354

INFO:root:  Error lógico corregido en patrón 356

INFO:root:  Error lógico corregido en patrón 369

INFO:root:  Error lógico corregido en patrón 372

INFO:root:  Error lógico corregido en patrón 390

INFO:root:  Error lógico corregido en patrón 394

INFO:root:  Error lógico corregido en patrón 422

INFO:root:  Error lógico corregido en patrón 423

INFO:root:  Error lógico corregido en patrón 429

INFO:root:  Error lógico corregido en patrón 430

INFO:root:  Error lógico corregido en patrón 434

INFO:root:  Error lógico corregido en patrón 436

INFO:root:  Error lógico corregido en patrón 441

INFO:root:  Error lógico corregido en patrón 446

INFO:root:  Error lógico corregido en patrón 459

INFO:root:  Error lógico corregido en patrón 493

INFO:root:Saving results to DynamoDB for id_nmc_batch: nmc_144_0c003_2, id_arguments: BP_5

INFO:root:Checking if table 'results_dynamodb' exists...

INFO:root:Table 'results_dynamodb' already exists.

INFO:root:Results saved to DynamoDB for id_nmc_batch: nmc_144_0c003_2

(λ: args_worker) RequestId: 9dc1c422-c57a-499e-9439-6aa98494120e  Duration: 3769.32 ms  Billed Duration: 3770 ms
INFO:root:[OFFLINE] Lambda invoked successfully. HTTP code: 200

INFO:root:nmc_worker invoked with response: {'status': 'invoked'}
INFO:root:Invoking args_worker with event: {'id_nmc_batch': 'nmc_144_0c003_2', 'number_of_args_combinations_batches': 72, 'id_batch_arguments': 5}
INFO:root:[OFFLINE] Invoking lambda 'args_worker' at http://localhost:3000/dev/args_worker with payload: {'id_nmc_batch': 'nmc_144_0c003_2', 'number_of_args_combinations_batches': 72, 'id_batch_arguments': 6}



POST /dev/args_worker (λ: args_worker)
INFO:root:Event received in args_worker lambda_handler

INFO:root:codeConfig: 144, p: 0.003

INFO:root:Config with codeConfig 144 loaded

INFO:root:Bivariate bicycle code created

INFO:root:Circuit built

INFO:root:Detector error model built

INFO:root:Detector error model converted to check matrices

INFO:root:Successfully retrieved 1 arguments for id_batch_arguments: 6

INFO:root:Args variables loaded from DynamoDB

[32minfo[39m: um-cloud-data/detectors_observables/code_144/p_0c003/batch_2.json 200 2ms 3.12mb
INFO:root:Samples loaded from S3.

INFO:root:Downloading automorphism from S3: automorphisms/0.003/auto_6/data.pkl

[32minfo[39m: tum-cloud-data/automorphisms/0.003/auto_6/data.pkl 200 5ms 69.48mb
[32minfo[39m: um-cloud-data/automorphisms/0.003/auto_6/data.pkl 206 36ms 8mb
[32minfo[39m: um-cloud-data/automorphisms/0.003/auto_6/data.pkl 206 39ms 8mb
[32minfo[39m: um-cloud-data/automorphisms/0.003/auto_6/data.pkl 206 32ms 5.48mb
[32minfo[39m: um-cloud-data/automorphisms/0.003/auto_6/data.pkl 206 42ms 8mb
[32minfo[39m: um-cloud-data/automorphisms/0.003/auto_6/data.pkl 206 41ms 8mb
[32minfo[39m: um-cloud-data/automorphisms/0.003/auto_6/data.pkl 206 46ms 8mb
[32minfo[39m: um-cloud-data/automorphisms/0.003/auto_6/data.pkl 206 46ms 8mb
[32minfo[39m: um-cloud-data/automorphisms/0.003/auto_6/data.pkl 206 47ms 8mb
[32minfo[39m: um-cloud-data/automorphisms/0.003/auto_6/data.pkl 206 40ms 8mb
INFO:root:BP decoder initialized

INFO:root:Running 500 Monte Carlo trials

INFO:root:  Error lógico corregido en patrón 2

INFO:root:  Error lógico corregido en patrón 4

INFO:root:  Error lógico corregido en patrón 5

INFO:root:  Error lógico corregido en patrón 6

INFO:root:  Error lógico corregido en patrón 18

INFO:root:  Error lógico corregido en patrón 23

INFO:root:  Error lógico corregido en patrón 24

INFO:root:  Error lógico corregido en patrón 54

INFO:root:  Error lógico corregido en patrón 55

INFO:root:  Error lógico corregido en patrón 60

INFO:root:  Error lógico corregido en patrón 68

INFO:root:  Error lógico corregido en patrón 69

INFO:root:  Error lógico corregido en patrón 86

INFO:root:  Error lógico corregido en patrón 89

INFO:root:  Error lógico corregido en patrón 97

INFO:root:  Error lógico corregido en patrón 101

INFO:root:  Error lógico corregido en patrón 114

INFO:root:  Error lógico corregido en patrón 122

INFO:root:  Error lógico corregido en patrón 123

INFO:root:  Error lógico corregido en patrón 127

INFO:root:  Error lógico corregido en patrón 154

INFO:root:  Error lógico corregido en patrón 155

INFO:root:  Error lógico corregido en patrón 164

INFO:root:  Error lógico corregido en patrón 169

INFO:root:  Error lógico corregido en patrón 173

INFO:root:  Error lógico corregido en patrón 183

INFO:root:  Error lógico corregido en patrón 189

INFO:root:  Error lógico corregido en patrón 192

INFO:root:  Error lógico corregido en patrón 206

INFO:root:  Error lógico corregido en patrón 207

INFO:root:  Error lógico corregido en patrón 212

INFO:root:  Error lógico corregido en patrón 213

INFO:root:  Error lógico corregido en patrón 225

INFO:root:  Error lógico corregido en patrón 229

INFO:root:  Error lógico corregido en patrón 230

INFO:root:  Error lógico corregido en patrón 237

INFO:root:  Error lógico corregido en patrón 244

INFO:root:  Error lógico corregido en patrón 251

INFO:root:  Error lógico corregido en patrón 256

INFO:root:  Error lógico corregido en patrón 259

INFO:root:  Error lógico corregido en patrón 270

INFO:root:  Error lógico corregido en patrón 298

INFO:root:  Error lógico corregido en patrón 302

INFO:root:  Error lógico corregido en patrón 303

INFO:root:  Error lógico corregido en patrón 307

INFO:root:  Error lógico corregido en patrón 323

INFO:root:  Error lógico corregido en patrón 330

INFO:root:  Error lógico corregido en patrón 337

INFO:root:  Error lógico corregido en patrón 338

INFO:root:  Error lógico corregido en patrón 348

INFO:root:  Error lógico corregido en patrón 354

INFO:root:  Error lógico corregido en patrón 356

INFO:root:  Error lógico corregido en patrón 372

INFO:root:  Error lógico corregido en patrón 390

INFO:root:  Error lógico corregido en patrón 394

INFO:root:  Error lógico corregido en patrón 422

INFO:root:  Error lógico corregido en patrón 423

INFO:root:  Error lógico corregido en patrón 429

INFO:root:  Error lógico corregido en patrón 430

INFO:root:  Error lógico corregido en patrón 434

INFO:root:  Error lógico corregido en patrón 436

INFO:root:  Error lógico corregido en patrón 441

INFO:root:  Error lógico corregido en patrón 446

INFO:root:  Error lógico corregido en patrón 459

INFO:root:  Error lógico corregido en patrón 493

INFO:root:Saving results to DynamoDB for id_nmc_batch: nmc_144_0c003_2, id_arguments: BP_6

INFO:root:Checking if table 'results_dynamodb' exists...

INFO:root:Table 'results_dynamodb' already exists.

INFO:root:Results saved to DynamoDB for id_nmc_batch: nmc_144_0c003_2

(λ: args_worker) RequestId: c4d33b5c-7c53-41c4-8c1c-6fcd013a1f4c  Duration: 3737.05 ms  Billed Duration: 3738 ms
INFO:root:[OFFLINE] Lambda invoked successfully. HTTP code: 200

INFO:root:nmc_worker invoked with response: {'status': 'invoked'}
INFO:root:Invoking args_worker with event: {'id_nmc_batch': 'nmc_144_0c003_2', 'number_of_args_combinations_batches': 72, 'id_batch_arguments': 6}
INFO:root:[OFFLINE] Invoking lambda 'args_worker' at http://localhost:3000/dev/args_worker with payload: {'id_nmc_batch': 'nmc_144_0c003_2', 'number_of_args_combinations_batches': 72, 'id_batch_arguments': 7}



POST /dev/args_worker (λ: args_worker)
INFO:root:Event received in args_worker lambda_handler

INFO:root:codeConfig: 144, p: 0.003

INFO:root:Config with codeConfig 144 loaded

INFO:root:Bivariate bicycle code created

INFO:root:Circuit built

INFO:root:Detector error model built

INFO:root:Detector error model converted to check matrices

INFO:root:Successfully retrieved 1 arguments for id_batch_arguments: 7

INFO:root:Args variables loaded from DynamoDB

[32minfo[39m: um-cloud-data/detectors_observables/code_144/p_0c003/batch_2.json 200 2ms 3.12mb
INFO:root:Samples loaded from S3.

INFO:root:Downloading automorphism from S3: automorphisms/0.003/auto_7/data.pkl

[32minfo[39m: tum-cloud-data/automorphisms/0.003/auto_7/data.pkl 200 3ms 69.48mb
[32minfo[39m: um-cloud-data/automorphisms/0.003/auto_7/data.pkl 206 32ms 5.48mb
[32minfo[39m: um-cloud-data/automorphisms/0.003/auto_7/data.pkl 206 44ms 8mb
[32minfo[39m: um-cloud-data/automorphisms/0.003/auto_7/data.pkl 206 45ms 8mb
[32minfo[39m: um-cloud-data/automorphisms/0.003/auto_7/data.pkl 206 44ms 8mb
[32minfo[39m: um-cloud-data/automorphisms/0.003/auto_7/data.pkl 206 45ms 8mb
[32minfo[39m: um-cloud-data/automorphisms/0.003/auto_7/data.pkl 206 43ms 8mb
[32minfo[39m: um-cloud-data/automorphisms/0.003/auto_7/data.pkl 206 42ms 8mb
[32minfo[39m: um-cloud-data/automorphisms/0.003/auto_7/data.pkl 206 44ms 8mb
[32minfo[39m: um-cloud-data/automorphisms/0.003/auto_7/data.pkl 206 43ms 8mb
INFO:root:BP decoder initialized

INFO:root:Running 500 Monte Carlo trials

INFO:root:  Error lógico corregido en patrón 2

INFO:root:  Error lógico corregido en patrón 4

INFO:root:  Error lógico corregido en patrón 5

INFO:root:  Error lógico corregido en patrón 6

INFO:root:  Error lógico corregido en patrón 18

INFO:root:  Error lógico corregido en patrón 23

INFO:root:  Error lógico corregido en patrón 24

INFO:root:  Error lógico corregido en patrón 54

INFO:root:  Error lógico corregido en patrón 55

INFO:root:  Error lógico corregido en patrón 60

INFO:root:  Error lógico corregido en patrón 68

INFO:root:  Error lógico corregido en patrón 69

INFO:root:  Error lógico corregido en patrón 86

INFO:root:  Error lógico corregido en patrón 89

INFO:root:  Error lógico corregido en patrón 97

INFO:root:  Error lógico corregido en patrón 101

INFO:root:  Error lógico corregido en patrón 114

INFO:root:  Error lógico corregido en patrón 122

INFO:root:  Error lógico corregido en patrón 123

INFO:root:  Error lógico corregido en patrón 127

INFO:root:  Error lógico corregido en patrón 154

INFO:root:  Error lógico corregido en patrón 155

INFO:root:  Error lógico corregido en patrón 164

INFO:root:  Error lógico corregido en patrón 169

INFO:root:  Error lógico corregido en patrón 173

INFO:root:  Error lógico corregido en patrón 183

INFO:root:  Error lógico corregido en patrón 189

INFO:root:  Error lógico corregido en patrón 192

INFO:root:  Error lógico corregido en patrón 206

INFO:root:  Error lógico corregido en patrón 207

INFO:root:  Error lógico corregido en patrón 212

INFO:root:  Error lógico corregido en patrón 213

INFO:root:  Error lógico corregido en patrón 225

INFO:root:  Error lógico corregido en patrón 229

INFO:root:  Error lógico corregido en patrón 230

INFO:root:  Error lógico corregido en patrón 237

INFO:root:  Error lógico corregido en patrón 244

INFO:root:  Error lógico corregido en patrón 251

INFO:root:  Error lógico corregido en patrón 256

INFO:root:  Error lógico corregido en patrón 259

INFO:root:  Error lógico corregido en patrón 270

INFO:root:  Error lógico corregido en patrón 298

INFO:root:  Error lógico corregido en patrón 302

INFO:root:  Error lógico corregido en patrón 303

INFO:root:  Error lógico corregido en patrón 307

INFO:root:  Error lógico corregido en patrón 323

INFO:root:  Error lógico corregido en patrón 330

INFO:root:  Error lógico corregido en patrón 337

INFO:root:  Error lógico corregido en patrón 338

INFO:root:  Error lógico corregido en patrón 348

INFO:root:  Error lógico corregido en patrón 354

INFO:root:  Error lógico corregido en patrón 356

INFO:root:  Error lógico corregido en patrón 372

INFO:root:  Error lógico corregido en patrón 390

INFO:root:  Error lógico corregido en patrón 394

INFO:root:  Error lógico corregido en patrón 422

INFO:root:  Error lógico corregido en patrón 423

INFO:root:  Error lógico corregido en patrón 429

INFO:root:  Error lógico corregido en patrón 430

INFO:root:  Error lógico corregido en patrón 434

INFO:root:  Error lógico corregido en patrón 436

INFO:root:  Error lógico corregido en patrón 441

INFO:root:  Error lógico corregido en patrón 446

INFO:root:  Error lógico corregido en patrón 459

INFO:root:  Error lógico corregido en patrón 493

INFO:root:Saving results to DynamoDB for id_nmc_batch: nmc_144_0c003_2, id_arguments: BP_7

INFO:root:Checking if table 'results_dynamodb' exists...

INFO:root:Table 'results_dynamodb' already exists.

INFO:root:Results saved to DynamoDB for id_nmc_batch: nmc_144_0c003_2

(λ: args_worker) RequestId: 876a52c6-a1ff-413c-9fc5-d9e9aa4eec5a  Duration: 3769.51 ms  Billed Duration: 3770 ms
INFO:root:[OFFLINE] Lambda invoked successfully. HTTP code: 200

INFO:root:nmc_worker invoked with response: {'status': 'invoked'}
INFO:root:Invoking args_worker with event: {'id_nmc_batch': 'nmc_144_0c003_2', 'number_of_args_combinations_batches': 72, 'id_batch_arguments': 7}
INFO:root:[OFFLINE] Invoking lambda 'args_worker' at http://localhost:3000/dev/args_worker with payload: {'id_nmc_batch': 'nmc_144_0c003_2', 'number_of_args_combinations_batches': 72, 'id_batch_arguments': 8}



POST /dev/args_worker (λ: args_worker)
INFO:root:Event received in args_worker lambda_handler

INFO:root:codeConfig: 144, p: 0.003

INFO:root:Config with codeConfig 144 loaded

INFO:root:Bivariate bicycle code created

INFO:root:Circuit built

INFO:root:Detector error model built

INFO:root:Detector error model converted to check matrices

INFO:root:Successfully retrieved 1 arguments for id_batch_arguments: 8

INFO:root:Args variables loaded from DynamoDB

[32minfo[39m: um-cloud-data/detectors_observables/code_144/p_0c003/batch_2.json 200 1ms 3.12mb
INFO:root:Samples loaded from S3.

INFO:root:Downloading automorphism from S3: automorphisms/0.003/auto_8/data.pkl

[32minfo[39m: tum-cloud-data/automorphisms/0.003/auto_8/data.pkl 200 4ms 69.48mb
[32minfo[39m: um-cloud-data/automorphisms/0.003/auto_8/data.pkl 206 28ms 5.48mb
[32minfo[39m: um-cloud-data/automorphisms/0.003/auto_8/data.pkl 206 38ms 8mb
[32minfo[39m: um-cloud-data/automorphisms/0.003/auto_8/data.pkl 206 38ms 8mb
[32minfo[39m: um-cloud-data/automorphisms/0.003/auto_8/data.pkl 206 41ms 8mb
[32minfo[39m: um-cloud-data/automorphisms/0.003/auto_8/data.pkl 206 42ms 8mb
[32minfo[39m: um-cloud-data/automorphisms/0.003/auto_8/data.pkl 206 42ms 8mb
[32minfo[39m: um-cloud-data/automorphisms/0.003/auto_8/data.pkl 206 43ms 8mb
[32minfo[39m: um-cloud-data/automorphisms/0.003/auto_8/data.pkl 206 38ms 8mb
[32minfo[39m: um-cloud-data/automorphisms/0.003/auto_8/data.pkl 206 37ms 8mb
INFO:root:BP decoder initialized

INFO:root:Running 500 Monte Carlo trials

INFO:root:  Error lógico corregido en patrón 2

INFO:root:  Error lógico corregido en patrón 4

INFO:root:  Error lógico corregido en patrón 5

INFO:root:  Error lógico corregido en patrón 6

INFO:root:  Error lógico corregido en patrón 18

INFO:root:  Error lógico corregido en patrón 23

INFO:root:  Error lógico corregido en patrón 54

INFO:root:  Error lógico corregido en patrón 55

INFO:root:  Error lógico corregido en patrón 60

INFO:root:  Error lógico corregido en patrón 68

INFO:root:  Error lógico corregido en patrón 69

INFO:root:  Error lógico corregido en patrón 86

INFO:root:  Error lógico corregido en patrón 89

INFO:root:  Error lógico corregido en patrón 97

INFO:root:  Error lógico corregido en patrón 101

INFO:root:  Error lógico corregido en patrón 114

INFO:root:  Error lógico corregido en patrón 122

INFO:root:  Error lógico corregido en patrón 123

INFO:root:  Error lógico corregido en patrón 127

INFO:root:  Error lógico corregido en patrón 154

INFO:root:  Error lógico corregido en patrón 155

INFO:root:  Error lógico corregido en patrón 164

INFO:root:  Error lógico corregido en patrón 169

INFO:root:  Error lógico corregido en patrón 173

INFO:root:  Error lógico corregido en patrón 183

INFO:root:  Error lógico corregido en patrón 189

INFO:root:  Error lógico corregido en patrón 192

INFO:root:  Error lógico corregido en patrón 206

INFO:root:  Error lógico corregido en patrón 207

INFO:root:  Error lógico corregido en patrón 212

INFO:root:  Error lógico corregido en patrón 213

INFO:root:  Error lógico corregido en patrón 225

INFO:root:  Error lógico corregido en patrón 229

INFO:root:  Error lógico corregido en patrón 230

INFO:root:  Error lógico corregido en patrón 237

INFO:root:  Error lógico corregido en patrón 244

INFO:root:  Error lógico corregido en patrón 251

INFO:root:  Error lógico corregido en patrón 256

INFO:root:  Error lógico corregido en patrón 259

INFO:root:  Error lógico corregido en patrón 270

INFO:root:  Error lógico corregido en patrón 298

INFO:root:  Error lógico corregido en patrón 302

INFO:root:  Error lógico corregido en patrón 303

INFO:root:  Error lógico corregido en patrón 307

INFO:root:  Error lógico corregido en patrón 323

INFO:root:  Error lógico corregido en patrón 330

INFO:root:  Error lógico corregido en patrón 337

INFO:root:  Error lógico corregido en patrón 338

INFO:root:  Error lógico corregido en patrón 348

INFO:root:  Error lógico corregido en patrón 354

INFO:root:  Error lógico corregido en patrón 356

INFO:root:  Error lógico corregido en patrón 369

INFO:root:  Error lógico corregido en patrón 372

INFO:root:  Error lógico corregido en patrón 390

INFO:root:  Error lógico corregido en patrón 394

INFO:root:  Error lógico corregido en patrón 422

INFO:root:  Error lógico corregido en patrón 423

INFO:root:  Error lógico corregido en patrón 429

INFO:root:  Error lógico corregido en patrón 430

INFO:root:  Error lógico corregido en patrón 434

INFO:root:  Error lógico corregido en patrón 436

INFO:root:  Error lógico corregido en patrón 441

INFO:root:  Error lógico corregido en patrón 446

INFO:root:  Error lógico corregido en patrón 459

INFO:root:  Error lógico corregido en patrón 493

INFO:root:Saving results to DynamoDB for id_nmc_batch: nmc_144_0c003_2, id_arguments: BP_8

INFO:root:Checking if table 'results_dynamodb' exists...

INFO:root:Table 'results_dynamodb' already exists.

INFO:root:Results saved to DynamoDB for id_nmc_batch: nmc_144_0c003_2

(λ: args_worker) RequestId: 79189665-5fb6-4b79-9000-5e483c11a4fe  Duration: 3775.19 ms  Billed Duration: 3776 ms
INFO:root:[OFFLINE] Lambda invoked successfully. HTTP code: 200

INFO:root:nmc_worker invoked with response: {'status': 'invoked'}
INFO:root:Invoking args_worker with event: {'id_nmc_batch': 'nmc_144_0c003_2', 'number_of_args_combinations_batches': 72, 'id_batch_arguments': 8}
INFO:root:[OFFLINE] Invoking lambda 'args_worker' at http://localhost:3000/dev/args_worker with payload: {'id_nmc_batch': 'nmc_144_0c003_2', 'number_of_args_combinations_batches': 72, 'id_batch_arguments': 9}



POST /dev/args_worker (λ: args_worker)
INFO:root:Event received in args_worker lambda_handler

INFO:root:codeConfig: 144, p: 0.003

INFO:root:Config with codeConfig 144 loaded

INFO:root:Bivariate bicycle code created

INFO:root:Circuit built

INFO:root:Detector error model built

INFO:root:Detector error model converted to check matrices

INFO:root:Successfully retrieved 1 arguments for id_batch_arguments: 9

INFO:root:Args variables loaded from DynamoDB

[32minfo[39m: um-cloud-data/detectors_observables/code_144/p_0c003/batch_2.json 200 2ms 3.12mb
INFO:root:Samples loaded from S3.

INFO:root:Downloading automorphism from S3: automorphisms/0.003/auto_9/data.pkl

[32minfo[39m: tum-cloud-data/automorphisms/0.003/auto_9/data.pkl 200 4ms 69.48mb
[32minfo[39m: um-cloud-data/automorphisms/0.003/auto_9/data.pkl 206 27ms 5.48mb
[32minfo[39m: um-cloud-data/automorphisms/0.003/auto_9/data.pkl 206 47ms 8mb
[32minfo[39m: um-cloud-data/automorphisms/0.003/auto_9/data.pkl 206 47ms 8mb
[32minfo[39m: um-cloud-data/automorphisms/0.003/auto_9/data.pkl 206 47ms 8mb
[32minfo[39m: um-cloud-data/automorphisms/0.003/auto_9/data.pkl 206 46ms 8mb
[32minfo[39m: um-cloud-data/automorphisms/0.003/auto_9/data.pkl 206 47ms 8mb
[32minfo[39m: um-cloud-data/automorphisms/0.003/auto_9/data.pkl 206 43ms 8mb
[32minfo[39m: um-cloud-data/automorphisms/0.003/auto_9/data.pkl 206 49ms 8mb
[32minfo[39m: um-cloud-data/automorphisms/0.003/auto_9/data.pkl 206 47ms 8mb
INFO:root:BP decoder initialized

INFO:root:Running 500 Monte Carlo trials

INFO:root:  Error lógico corregido en patrón 2

INFO:root:  Error lógico corregido en patrón 4

INFO:root:  Error lógico corregido en patrón 5

INFO:root:  Error lógico corregido en patrón 6

INFO:root:  Error lógico corregido en patrón 18

INFO:root:  Error lógico corregido en patrón 23

INFO:root:  Error lógico corregido en patrón 24

INFO:root:  Error lógico corregido en patrón 54

INFO:root:  Error lógico corregido en patrón 55

INFO:root:  Error lógico corregido en patrón 60

INFO:root:  Error lógico corregido en patrón 68

INFO:root:  Error lógico corregido en patrón 69

INFO:root:  Error lógico corregido en patrón 86

INFO:root:  Error lógico corregido en patrón 89

INFO:root:  Error lógico corregido en patrón 97

INFO:root:  Error lógico corregido en patrón 101

INFO:root:  Error lógico corregido en patrón 114

INFO:root:  Error lógico corregido en patrón 122

INFO:root:  Error lógico corregido en patrón 123

INFO:root:  Error lógico corregido en patrón 127

INFO:root:  Error lógico corregido en patrón 154

INFO:root:  Error lógico corregido en patrón 155

INFO:root:  Error lógico corregido en patrón 164

INFO:root:  Error lógico corregido en patrón 169

INFO:root:  Error lógico corregido en patrón 173

INFO:root:  Error lógico corregido en patrón 183

INFO:root:  Error lógico corregido en patrón 189

INFO:root:  Error lógico corregido en patrón 192

INFO:root:  Error lógico corregido en patrón 206

INFO:root:  Error lógico corregido en patrón 207

INFO:root:  Error lógico corregido en patrón 212

INFO:root:  Error lógico corregido en patrón 213

INFO:root:  Error lógico corregido en patrón 225

INFO:root:  Error lógico corregido en patrón 229

INFO:root:  Error lógico corregido en patrón 230

INFO:root:  Error lógico corregido en patrón 237

INFO:root:  Error lógico corregido en patrón 244

INFO:root:  Error lógico corregido en patrón 251

INFO:root:  Error lógico corregido en patrón 256

INFO:root:  Error lógico corregido en patrón 259

INFO:root:  Error lógico corregido en patrón 270

INFO:root:  Error lógico corregido en patrón 298

INFO:root:  Error lógico corregido en patrón 302

INFO:root:  Error lógico corregido en patrón 303

INFO:root:  Error lógico corregido en patrón 307

INFO:root:  Error lógico corregido en patrón 323

INFO:root:  Error lógico corregido en patrón 330

INFO:root:  Error lógico corregido en patrón 337

INFO:root:  Error lógico corregido en patrón 338

INFO:root:  Error lógico corregido en patrón 348

INFO:root:  Error lógico corregido en patrón 354

INFO:root:  Error lógico corregido en patrón 356

INFO:root:  Error lógico corregido en patrón 369

INFO:root:  Error lógico corregido en patrón 372

INFO:root:  Error lógico corregido en patrón 390

INFO:root:  Error lógico corregido en patrón 394

INFO:root:  Error lógico corregido en patrón 422

INFO:root:  Error lógico corregido en patrón 423

INFO:root:  Error lógico corregido en patrón 429

INFO:root:  Error lógico corregido en patrón 430

INFO:root:  Error lógico corregido en patrón 434

INFO:root:  Error lógico corregido en patrón 436

INFO:root:  Error lógico corregido en patrón 441

INFO:root:  Error lógico corregido en patrón 446

INFO:root:  Error lógico corregido en patrón 459

INFO:root:  Error lógico corregido en patrón 493

INFO:root:Saving results to DynamoDB for id_nmc_batch: nmc_144_0c003_2, id_arguments: BP_9

INFO:root:Checking if table 'results_dynamodb' exists...

INFO:root:Table 'results_dynamodb' already exists.

INFO:root:Results saved to DynamoDB for id_nmc_batch: nmc_144_0c003_2

(λ: args_worker) RequestId: 6af902da-9c1c-4146-b7df-ef7f08ee073a  Duration: 3769.81 ms  Billed Duration: 3770 ms
INFO:root:[OFFLINE] Lambda invoked successfully. HTTP code: 200

INFO:root:nmc_worker invoked with response: {'status': 'invoked'}
INFO:root:Invoking args_worker with event: {'id_nmc_batch': 'nmc_144_0c003_2', 'number_of_args_combinations_batches': 72, 'id_batch_arguments': 9}
INFO:root:[OFFLINE] Invoking lambda 'args_worker' at http://localhost:3000/dev/args_worker with payload: {'id_nmc_batch': 'nmc_144_0c003_2', 'number_of_args_combinations_batches': 72, 'id_batch_arguments': 10}



POST /dev/args_worker (λ: args_worker)
INFO:root:Event received in args_worker lambda_handler

INFO:root:codeConfig: 144, p: 0.003

INFO:root:Config with codeConfig 144 loaded

INFO:root:Bivariate bicycle code created

INFO:root:Circuit built

INFO:root:Detector error model built

INFO:root:Detector error model converted to check matrices

INFO:root:Successfully retrieved 1 arguments for id_batch_arguments: 10

INFO:root:Args variables loaded from DynamoDB

[32minfo[39m: um-cloud-data/detectors_observables/code_144/p_0c003/batch_2.json 200 1ms 3.12mb
INFO:root:Samples loaded from S3.

INFO:root:Downloading automorphism from S3: automorphisms/0.003/auto_10/data.pkl

[32minfo[39m: tum-cloud-data/automorphisms/0.003/auto_10/data.pkl 200 4ms 69.48mb
[32minfo[39m: um-cloud-data/automorphisms/0.003/auto_10/data.pkl 206 34ms 5.48mb
[32minfo[39m: um-cloud-data/automorphisms/0.003/auto_10/data.pkl 206 47ms 8mb
[32minfo[39m: um-cloud-data/automorphisms/0.003/auto_10/data.pkl 206 47ms 8mb
[32minfo[39m: um-cloud-data/automorphisms/0.003/auto_10/data.pkl 206 49ms 8mb
[32minfo[39m: um-cloud-data/automorphisms/0.003/auto_10/data.pkl 206 48ms 8mb
[32minfo[39m: um-cloud-data/automorphisms/0.003/auto_10/data.pkl 206 48ms 8mb
[32minfo[39m: um-cloud-data/automorphisms/0.003/auto_10/data.pkl 206 48ms 8mb
[32minfo[39m: um-cloud-data/automorphisms/0.003/auto_10/data.pkl 206 47ms 8mb
[32minfo[39m: um-cloud-data/automorphisms/0.003/auto_10/data.pkl 206 47ms 8mb
INFO:root:BP decoder initialized

INFO:root:Running 500 Monte Carlo trials

INFO:root:  Error lógico corregido en patrón 2

INFO:root:  Error lógico corregido en patrón 4

INFO:root:  Error lógico corregido en patrón 5

INFO:root:  Error lógico corregido en patrón 6

INFO:root:  Error lógico corregido en patrón 18

INFO:root:  Error lógico corregido en patrón 23

INFO:root:  Error lógico corregido en patrón 24

INFO:root:  Error lógico corregido en patrón 54

INFO:root:  Error lógico corregido en patrón 55

INFO:root:  Error lógico corregido en patrón 60

INFO:root:  Error lógico corregido en patrón 68

INFO:root:  Error lógico corregido en patrón 69

INFO:root:  Error lógico corregido en patrón 86

INFO:root:  Error lógico corregido en patrón 89

INFO:root:  Error lógico corregido en patrón 97

INFO:root:  Error lógico corregido en patrón 101

INFO:root:  Error lógico corregido en patrón 114

INFO:root:  Error lógico corregido en patrón 122

INFO:root:  Error lógico corregido en patrón 123

INFO:root:  Error lógico corregido en patrón 127

INFO:root:  Error lógico corregido en patrón 154

INFO:root:  Error lógico corregido en patrón 155

INFO:root:  Error lógico corregido en patrón 164

INFO:root:  Error lógico corregido en patrón 169

INFO:root:  Error lógico corregido en patrón 173

INFO:root:  Error lógico corregido en patrón 183

INFO:root:  Error lógico corregido en patrón 189

INFO:root:  Error lógico corregido en patrón 192

INFO:root:  Error lógico corregido en patrón 206

INFO:root:  Error lógico corregido en patrón 207

INFO:root:  Error lógico corregido en patrón 212

INFO:root:  Error lógico corregido en patrón 213

INFO:root:  Error lógico corregido en patrón 225

INFO:root:  Error lógico corregido en patrón 229

INFO:root:  Error lógico corregido en patrón 230

INFO:root:  Error lógico corregido en patrón 237

INFO:root:  Error lógico corregido en patrón 244

INFO:root:  Error lógico corregido en patrón 251

INFO:root:  Error lógico corregido en patrón 256

INFO:root:  Error lógico corregido en patrón 259

INFO:root:  Error lógico corregido en patrón 270

INFO:root:  Error lógico corregido en patrón 298

INFO:root:  Error lógico corregido en patrón 302

INFO:root:  Error lógico corregido en patrón 303

INFO:root:  Error lógico corregido en patrón 307

INFO:root:  Error lógico corregido en patrón 323

INFO:root:  Error lógico corregido en patrón 330

INFO:root:  Error lógico corregido en patrón 337

INFO:root:  Error lógico corregido en patrón 338

INFO:root:  Error lógico corregido en patrón 348

INFO:root:  Error lógico corregido en patrón 354

INFO:root:  Error lógico corregido en patrón 356

INFO:root:  Error lógico corregido en patrón 372

INFO:root:  Error lógico corregido en patrón 390

INFO:root:  Error lógico corregido en patrón 394

INFO:root:  Error lógico corregido en patrón 422

INFO:root:  Error lógico corregido en patrón 423

INFO:root:  Error lógico corregido en patrón 429

INFO:root:  Error lógico corregido en patrón 430

INFO:root:  Error lógico corregido en patrón 434

INFO:root:  Error lógico corregido en patrón 436

INFO:root:  Error lógico corregido en patrón 441

INFO:root:  Error lógico corregido en patrón 446

INFO:root:  Error lógico corregido en patrón 459

INFO:root:  Error lógico corregido en patrón 493

INFO:root:Saving results to DynamoDB for id_nmc_batch: nmc_144_0c003_2, id_arguments: BP_10

INFO:root:Checking if table 'results_dynamodb' exists...

INFO:root:Table 'results_dynamodb' already exists.

INFO:root:Results saved to DynamoDB for id_nmc_batch: nmc_144_0c003_2

(λ: args_worker) RequestId: 18759228-e671-49f1-8ff1-07a8bbf57687  Duration: 3785.33 ms  Billed Duration: 3786 ms
INFO:root:[OFFLINE] Lambda invoked successfully. HTTP code: 200

INFO:root:nmc_worker invoked with response: {'status': 'invoked'}
INFO:root:Invoking args_worker with event: {'id_nmc_batch': 'nmc_144_0c003_2', 'number_of_args_combinations_batches': 72, 'id_batch_arguments': 10}
INFO:root:[OFFLINE] Invoking lambda 'args_worker' at http://localhost:3000/dev/args_worker with payload: {'id_nmc_batch': 'nmc_144_0c003_2', 'number_of_args_combinations_batches': 72, 'id_batch_arguments': 11}



POST /dev/args_worker (λ: args_worker)
INFO:root:Event received in args_worker lambda_handler

INFO:root:codeConfig: 144, p: 0.003

INFO:root:Config with codeConfig 144 loaded

INFO:root:Bivariate bicycle code created

INFO:root:Circuit built

INFO:root:Detector error model built

INFO:root:Detector error model converted to check matrices

INFO:root:Successfully retrieved 1 arguments for id_batch_arguments: 11

INFO:root:Args variables loaded from DynamoDB

[32minfo[39m: um-cloud-data/detectors_observables/code_144/p_0c003/batch_2.json 200 2ms 3.12mb
INFO:root:Samples loaded from S3.

INFO:root:Downloading automorphism from S3: automorphisms/0.003/auto_11/data.pkl

[32minfo[39m: tum-cloud-data/automorphisms/0.003/auto_11/data.pkl 200 1ms 69.48mb
[32minfo[39m: um-cloud-data/automorphisms/0.003/auto_11/data.pkl 206 32ms 5.48mb
[32minfo[39m: um-cloud-data/automorphisms/0.003/auto_11/data.pkl 206 43ms 8mb
[32minfo[39m: um-cloud-data/automorphisms/0.003/auto_11/data.pkl 206 47ms 8mb
[32minfo[39m: um-cloud-data/automorphisms/0.003/auto_11/data.pkl 206 47ms 8mb
[32minfo[39m: um-cloud-data/automorphisms/0.003/auto_11/data.pkl 206 48ms 8mb
[32minfo[39m: um-cloud-data/automorphisms/0.003/auto_11/data.pkl 206 46ms 8mb
[32minfo[39m: um-cloud-data/automorphisms/0.003/auto_11/data.pkl 206 46ms 8mb
[32minfo[39m: um-cloud-data/automorphisms/0.003/auto_11/data.pkl 206 47ms 8mb
[32minfo[39m: um-cloud-data/automorphisms/0.003/auto_11/data.pkl 206 47ms 8mb
INFO:root:BP decoder initialized

INFO:root:Running 500 Monte Carlo trials

INFO:root:  Error lógico corregido en patrón 2

INFO:root:  Error lógico corregido en patrón 4

INFO:root:  Error lógico corregido en patrón 5

INFO:root:  Error lógico corregido en patrón 6

INFO:root:  Error lógico corregido en patrón 18

INFO:root:  Error lógico corregido en patrón 23

INFO:root:  Error lógico corregido en patrón 24

INFO:root:  Error lógico corregido en patrón 54

INFO:root:  Error lógico corregido en patrón 55

INFO:root:  Error lógico corregido en patrón 60

INFO:root:  Error lógico corregido en patrón 68

INFO:root:  Error lógico corregido en patrón 69

INFO:root:  Error lógico corregido en patrón 86

INFO:root:  Error lógico corregido en patrón 89

INFO:root:  Error lógico corregido en patrón 97

INFO:root:  Error lógico corregido en patrón 101

INFO:root:  Error lógico corregido en patrón 114

INFO:root:  Error lógico corregido en patrón 122

INFO:root:  Error lógico corregido en patrón 123

INFO:root:  Error lógico corregido en patrón 127

INFO:root:  Error lógico corregido en patrón 154

INFO:root:  Error lógico corregido en patrón 155

INFO:root:  Error lógico corregido en patrón 164

INFO:root:  Error lógico corregido en patrón 169

INFO:root:  Error lógico corregido en patrón 173

INFO:root:  Error lógico corregido en patrón 183

INFO:root:  Error lógico corregido en patrón 189

INFO:root:  Error lógico corregido en patrón 192

INFO:root:  Error lógico corregido en patrón 206

INFO:root:  Error lógico corregido en patrón 207

INFO:root:  Error lógico corregido en patrón 212

INFO:root:  Error lógico corregido en patrón 213

INFO:root:  Error lógico corregido en patrón 225

INFO:root:  Error lógico corregido en patrón 229

INFO:root:  Error lógico corregido en patrón 230

INFO:root:  Error lógico corregido en patrón 237

INFO:root:  Error lógico corregido en patrón 244

INFO:root:  Error lógico corregido en patrón 251

INFO:root:  Error lógico corregido en patrón 256

INFO:root:  Error lógico corregido en patrón 259

INFO:root:  Error lógico corregido en patrón 270

INFO:root:  Error lógico corregido en patrón 298

INFO:root:  Error lógico corregido en patrón 302

INFO:root:  Error lógico corregido en patrón 303

INFO:root:  Error lógico corregido en patrón 307

INFO:root:  Error lógico corregido en patrón 323

INFO:root:  Error lógico corregido en patrón 330

INFO:root:  Error lógico corregido en patrón 337

INFO:root:  Error lógico corregido en patrón 338

INFO:root:  Error lógico corregido en patrón 348

INFO:root:  Error lógico corregido en patrón 354

INFO:root:  Error lógico corregido en patrón 356

INFO:root:  Error lógico corregido en patrón 372

INFO:root:  Error lógico corregido en patrón 390

INFO:root:  Error lógico corregido en patrón 394

INFO:root:  Error lógico corregido en patrón 422

INFO:root:  Error lógico corregido en patrón 423

INFO:root:  Error lógico corregido en patrón 429

INFO:root:  Error lógico corregido en patrón 430

INFO:root:  Error lógico corregido en patrón 434

INFO:root:  Error lógico corregido en patrón 436

INFO:root:  Error lógico corregido en patrón 441

INFO:root:  Error lógico corregido en patrón 446

INFO:root:  Error lógico corregido en patrón 459

INFO:root:  Error lógico corregido en patrón 493

INFO:root:Saving results to DynamoDB for id_nmc_batch: nmc_144_0c003_2, id_arguments: BP_11

INFO:root:Checking if table 'results_dynamodb' exists...

INFO:root:Table 'results_dynamodb' already exists.

INFO:root:Results saved to DynamoDB for id_nmc_batch: nmc_144_0c003_2

(λ: args_worker) RequestId: dc970c50-5731-44be-8d7f-ad0f57485756  Duration: 3773.90 ms  Billed Duration: 3774 ms
INFO:root:[OFFLINE] Lambda invoked successfully. HTTP code: 200

INFO:root:nmc_worker invoked with response: {'status': 'invoked'}
INFO:root:Invoking args_worker with event: {'id_nmc_batch': 'nmc_144_0c003_2', 'number_of_args_combinations_batches': 72, 'id_batch_arguments': 11}
INFO:root:[OFFLINE] Invoking lambda 'args_worker' at http://localhost:3000/dev/args_worker with payload: {'id_nmc_batch': 'nmc_144_0c003_2', 'number_of_args_combinations_batches': 72, 'id_batch_arguments': 12}



POST /dev/args_worker (λ: args_worker)
INFO:root:Event received in args_worker lambda_handler

INFO:root:codeConfig: 144, p: 0.003

INFO:root:Config with codeConfig 144 loaded

INFO:root:Bivariate bicycle code created

INFO:root:Circuit built

INFO:root:Detector error model built

INFO:root:Detector error model converted to check matrices

INFO:root:Successfully retrieved 1 arguments for id_batch_arguments: 12

INFO:root:Args variables loaded from DynamoDB

[32minfo[39m: um-cloud-data/detectors_observables/code_144/p_0c003/batch_2.json 200 2ms 3.12mb
INFO:root:Samples loaded from S3.

INFO:root:Downloading automorphism from S3: automorphisms/0.003/auto_12/data.pkl

[32minfo[39m: tum-cloud-data/automorphisms/0.003/auto_12/data.pkl 200 4ms 69.48mb
[32minfo[39m: um-cloud-data/automorphisms/0.003/auto_12/data.pkl 206 31ms 5.48mb
[32minfo[39m: um-cloud-data/automorphisms/0.003/auto_12/data.pkl 206 36ms 8mb
[32minfo[39m: um-cloud-data/automorphisms/0.003/auto_12/data.pkl 206 41ms 8mb
[32minfo[39m: um-cloud-data/automorphisms/0.003/auto_12/data.pkl 206 42ms 8mb
[32minfo[39m: um-cloud-data/automorphisms/0.003/auto_12/data.pkl 206 43ms 8mb
[32minfo[39m: um-cloud-data/automorphisms/0.003/auto_12/data.pkl 206 43ms 8mb
[32minfo[39m: um-cloud-data/automorphisms/0.003/auto_12/data.pkl 206 44ms 8mb
[32minfo[39m: um-cloud-data/automorphisms/0.003/auto_12/data.pkl 206 44ms 8mb
[32minfo[39m: um-cloud-data/automorphisms/0.003/auto_12/data.pkl 206 44ms 8mb
INFO:root:BP decoder initialized

INFO:root:Running 500 Monte Carlo trials

INFO:root:  Error lógico corregido en patrón 2

INFO:root:  Error lógico corregido en patrón 4

INFO:root:  Error lógico corregido en patrón 5

INFO:root:  Error lógico corregido en patrón 6

INFO:root:  Error lógico corregido en patrón 18

INFO:root:  Error lógico corregido en patrón 23

INFO:root:  Error lógico corregido en patrón 54

INFO:root:  Error lógico corregido en patrón 55

INFO:root:  Error lógico corregido en patrón 60

INFO:root:  Error lógico corregido en patrón 68

INFO:root:  Error lógico corregido en patrón 69

INFO:root:  Error lógico corregido en patrón 86

INFO:root:  Error lógico corregido en patrón 89

INFO:root:  Error lógico corregido en patrón 97

INFO:root:  Error lógico corregido en patrón 101

INFO:root:  Error lógico corregido en patrón 114

INFO:root:  Error lógico corregido en patrón 122

INFO:root:  Error lógico corregido en patrón 123

INFO:root:  Error lógico corregido en patrón 127

INFO:root:  Error lógico corregido en patrón 154

INFO:root:  Error lógico corregido en patrón 155

INFO:root:  Error lógico corregido en patrón 164

INFO:root:  Error lógico corregido en patrón 169

INFO:root:  Error lógico corregido en patrón 173

INFO:root:  Error lógico corregido en patrón 183

INFO:root:  Error lógico corregido en patrón 189

INFO:root:  Error lógico corregido en patrón 192

INFO:root:  Error lógico corregido en patrón 206

INFO:root:  Error lógico corregido en patrón 207

INFO:root:  Error lógico corregido en patrón 212

INFO:root:  Error lógico corregido en patrón 213

INFO:root:  Error lógico corregido en patrón 225

INFO:root:  Error lógico corregido en patrón 229

INFO:root:  Error lógico corregido en patrón 230

INFO:root:  Error lógico corregido en patrón 237

INFO:root:  Error lógico corregido en patrón 244

INFO:root:  Error lógico corregido en patrón 251

INFO:root:  Error lógico corregido en patrón 256

INFO:root:  Error lógico corregido en patrón 259

INFO:root:  Error lógico corregido en patrón 270

INFO:root:  Error lógico corregido en patrón 298

INFO:root:  Error lógico corregido en patrón 302

INFO:root:  Error lógico corregido en patrón 303

INFO:root:  Error lógico corregido en patrón 307

INFO:root:  Error lógico corregido en patrón 323

INFO:root:  Error lógico corregido en patrón 330

INFO:root:  Error lógico corregido en patrón 337

INFO:root:  Error lógico corregido en patrón 338

INFO:root:  Error lógico corregido en patrón 348

INFO:root:  Error lógico corregido en patrón 354

INFO:root:  Error lógico corregido en patrón 356

INFO:root:  Error lógico corregido en patrón 369

INFO:root:  Error lógico corregido en patrón 372

INFO:root:  Error lógico corregido en patrón 390

INFO:root:  Error lógico corregido en patrón 394

INFO:root:  Error lógico corregido en patrón 422

INFO:root:  Error lógico corregido en patrón 423

INFO:root:  Error lógico corregido en patrón 429

INFO:root:  Error lógico corregido en patrón 430

INFO:root:  Error lógico corregido en patrón 434

INFO:root:  Error lógico corregido en patrón 436

INFO:root:  Error lógico corregido en patrón 441

INFO:root:  Error lógico corregido en patrón 446

INFO:root:  Error lógico corregido en patrón 459

INFO:root:  Error lógico corregido en patrón 493

INFO:root:Saving results to DynamoDB for id_nmc_batch: nmc_144_0c003_2, id_arguments: BP_12

INFO:root:Checking if table 'results_dynamodb' exists...

INFO:root:Table 'results_dynamodb' already exists.

INFO:root:Results saved to DynamoDB for id_nmc_batch: nmc_144_0c003_2

(λ: args_worker) RequestId: 0202985c-6315-4754-80f8-321f86590600  Duration: 3788.34 ms  Billed Duration: 3789 ms
INFO:root:[OFFLINE] Lambda invoked successfully. HTTP code: 200

INFO:root:nmc_worker invoked with response: {'status': 'invoked'}
INFO:root:Invoking args_worker with event: {'id_nmc_batch': 'nmc_144_0c003_2', 'number_of_args_combinations_batches': 72, 'id_batch_arguments': 12}
INFO:root:[OFFLINE] Invoking lambda 'args_worker' at http://localhost:3000/dev/args_worker with payload: {'id_nmc_batch': 'nmc_144_0c003_2', 'number_of_args_combinations_batches': 72, 'id_batch_arguments': 13}



POST /dev/args_worker (λ: args_worker)
INFO:root:Event received in args_worker lambda_handler

INFO:root:codeConfig: 144, p: 0.003

INFO:root:Config with codeConfig 144 loaded

INFO:root:Bivariate bicycle code created

INFO:root:Circuit built

INFO:root:Detector error model built

INFO:root:Detector error model converted to check matrices

INFO:root:Successfully retrieved 1 arguments for id_batch_arguments: 13

INFO:root:Args variables loaded from DynamoDB

[32minfo[39m: um-cloud-data/detectors_observables/code_144/p_0c003/batch_2.json 200 2ms 3.12mb
INFO:root:Samples loaded from S3.

INFO:root:Downloading automorphism from S3: automorphisms/0.003/auto_13/data.pkl

[32minfo[39m: tum-cloud-data/automorphisms/0.003/auto_13/data.pkl 200 3ms 69.48mb
[32minfo[39m: um-cloud-data/automorphisms/0.003/auto_13/data.pkl 206 32ms 5.48mb
[32minfo[39m: um-cloud-data/automorphisms/0.003/auto_13/data.pkl 206 48ms 8mb
[32minfo[39m: um-cloud-data/automorphisms/0.003/auto_13/data.pkl 206 48ms 8mb
[32minfo[39m: um-cloud-data/automorphisms/0.003/auto_13/data.pkl 206 50ms 8mb
[32minfo[39m: um-cloud-data/automorphisms/0.003/auto_13/data.pkl 206 48ms 8mb
[32minfo[39m: um-cloud-data/automorphisms/0.003/auto_13/data.pkl 206 47ms 8mb
[32minfo[39m: um-cloud-data/automorphisms/0.003/auto_13/data.pkl 206 48ms 8mb
[32minfo[39m: um-cloud-data/automorphisms/0.003/auto_13/data.pkl 206 46ms 8mb
[32minfo[39m: um-cloud-data/automorphisms/0.003/auto_13/data.pkl 206 49ms 8mb
INFO:root:BP decoder initialized

INFO:root:Running 500 Monte Carlo trials

INFO:root:  Error lógico corregido en patrón 2

INFO:root:  Error lógico corregido en patrón 4

INFO:root:  Error lógico corregido en patrón 5

INFO:root:  Error lógico corregido en patrón 6

INFO:root:  Error lógico corregido en patrón 18

INFO:root:  Error lógico corregido en patrón 23

INFO:root:  Error lógico corregido en patrón 24

INFO:root:  Error lógico corregido en patrón 54

INFO:root:  Error lógico corregido en patrón 55

INFO:root:  Error lógico corregido en patrón 60

INFO:root:  Error lógico corregido en patrón 68

INFO:root:  Error lógico corregido en patrón 69

INFO:root:  Error lógico corregido en patrón 86

INFO:root:  Error lógico corregido en patrón 89

INFO:root:  Error lógico corregido en patrón 97

INFO:root:  Error lógico corregido en patrón 101

INFO:root:  Error lógico corregido en patrón 114

INFO:root:  Error lógico corregido en patrón 122

INFO:root:  Error lógico corregido en patrón 123

INFO:root:  Error lógico corregido en patrón 127

INFO:root:  Error lógico corregido en patrón 154

INFO:root:  Error lógico corregido en patrón 155

INFO:root:  Error lógico corregido en patrón 164

INFO:root:  Error lógico corregido en patrón 169

INFO:root:  Error lógico corregido en patrón 173

INFO:root:  Error lógico corregido en patrón 183

INFO:root:  Error lógico corregido en patrón 189

INFO:root:  Error lógico corregido en patrón 192

INFO:root:  Error lógico corregido en patrón 206

INFO:root:  Error lógico corregido en patrón 207

INFO:root:  Error lógico corregido en patrón 212

INFO:root:  Error lógico corregido en patrón 213

INFO:root:  Error lógico corregido en patrón 225

INFO:root:  Error lógico corregido en patrón 229

INFO:root:  Error lógico corregido en patrón 230

INFO:root:  Error lógico corregido en patrón 237

INFO:root:  Error lógico corregido en patrón 244

INFO:root:  Error lógico corregido en patrón 251

INFO:root:  Error lógico corregido en patrón 256

INFO:root:  Error lógico corregido en patrón 259

INFO:root:  Error lógico corregido en patrón 270

INFO:root:  Error lógico corregido en patrón 298

INFO:root:  Error lógico corregido en patrón 302

INFO:root:  Error lógico corregido en patrón 303

INFO:root:  Error lógico corregido en patrón 307

INFO:root:  Error lógico corregido en patrón 323

INFO:root:  Error lógico corregido en patrón 330

INFO:root:  Error lógico corregido en patrón 337

INFO:root:  Error lógico corregido en patrón 338

INFO:root:  Error lógico corregido en patrón 348

INFO:root:  Error lógico corregido en patrón 354

INFO:root:  Error lógico corregido en patrón 356

INFO:root:  Error lógico corregido en patrón 372

INFO:root:  Error lógico corregido en patrón 390

INFO:root:  Error lógico corregido en patrón 394

INFO:root:  Error lógico corregido en patrón 422

INFO:root:  Error lógico corregido en patrón 423

INFO:root:  Error lógico corregido en patrón 429

INFO:root:  Error lógico corregido en patrón 430

INFO:root:  Error lógico corregido en patrón 434

INFO:root:  Error lógico corregido en patrón 436

INFO:root:  Error lógico corregido en patrón 441

INFO:root:  Error lógico corregido en patrón 446

INFO:root:  Error lógico corregido en patrón 459

INFO:root:  Error lógico corregido en patrón 493

INFO:root:Saving results to DynamoDB for id_nmc_batch: nmc_144_0c003_2, id_arguments: BP_13

INFO:root:Checking if table 'results_dynamodb' exists...

INFO:root:Table 'results_dynamodb' already exists.

INFO:root:Results saved to DynamoDB for id_nmc_batch: nmc_144_0c003_2

(λ: args_worker) RequestId: 277bbc81-58ff-4967-8dd3-3ca3788ec8dd  Duration: 3890.96 ms  Billed Duration: 3891 ms
INFO:root:[OFFLINE] Lambda invoked successfully. HTTP code: 200
INFO:root:nmc_worker invoked with response: {'status': 'invoked'}
INFO:root:Invoking args_worker with event: {'id_nmc_batch': 'nmc_144_0c003_2', 'number_of_args_combinations_batches': 72, 'id_batch_arguments': 13}
INFO:root:[OFFLINE] Invoking lambda 'args_worker' at http://localhost:3000/dev/args_worker with payload: {'id_nmc_batch': 'nmc_144_0c003_2', 'number_of_args_combinations_batches': 72, 'id_batch_arguments': 14}



POST /dev/args_worker (λ: args_worker)
INFO:root:Event received in args_worker lambda_handler
INFO:root:codeConfig: 144, p: 0.003

INFO:root:Config with codeConfig 144 loaded

INFO:root:Bivariate bicycle code created

INFO:root:Circuit built

INFO:root:Detector error model built

INFO:root:Detector error model converted to check matrices

INFO:root:Successfully retrieved 1 arguments for id_batch_arguments: 14

INFO:root:Args variables loaded from DynamoDB

[32minfo[39m: um-cloud-data/detectors_observables/code_144/p_0c003/batch_2.json 200 3ms 3.12mb
INFO:root:Samples loaded from S3.

INFO:root:Downloading automorphism from S3: automorphisms/0.003/auto_14/data.pkl

[32minfo[39m: tum-cloud-data/automorphisms/0.003/auto_14/data.pkl 200 3ms 69.48mb
[32minfo[39m: um-cloud-data/automorphisms/0.003/auto_14/data.pkl 206 31ms 5.48mb
[32minfo[39m: um-cloud-data/automorphisms/0.003/auto_14/data.pkl 206 40ms 8mb
[32minfo[39m: um-cloud-data/automorphisms/0.003/auto_14/data.pkl 206 40ms 8mb
[32minfo[39m: um-cloud-data/automorphisms/0.003/auto_14/data.pkl 206 42ms 8mb
[32minfo[39m: um-cloud-data/automorphisms/0.003/auto_14/data.pkl 206 42ms 8mb
[32minfo[39m: um-cloud-data/automorphisms/0.003/auto_14/data.pkl 206 42ms 8mb
[32minfo[39m: um-cloud-data/automorphisms/0.003/auto_14/data.pkl 206 43ms 8mb
[32minfo[39m: um-cloud-data/automorphisms/0.003/auto_14/data.pkl 206 43ms 8mb
[32minfo[39m: um-cloud-data/automorphisms/0.003/auto_14/data.pkl 206 43ms 8mb
INFO:root:BP decoder initialized

INFO:root:Running 500 Monte Carlo trials

INFO:root:  Error lógico corregido en patrón 2

INFO:root:  Error lógico corregido en patrón 4

INFO:root:  Error lógico corregido en patrón 5

INFO:root:  Error lógico corregido en patrón 6

INFO:root:  Error lógico corregido en patrón 18

INFO:root:  Error lógico corregido en patrón 23

INFO:root:  Error lógico corregido en patrón 54

INFO:root:  Error lógico corregido en patrón 55

INFO:root:  Error lógico corregido en patrón 60

INFO:root:  Error lógico corregido en patrón 68

INFO:root:  Error lógico corregido en patrón 69

INFO:root:  Error lógico corregido en patrón 86

INFO:root:  Error lógico corregido en patrón 89

INFO:root:  Error lógico corregido en patrón 97

INFO:root:  Error lógico corregido en patrón 101

INFO:root:  Error lógico corregido en patrón 114

INFO:root:  Error lógico corregido en patrón 122

INFO:root:  Error lógico corregido en patrón 123

INFO:root:  Error lógico corregido en patrón 127

INFO:root:  Error lógico corregido en patrón 154

INFO:root:  Error lógico corregido en patrón 155

INFO:root:  Error lógico corregido en patrón 164

INFO:root:  Error lógico corregido en patrón 169

INFO:root:  Error lógico corregido en patrón 173

INFO:root:  Error lógico corregido en patrón 183

INFO:root:  Error lógico corregido en patrón 189

INFO:root:  Error lógico corregido en patrón 192

INFO:root:  Error lógico corregido en patrón 206

INFO:root:  Error lógico corregido en patrón 207

INFO:root:  Error lógico corregido en patrón 212

INFO:root:  Error lógico corregido en patrón 213

INFO:root:  Error lógico corregido en patrón 225

INFO:root:  Error lógico corregido en patrón 229

INFO:root:  Error lógico corregido en patrón 230

INFO:root:  Error lógico corregido en patrón 237

INFO:root:  Error lógico corregido en patrón 244

INFO:root:  Error lógico corregido en patrón 251

INFO:root:  Error lógico corregido en patrón 256

INFO:root:  Error lógico corregido en patrón 259

INFO:root:  Error lógico corregido en patrón 270

INFO:root:  Error lógico corregido en patrón 298

INFO:root:  Error lógico corregido en patrón 302

INFO:root:  Error lógico corregido en patrón 303

INFO:root:  Error lógico corregido en patrón 307

INFO:root:  Error lógico corregido en patrón 323

INFO:root:  Error lógico corregido en patrón 330

INFO:root:  Error lógico corregido en patrón 337

INFO:root:  Error lógico corregido en patrón 338

INFO:root:  Error lógico corregido en patrón 348

INFO:root:  Error lógico corregido en patrón 354

INFO:root:  Error lógico corregido en patrón 356

INFO:root:  Error lógico corregido en patrón 372

INFO:root:  Error lógico corregido en patrón 390

INFO:root:  Error lógico corregido en patrón 394

INFO:root:  Error lógico corregido en patrón 422

INFO:root:  Error lógico corregido en patrón 423

INFO:root:  Error lógico corregido en patrón 429

INFO:root:  Error lógico corregido en patrón 430

INFO:root:  Error lógico corregido en patrón 434

INFO:root:  Error lógico corregido en patrón 436

INFO:root:  Error lógico corregido en patrón 441

INFO:root:  Error lógico corregido en patrón 446

INFO:root:  Error lógico corregido en patrón 459

INFO:root:  Error lógico corregido en patrón 493

INFO:root:Saving results to DynamoDB for id_nmc_batch: nmc_144_0c003_2, id_arguments: BP_14

INFO:root:Checking if table 'results_dynamodb' exists...

INFO:root:Table 'results_dynamodb' already exists.

INFO:root:Results saved to DynamoDB for id_nmc_batch: nmc_144_0c003_2

(λ: args_worker) RequestId: 50bdb5a9-2c99-4709-8fd1-e2d9e35f4e1e  Duration: 3752.75 ms  Billed Duration: 3753 ms
INFO:root:[OFFLINE] Lambda invoked successfully. HTTP code: 200

INFO:root:nmc_worker invoked with response: {'status': 'invoked'}
INFO:root:Invoking args_worker with event: {'id_nmc_batch': 'nmc_144_0c003_2', 'number_of_args_combinations_batches': 72, 'id_batch_arguments': 14}
INFO:root:[OFFLINE] Invoking lambda 'args_worker' at http://localhost:3000/dev/args_worker with payload: {'id_nmc_batch': 'nmc_144_0c003_2', 'number_of_args_combinations_batches': 72, 'id_batch_arguments': 15}



POST /dev/args_worker (λ: args_worker)
INFO:root:Event received in args_worker lambda_handler

INFO:root:codeConfig: 144, p: 0.003

INFO:root:Config with codeConfig 144 loaded

INFO:root:Bivariate bicycle code created

INFO:root:Circuit built

INFO:root:Detector error model built

INFO:root:Detector error model converted to check matrices

INFO:root:Successfully retrieved 1 arguments for id_batch_arguments: 15

INFO:root:Args variables loaded from DynamoDB

[32minfo[39m: um-cloud-data/detectors_observables/code_144/p_0c003/batch_2.json 200 1ms 3.12mb
INFO:root:Samples loaded from S3.

INFO:root:Downloading automorphism from S3: automorphisms/0.003/auto_15/data.pkl

[32minfo[39m: tum-cloud-data/automorphisms/0.003/auto_15/data.pkl 200 3ms 69.48mb
[32minfo[39m: um-cloud-data/automorphisms/0.003/auto_15/data.pkl 206 27ms 5.48mb
[32minfo[39m: um-cloud-data/automorphisms/0.003/auto_15/data.pkl 206 42ms 8mb
[32minfo[39m: um-cloud-data/automorphisms/0.003/auto_15/data.pkl 206 45ms 8mb
[32minfo[39m: um-cloud-data/automorphisms/0.003/auto_15/data.pkl 206 45ms 8mb
[32minfo[39m: um-cloud-data/automorphisms/0.003/auto_15/data.pkl 206 44ms 8mb
[32minfo[39m: um-cloud-data/automorphisms/0.003/auto_15/data.pkl 206 46ms 8mb
[32minfo[39m: um-cloud-data/automorphisms/0.003/auto_15/data.pkl 206 46ms 8mb
[32minfo[39m: um-cloud-data/automorphisms/0.003/auto_15/data.pkl 206 44ms 8mb
[32minfo[39m: um-cloud-data/automorphisms/0.003/auto_15/data.pkl 206 44ms 8mb
INFO:root:BP decoder initialized

INFO:root:Running 500 Monte Carlo trials

INFO:root:  Error lógico corregido en patrón 2

INFO:root:  Error lógico corregido en patrón 4

INFO:root:  Error lógico corregido en patrón 5

INFO:root:  Error lógico corregido en patrón 6

INFO:root:  Error lógico corregido en patrón 18

INFO:root:  Error lógico corregido en patrón 23

INFO:root:  Error lógico corregido en patrón 54

INFO:root:  Error lógico corregido en patrón 55

INFO:root:  Error lógico corregido en patrón 60

INFO:root:  Error lógico corregido en patrón 68

INFO:root:  Error lógico corregido en patrón 69

INFO:root:  Error lógico corregido en patrón 86

INFO:root:  Error lógico corregido en patrón 89

INFO:root:  Error lógico corregido en patrón 97

INFO:root:  Error lógico corregido en patrón 101

INFO:root:  Error lógico corregido en patrón 114

INFO:root:  Error lógico corregido en patrón 122

INFO:root:  Error lógico corregido en patrón 123

INFO:root:  Error lógico corregido en patrón 127

INFO:root:  Error lógico corregido en patrón 154

INFO:root:  Error lógico corregido en patrón 155

INFO:root:  Error lógico corregido en patrón 164

INFO:root:  Error lógico corregido en patrón 169

INFO:root:  Error lógico corregido en patrón 173

INFO:root:  Error lógico corregido en patrón 183

INFO:root:  Error lógico corregido en patrón 189

INFO:root:  Error lógico corregido en patrón 192

INFO:root:  Error lógico corregido en patrón 206

INFO:root:  Error lógico corregido en patrón 207

INFO:root:  Error lógico corregido en patrón 212

INFO:root:  Error lógico corregido en patrón 213

INFO:root:  Error lógico corregido en patrón 225

INFO:root:  Error lógico corregido en patrón 229

INFO:root:  Error lógico corregido en patrón 230

INFO:root:  Error lógico corregido en patrón 237

INFO:root:  Error lógico corregido en patrón 244

INFO:root:  Error lógico corregido en patrón 251

INFO:root:  Error lógico corregido en patrón 256

INFO:root:  Error lógico corregido en patrón 259

INFO:root:  Error lógico corregido en patrón 270

INFO:root:  Error lógico corregido en patrón 298

INFO:root:  Error lógico corregido en patrón 302

INFO:root:  Error lógico corregido en patrón 303

INFO:root:  Error lógico corregido en patrón 307

INFO:root:  Error lógico corregido en patrón 323

INFO:root:  Error lógico corregido en patrón 330

INFO:root:  Error lógico corregido en patrón 337

INFO:root:  Error lógico corregido en patrón 338

INFO:root:  Error lógico corregido en patrón 348

INFO:root:  Error lógico corregido en patrón 354

INFO:root:  Error lógico corregido en patrón 356

INFO:root:  Error lógico corregido en patrón 372

INFO:root:  Error lógico corregido en patrón 390

INFO:root:  Error lógico corregido en patrón 394

INFO:root:  Error lógico corregido en patrón 422

INFO:root:  Error lógico corregido en patrón 423

INFO:root:  Error lógico corregido en patrón 429

INFO:root:  Error lógico corregido en patrón 430

INFO:root:  Error lógico corregido en patrón 434

INFO:root:  Error lógico corregido en patrón 436

INFO:root:  Error lógico corregido en patrón 441

INFO:root:  Error lógico corregido en patrón 446

INFO:root:  Error lógico corregido en patrón 459

INFO:root:  Error lógico corregido en patrón 493

INFO:root:Saving results to DynamoDB for id_nmc_batch: nmc_144_0c003_2, id_arguments: BP_15

INFO:root:Checking if table 'results_dynamodb' exists...

INFO:root:Table 'results_dynamodb' already exists.

INFO:root:Results saved to DynamoDB for id_nmc_batch: nmc_144_0c003_2

(λ: args_worker) RequestId: 08f7c517-8867-4571-8500-8b375780a12d  Duration: 3799.45 ms  Billed Duration: 3800 ms
INFO:root:[OFFLINE] Lambda invoked successfully. HTTP code: 200

INFO:root:nmc_worker invoked with response: {'status': 'invoked'}
INFO:root:Invoking args_worker with event: {'id_nmc_batch': 'nmc_144_0c003_2', 'number_of_args_combinations_batches': 72, 'id_batch_arguments': 15}
INFO:root:[OFFLINE] Invoking lambda 'args_worker' at http://localhost:3000/dev/args_worker with payload: {'id_nmc_batch': 'nmc_144_0c003_2', 'number_of_args_combinations_batches': 72, 'id_batch_arguments': 16}



POST /dev/args_worker (λ: args_worker)
INFO:root:Event received in args_worker lambda_handler

INFO:root:codeConfig: 144, p: 0.003

INFO:root:Config with codeConfig 144 loaded

INFO:root:Bivariate bicycle code created

INFO:root:Circuit built

INFO:root:Detector error model built

INFO:root:Detector error model converted to check matrices

INFO:root:Successfully retrieved 1 arguments for id_batch_arguments: 16

INFO:root:Args variables loaded from DynamoDB

[32minfo[39m: um-cloud-data/detectors_observables/code_144/p_0c003/batch_2.json 200 2ms 3.12mb
INFO:root:Samples loaded from S3.

INFO:root:Downloading automorphism from S3: automorphisms/0.003/auto_16/data.pkl

[32minfo[39m: tum-cloud-data/automorphisms/0.003/auto_16/data.pkl 200 4ms 69.48mb
[32minfo[39m: um-cloud-data/automorphisms/0.003/auto_16/data.pkl 206 35ms 8mb
[32minfo[39m: um-cloud-data/automorphisms/0.003/auto_16/data.pkl 206 28ms 5.48mb
[32minfo[39m: um-cloud-data/automorphisms/0.003/auto_16/data.pkl 206 38ms 8mb
[32minfo[39m: um-cloud-data/automorphisms/0.003/auto_16/data.pkl 206 37ms 8mb
[32minfo[39m: um-cloud-data/automorphisms/0.003/auto_16/data.pkl 206 38ms 8mb
[32minfo[39m: um-cloud-data/automorphisms/0.003/auto_16/data.pkl 206 38ms 8mb
[32minfo[39m: um-cloud-data/automorphisms/0.003/auto_16/data.pkl 206 36ms 8mb
[32minfo[39m: um-cloud-data/automorphisms/0.003/auto_16/data.pkl 206 41ms 8mb
[32minfo[39m: um-cloud-data/automorphisms/0.003/auto_16/data.pkl 206 42ms 8mb
INFO:root:BP decoder initialized

INFO:root:Running 500 Monte Carlo trials

INFO:root:  Error lógico corregido en patrón 2

INFO:root:  Error lógico corregido en patrón 4

INFO:root:  Error lógico corregido en patrón 5

INFO:root:  Error lógico corregido en patrón 6

INFO:root:  Error lógico corregido en patrón 18

INFO:root:  Error lógico corregido en patrón 23

INFO:root:  Error lógico corregido en patrón 54

INFO:root:  Error lógico corregido en patrón 55

INFO:root:  Error lógico corregido en patrón 60

INFO:root:  Error lógico corregido en patrón 68

INFO:root:  Error lógico corregido en patrón 69

INFO:root:  Error lógico corregido en patrón 86

INFO:root:  Error lógico corregido en patrón 89

INFO:root:  Error lógico corregido en patrón 97

INFO:root:  Error lógico corregido en patrón 101

INFO:root:  Error lógico corregido en patrón 114

INFO:root:  Error lógico corregido en patrón 122

INFO:root:  Error lógico corregido en patrón 123

INFO:root:  Error lógico corregido en patrón 127

INFO:root:  Error lógico corregido en patrón 154

INFO:root:  Error lógico corregido en patrón 155

INFO:root:  Error lógico corregido en patrón 164

INFO:root:  Error lógico corregido en patrón 169

INFO:root:  Error lógico corregido en patrón 173

INFO:root:  Error lógico corregido en patrón 183

INFO:root:  Error lógico corregido en patrón 189

INFO:root:  Error lógico corregido en patrón 192

INFO:root:  Error lógico corregido en patrón 206

INFO:root:  Error lógico corregido en patrón 207

INFO:root:  Error lógico corregido en patrón 212

INFO:root:  Error lógico corregido en patrón 213

INFO:root:  Error lógico corregido en patrón 225

INFO:root:  Error lógico corregido en patrón 229

INFO:root:  Error lógico corregido en patrón 230

INFO:root:  Error lógico corregido en patrón 237

INFO:root:  Error lógico corregido en patrón 244

INFO:root:  Error lógico corregido en patrón 251

INFO:root:  Error lógico corregido en patrón 256

INFO:root:  Error lógico corregido en patrón 259

INFO:root:  Error lógico corregido en patrón 270

INFO:root:  Error lógico corregido en patrón 298

INFO:root:  Error lógico corregido en patrón 302

INFO:root:  Error lógico corregido en patrón 303

INFO:root:  Error lógico corregido en patrón 307

INFO:root:  Error lógico corregido en patrón 323

INFO:root:  Error lógico corregido en patrón 330

INFO:root:  Error lógico corregido en patrón 337

INFO:root:  Error lógico corregido en patrón 338

INFO:root:  Error lógico corregido en patrón 348

INFO:root:  Error lógico corregido en patrón 354

INFO:root:  Error lógico corregido en patrón 356

INFO:root:  Error lógico corregido en patrón 372

INFO:root:  Error lógico corregido en patrón 390

INFO:root:  Error lógico corregido en patrón 394

INFO:root:  Error lógico corregido en patrón 422

INFO:root:  Error lógico corregido en patrón 423

INFO:root:  Error lógico corregido en patrón 429

INFO:root:  Error lógico corregido en patrón 430

INFO:root:  Error lógico corregido en patrón 434

INFO:root:  Error lógico corregido en patrón 436

INFO:root:  Error lógico corregido en patrón 441

INFO:root:  Error lógico corregido en patrón 446

INFO:root:  Error lógico corregido en patrón 459

INFO:root:  Error lógico corregido en patrón 493

INFO:root:Saving results to DynamoDB for id_nmc_batch: nmc_144_0c003_2, id_arguments: BP_16

INFO:root:Checking if table 'results_dynamodb' exists...

INFO:root:Table 'results_dynamodb' already exists.

INFO:root:Results saved to DynamoDB for id_nmc_batch: nmc_144_0c003_2

(λ: args_worker) RequestId: 2ff5b524-03d4-4e66-aa19-ef65f42317dd  Duration: 3836.01 ms  Billed Duration: 3837 ms
INFO:root:[OFFLINE] Lambda invoked successfully. HTTP code: 200

INFO:root:nmc_worker invoked with response: {'status': 'invoked'}
INFO:root:Invoking args_worker with event: {'id_nmc_batch': 'nmc_144_0c003_2', 'number_of_args_combinations_batches': 72, 'id_batch_arguments': 16}
INFO:root:[OFFLINE] Invoking lambda 'args_worker' at http://localhost:3000/dev/args_worker with payload: {'id_nmc_batch': 'nmc_144_0c003_2', 'number_of_args_combinations_batches': 72, 'id_batch_arguments': 17}



POST /dev/args_worker (λ: args_worker)
INFO:root:Event received in args_worker lambda_handler

INFO:root:codeConfig: 144, p: 0.003

INFO:root:Config with codeConfig 144 loaded

INFO:root:Bivariate bicycle code created

INFO:root:Circuit built

INFO:root:Detector error model built

INFO:root:Detector error model converted to check matrices

INFO:root:Successfully retrieved 1 arguments for id_batch_arguments: 17

INFO:root:Args variables loaded from DynamoDB

[32minfo[39m: um-cloud-data/detectors_observables/code_144/p_0c003/batch_2.json 200 2ms 3.12mb
INFO:root:Samples loaded from S3.

INFO:root:Downloading automorphism from S3: automorphisms/0.003/auto_17/data.pkl

[32minfo[39m: tum-cloud-data/automorphisms/0.003/auto_17/data.pkl 200 3ms 69.48mb
[32minfo[39m: um-cloud-data/automorphisms/0.003/auto_17/data.pkl 206 29ms 5.48mb
[32minfo[39m: um-cloud-data/automorphisms/0.003/auto_17/data.pkl 206 38ms 8mb
[32minfo[39m: um-cloud-data/automorphisms/0.003/auto_17/data.pkl 206 40ms 8mb
[32minfo[39m: um-cloud-data/automorphisms/0.003/auto_17/data.pkl 206 39ms 8mb
[32minfo[39m: um-cloud-data/automorphisms/0.003/auto_17/data.pkl 206 41ms 8mb
[32minfo[39m: um-cloud-data/automorphisms/0.003/auto_17/data.pkl 206 41ms 8mb
[32minfo[39m: um-cloud-data/automorphisms/0.003/auto_17/data.pkl 206 42ms 8mb
[32minfo[39m: um-cloud-data/automorphisms/0.003/auto_17/data.pkl 206 40ms 8mb
[32minfo[39m: um-cloud-data/automorphisms/0.003/auto_17/data.pkl 206 41ms 8mb
INFO:root:BP decoder initialized

INFO:root:Running 500 Monte Carlo trials

INFO:root:  Error lógico corregido en patrón 2

INFO:root:  Error lógico corregido en patrón 4

INFO:root:  Error lógico corregido en patrón 5

INFO:root:  Error lógico corregido en patrón 6

INFO:root:  Error lógico corregido en patrón 18

INFO:root:  Error lógico corregido en patrón 23

INFO:root:  Error lógico corregido en patrón 54

INFO:root:  Error lógico corregido en patrón 55

INFO:root:  Error lógico corregido en patrón 60

INFO:root:  Error lógico corregido en patrón 68

INFO:root:  Error lógico corregido en patrón 69

INFO:root:  Error lógico corregido en patrón 86

INFO:root:  Error lógico corregido en patrón 89

INFO:root:  Error lógico corregido en patrón 97

INFO:root:  Error lógico corregido en patrón 101

INFO:root:  Error lógico corregido en patrón 114

INFO:root:  Error lógico corregido en patrón 122

INFO:root:  Error lógico corregido en patrón 123

INFO:root:  Error lógico corregido en patrón 127

INFO:root:  Error lógico corregido en patrón 154

INFO:root:  Error lógico corregido en patrón 155

INFO:root:  Error lógico corregido en patrón 164

INFO:root:  Error lógico corregido en patrón 169

INFO:root:  Error lógico corregido en patrón 173

INFO:root:  Error lógico corregido en patrón 183

INFO:root:  Error lógico corregido en patrón 189

INFO:root:  Error lógico corregido en patrón 192

INFO:root:  Error lógico corregido en patrón 206

INFO:root:  Error lógico corregido en patrón 207

INFO:root:  Error lógico corregido en patrón 212

INFO:root:  Error lógico corregido en patrón 213

INFO:root:  Error lógico corregido en patrón 225

INFO:root:  Error lógico corregido en patrón 229

INFO:root:  Error lógico corregido en patrón 230

INFO:root:  Error lógico corregido en patrón 237

INFO:root:  Error lógico corregido en patrón 244

INFO:root:  Error lógico corregido en patrón 251

INFO:root:  Error lógico corregido en patrón 256

INFO:root:  Error lógico corregido en patrón 259

INFO:root:  Error lógico corregido en patrón 270

INFO:root:  Error lógico corregido en patrón 298

INFO:root:  Error lógico corregido en patrón 302

INFO:root:  Error lógico corregido en patrón 303

INFO:root:  Error lógico corregido en patrón 307

INFO:root:  Error lógico corregido en patrón 323

INFO:root:  Error lógico corregido en patrón 330

INFO:root:  Error lógico corregido en patrón 337

INFO:root:  Error lógico corregido en patrón 338

INFO:root:  Error lógico corregido en patrón 348

INFO:root:  Error lógico corregido en patrón 354

INFO:root:  Error lógico corregido en patrón 356

INFO:root:  Error lógico corregido en patrón 372

INFO:root:  Error lógico corregido en patrón 390

INFO:root:  Error lógico corregido en patrón 394

INFO:root:  Error lógico corregido en patrón 422

INFO:root:  Error lógico corregido en patrón 423

INFO:root:  Error lógico corregido en patrón 429

INFO:root:  Error lógico corregido en patrón 430

INFO:root:  Error lógico corregido en patrón 434

INFO:root:  Error lógico corregido en patrón 436

INFO:root:  Error lógico corregido en patrón 441

INFO:root:  Error lógico corregido en patrón 446

INFO:root:  Error lógico corregido en patrón 459

INFO:root:  Error lógico corregido en patrón 493

INFO:root:Saving results to DynamoDB for id_nmc_batch: nmc_144_0c003_2, id_arguments: BP_17

INFO:root:Checking if table 'results_dynamodb' exists...

INFO:root:Table 'results_dynamodb' already exists.

INFO:root:Results saved to DynamoDB for id_nmc_batch: nmc_144_0c003_2

(λ: args_worker) RequestId: c2f432ec-1f57-4e7c-a38d-7f89517cfb43  Duration: 3794.26 ms  Billed Duration: 3795 ms
INFO:root:[OFFLINE] Lambda invoked successfully. HTTP code: 200

INFO:root:nmc_worker invoked with response: {'status': 'invoked'}
INFO:root:Invoking args_worker with event: {'id_nmc_batch': 'nmc_144_0c003_2', 'number_of_args_combinations_batches': 72, 'id_batch_arguments': 17}
INFO:root:[OFFLINE] Invoking lambda 'args_worker' at http://localhost:3000/dev/args_worker with payload: {'id_nmc_batch': 'nmc_144_0c003_2', 'number_of_args_combinations_batches': 72, 'id_batch_arguments': 18}



POST /dev/args_worker (λ: args_worker)
INFO:root:Event received in args_worker lambda_handler

INFO:root:codeConfig: 144, p: 0.003

INFO:root:Config with codeConfig 144 loaded

INFO:root:Bivariate bicycle code created

INFO:root:Circuit built

INFO:root:Detector error model built

INFO:root:Detector error model converted to check matrices

INFO:root:Successfully retrieved 1 arguments for id_batch_arguments: 18

INFO:root:Args variables loaded from DynamoDB

[32minfo[39m: um-cloud-data/detectors_observables/code_144/p_0c003/batch_2.json 200 2ms 3.12mb
INFO:root:Samples loaded from S3.

INFO:root:Downloading automorphism from S3: automorphisms/0.003/auto_18/data.pkl

[32minfo[39m: tum-cloud-data/automorphisms/0.003/auto_18/data.pkl 200 4ms 69.48mb
[32minfo[39m: um-cloud-data/automorphisms/0.003/auto_18/data.pkl 206 27ms 5.48mb
[32minfo[39m: um-cloud-data/automorphisms/0.003/auto_18/data.pkl 206 40ms 8mb
[32minfo[39m: um-cloud-data/automorphisms/0.003/auto_18/data.pkl 206 39ms 8mb
[32minfo[39m: um-cloud-data/automorphisms/0.003/auto_18/data.pkl 206 39ms 8mb
[32minfo[39m: um-cloud-data/automorphisms/0.003/auto_18/data.pkl 206 41ms 8mb
[32minfo[39m: um-cloud-data/automorphisms/0.003/auto_18/data.pkl 206 41ms 8mb
[32minfo[39m: um-cloud-data/automorphisms/0.003/auto_18/data.pkl 206 43ms 8mb
[32minfo[39m: um-cloud-data/automorphisms/0.003/auto_18/data.pkl 206 42ms 8mb
[32minfo[39m: um-cloud-data/automorphisms/0.003/auto_18/data.pkl 206 44ms 8mb
INFO:root:BP decoder initialized

INFO:root:Running 500 Monte Carlo trials

INFO:root:  Error lógico corregido en patrón 2

INFO:root:  Error lógico corregido en patrón 4

INFO:root:  Error lógico corregido en patrón 5

INFO:root:  Error lógico corregido en patrón 6

INFO:root:  Error lógico corregido en patrón 18

INFO:root:  Error lógico corregido en patrón 23

INFO:root:  Error lógico corregido en patrón 24

INFO:root:  Error lógico corregido en patrón 54

INFO:root:  Error lógico corregido en patrón 55

INFO:root:  Error lógico corregido en patrón 60

INFO:root:  Error lógico corregido en patrón 68

INFO:root:  Error lógico corregido en patrón 69

INFO:root:  Error lógico corregido en patrón 86

INFO:root:  Error lógico corregido en patrón 89

INFO:root:  Error lógico corregido en patrón 97

INFO:root:  Error lógico corregido en patrón 101

INFO:root:  Error lógico corregido en patrón 114

INFO:root:  Error lógico corregido en patrón 122

INFO:root:  Error lógico corregido en patrón 123

INFO:root:  Error lógico corregido en patrón 127

INFO:root:  Error lógico corregido en patrón 154

INFO:root:  Error lógico corregido en patrón 155

INFO:root:  Error lógico corregido en patrón 164

INFO:root:  Error lógico corregido en patrón 169

INFO:root:  Error lógico corregido en patrón 173

INFO:root:  Error lógico corregido en patrón 183

INFO:root:  Error lógico corregido en patrón 189

INFO:root:  Error lógico corregido en patrón 192

INFO:root:  Error lógico corregido en patrón 206

INFO:root:  Error lógico corregido en patrón 207

INFO:root:  Error lógico corregido en patrón 212

INFO:root:  Error lógico corregido en patrón 213

INFO:root:  Error lógico corregido en patrón 225

INFO:root:  Error lógico corregido en patrón 229

INFO:root:  Error lógico corregido en patrón 230

INFO:root:  Error lógico corregido en patrón 237

INFO:root:  Error lógico corregido en patrón 244

INFO:root:  Error lógico corregido en patrón 251

INFO:root:  Error lógico corregido en patrón 256

INFO:root:  Error lógico corregido en patrón 259

INFO:root:  Error lógico corregido en patrón 270

INFO:root:  Error lógico corregido en patrón 298

INFO:root:  Error lógico corregido en patrón 302

INFO:root:  Error lógico corregido en patrón 303

INFO:root:  Error lógico corregido en patrón 307

INFO:root:  Error lógico corregido en patrón 323

INFO:root:  Error lógico corregido en patrón 330

INFO:root:  Error lógico corregido en patrón 337

INFO:root:  Error lógico corregido en patrón 338

INFO:root:  Error lógico corregido en patrón 348

INFO:root:  Error lógico corregido en patrón 354

INFO:root:  Error lógico corregido en patrón 356

INFO:root:  Error lógico corregido en patrón 372

INFO:root:  Error lógico corregido en patrón 390

INFO:root:  Error lógico corregido en patrón 394

INFO:root:  Error lógico corregido en patrón 422

INFO:root:  Error lógico corregido en patrón 423

INFO:root:  Error lógico corregido en patrón 429

INFO:root:  Error lógico corregido en patrón 430

INFO:root:  Error lógico corregido en patrón 434

INFO:root:  Error lógico corregido en patrón 436

INFO:root:  Error lógico corregido en patrón 441

INFO:root:  Error lógico corregido en patrón 446

INFO:root:  Error lógico corregido en patrón 459

INFO:root:  Error lógico corregido en patrón 493

INFO:root:Saving results to DynamoDB for id_nmc_batch: nmc_144_0c003_2, id_arguments: BP_18

INFO:root:Checking if table 'results_dynamodb' exists...

INFO:root:Table 'results_dynamodb' already exists.

INFO:root:Results saved to DynamoDB for id_nmc_batch: nmc_144_0c003_2

(λ: args_worker) RequestId: 7bbf71dd-5bce-44e3-b8a5-8a79453716c9  Duration: 3776.55 ms  Billed Duration: 3777 ms
INFO:root:[OFFLINE] Lambda invoked successfully. HTTP code: 200

INFO:root:nmc_worker invoked with response: {'status': 'invoked'}
INFO:root:Invoking args_worker with event: {'id_nmc_batch': 'nmc_144_0c003_2', 'number_of_args_combinations_batches': 72, 'id_batch_arguments': 18}
INFO:root:[OFFLINE] Invoking lambda 'args_worker' at http://localhost:3000/dev/args_worker with payload: {'id_nmc_batch': 'nmc_144_0c003_2', 'number_of_args_combinations_batches': 72, 'id_batch_arguments': 19}



POST /dev/args_worker (λ: args_worker)
INFO:root:Event received in args_worker lambda_handler

INFO:root:codeConfig: 144, p: 0.003

INFO:root:Config with codeConfig 144 loaded

INFO:root:Bivariate bicycle code created

INFO:root:Circuit built

INFO:root:Detector error model built

INFO:root:Detector error model converted to check matrices

INFO:root:Successfully retrieved 1 arguments for id_batch_arguments: 19

INFO:root:Args variables loaded from DynamoDB

[32minfo[39m: um-cloud-data/detectors_observables/code_144/p_0c003/batch_2.json 200 2ms 3.12mb
INFO:root:Samples loaded from S3.

INFO:root:Downloading automorphism from S3: automorphisms/0.003/auto_19/data.pkl

[32minfo[39m: tum-cloud-data/automorphisms/0.003/auto_19/data.pkl 200 4ms 69.48mb
[32minfo[39m: um-cloud-data/automorphisms/0.003/auto_19/data.pkl 206 26ms 5.48mb
[32minfo[39m: um-cloud-data/automorphisms/0.003/auto_19/data.pkl 206 44ms 8mb
[32minfo[39m: um-cloud-data/automorphisms/0.003/auto_19/data.pkl 206 47ms 8mb
[32minfo[39m: um-cloud-data/automorphisms/0.003/auto_19/data.pkl 206 48ms 8mb
[32minfo[39m: um-cloud-data/automorphisms/0.003/auto_19/data.pkl 206 45ms 8mb
[32minfo[39m: um-cloud-data/automorphisms/0.003/auto_19/data.pkl 206 48ms 8mb
[32minfo[39m: um-cloud-data/automorphisms/0.003/auto_19/data.pkl 206 47ms 8mb
[32minfo[39m: um-cloud-data/automorphisms/0.003/auto_19/data.pkl 206 47ms 8mb
[32minfo[39m: um-cloud-data/automorphisms/0.003/auto_19/data.pkl 206 43ms 8mb
INFO:root:BP decoder initialized

INFO:root:Running 500 Monte Carlo trials

INFO:root:  Error lógico corregido en patrón 2

INFO:root:  Error lógico corregido en patrón 4

INFO:root:  Error lógico corregido en patrón 5

INFO:root:  Error lógico corregido en patrón 6

INFO:root:  Error lógico corregido en patrón 18

INFO:root:  Error lógico corregido en patrón 23

INFO:root:  Error lógico corregido en patrón 54

INFO:root:  Error lógico corregido en patrón 55

INFO:root:  Error lógico corregido en patrón 60

INFO:root:  Error lógico corregido en patrón 68

INFO:root:  Error lógico corregido en patrón 69

INFO:root:  Error lógico corregido en patrón 86

INFO:root:  Error lógico corregido en patrón 89

INFO:root:  Error lógico corregido en patrón 97

INFO:root:  Error lógico corregido en patrón 101

INFO:root:  Error lógico corregido en patrón 114

INFO:root:  Error lógico corregido en patrón 122

INFO:root:  Error lógico corregido en patrón 123

INFO:root:  Error lógico corregido en patrón 127

INFO:root:  Error lógico corregido en patrón 154

INFO:root:  Error lógico corregido en patrón 155

INFO:root:  Error lógico corregido en patrón 164

INFO:root:  Error lógico corregido en patrón 169

INFO:root:  Error lógico corregido en patrón 173

INFO:root:  Error lógico corregido en patrón 183

INFO:root:  Error lógico corregido en patrón 189

INFO:root:  Error lógico corregido en patrón 192

INFO:root:  Error lógico corregido en patrón 206

INFO:root:  Error lógico corregido en patrón 207

INFO:root:  Error lógico corregido en patrón 212

INFO:root:  Error lógico corregido en patrón 213

INFO:root:  Error lógico corregido en patrón 225

INFO:root:  Error lógico corregido en patrón 229

INFO:root:  Error lógico corregido en patrón 230

INFO:root:  Error lógico corregido en patrón 237

INFO:root:  Error lógico corregido en patrón 244

INFO:root:  Error lógico corregido en patrón 251

INFO:root:  Error lógico corregido en patrón 256

INFO:root:  Error lógico corregido en patrón 259

INFO:root:  Error lógico corregido en patrón 270

INFO:root:  Error lógico corregido en patrón 298

INFO:root:  Error lógico corregido en patrón 302

INFO:root:  Error lógico corregido en patrón 303

INFO:root:  Error lógico corregido en patrón 307

INFO:root:  Error lógico corregido en patrón 323

INFO:root:  Error lógico corregido en patrón 330

INFO:root:  Error lógico corregido en patrón 337

INFO:root:  Error lógico corregido en patrón 338

INFO:root:  Error lógico corregido en patrón 348

INFO:root:  Error lógico corregido en patrón 354

INFO:root:  Error lógico corregido en patrón 356

INFO:root:  Error lógico corregido en patrón 372

INFO:root:  Error lógico corregido en patrón 390

INFO:root:  Error lógico corregido en patrón 394

INFO:root:  Error lógico corregido en patrón 422

INFO:root:  Error lógico corregido en patrón 423

INFO:root:  Error lógico corregido en patrón 429

INFO:root:  Error lógico corregido en patrón 430

INFO:root:  Error lógico corregido en patrón 434

INFO:root:  Error lógico corregido en patrón 436

INFO:root:  Error lógico corregido en patrón 441

INFO:root:  Error lógico corregido en patrón 446

INFO:root:  Error lógico corregido en patrón 459

INFO:root:  Error lógico corregido en patrón 493

INFO:root:Saving results to DynamoDB for id_nmc_batch: nmc_144_0c003_2, id_arguments: BP_19

INFO:root:Checking if table 'results_dynamodb' exists...

INFO:root:Table 'results_dynamodb' already exists.

INFO:root:Results saved to DynamoDB for id_nmc_batch: nmc_144_0c003_2

(λ: args_worker) RequestId: b34cf0a3-58db-4b92-91e2-6bd1bf2a1625  Duration: 3811.23 ms  Billed Duration: 3812 ms
INFO:root:[OFFLINE] Lambda invoked successfully. HTTP code: 200

INFO:root:nmc_worker invoked with response: {'status': 'invoked'}
INFO:root:Invoking args_worker with event: {'id_nmc_batch': 'nmc_144_0c003_2', 'number_of_args_combinations_batches': 72, 'id_batch_arguments': 19}
INFO:root:[OFFLINE] Invoking lambda 'args_worker' at http://localhost:3000/dev/args_worker with payload: {'id_nmc_batch': 'nmc_144_0c003_2', 'number_of_args_combinations_batches': 72, 'id_batch_arguments': 20}



POST /dev/args_worker (λ: args_worker)
INFO:root:Event received in args_worker lambda_handler

INFO:root:codeConfig: 144, p: 0.003

INFO:root:Config with codeConfig 144 loaded

INFO:root:Bivariate bicycle code created

INFO:root:Circuit built

INFO:root:Detector error model built

INFO:root:Detector error model converted to check matrices

INFO:root:Successfully retrieved 1 arguments for id_batch_arguments: 20

INFO:root:Args variables loaded from DynamoDB

[32minfo[39m: um-cloud-data/detectors_observables/code_144/p_0c003/batch_2.json 200 3ms 3.12mb
INFO:root:Samples loaded from S3.

INFO:root:Downloading automorphism from S3: automorphisms/0.003/auto_20/data.pkl

[32minfo[39m: tum-cloud-data/automorphisms/0.003/auto_20/data.pkl 200 0ms 69.48mb
[32minfo[39m: um-cloud-data/automorphisms/0.003/auto_20/data.pkl 206 28ms 5.48mb
[32minfo[39m: um-cloud-data/automorphisms/0.003/auto_20/data.pkl 206 40ms 8mb
[32minfo[39m: um-cloud-data/automorphisms/0.003/auto_20/data.pkl 206 41ms 8mb
[32minfo[39m: um-cloud-data/automorphisms/0.003/auto_20/data.pkl 206 41ms 8mb
[32minfo[39m: um-cloud-data/automorphisms/0.003/auto_20/data.pkl 206 42ms 8mb
[32minfo[39m: um-cloud-data/automorphisms/0.003/auto_20/data.pkl 206 37ms 8mb
[32minfo[39m: um-cloud-data/automorphisms/0.003/auto_20/data.pkl 206 43ms 8mb
[32minfo[39m: um-cloud-data/automorphisms/0.003/auto_20/data.pkl 206 44ms 8mb
[32minfo[39m: um-cloud-data/automorphisms/0.003/auto_20/data.pkl 206 42ms 8mb
INFO:root:BP decoder initialized

INFO:root:Running 500 Monte Carlo trials

INFO:root:  Error lógico corregido en patrón 2

INFO:root:  Error lógico corregido en patrón 4

INFO:root:  Error lógico corregido en patrón 5

INFO:root:  Error lógico corregido en patrón 6

INFO:root:  Error lógico corregido en patrón 18

INFO:root:  Error lógico corregido en patrón 23

INFO:root:  Error lógico corregido en patrón 54

INFO:root:  Error lógico corregido en patrón 55

INFO:root:  Error lógico corregido en patrón 60

INFO:root:  Error lógico corregido en patrón 68

INFO:root:  Error lógico corregido en patrón 69

INFO:root:  Error lógico corregido en patrón 86

INFO:root:  Error lógico corregido en patrón 89

INFO:root:  Error lógico corregido en patrón 97

INFO:root:  Error lógico corregido en patrón 101

INFO:root:  Error lógico corregido en patrón 114

INFO:root:  Error lógico corregido en patrón 122

INFO:root:  Error lógico corregido en patrón 123

INFO:root:  Error lógico corregido en patrón 127

INFO:root:  Error lógico corregido en patrón 154

INFO:root:  Error lógico corregido en patrón 155

INFO:root:  Error lógico corregido en patrón 164

INFO:root:  Error lógico corregido en patrón 169

INFO:root:  Error lógico corregido en patrón 173

INFO:root:  Error lógico corregido en patrón 183

INFO:root:  Error lógico corregido en patrón 189

INFO:root:  Error lógico corregido en patrón 192

INFO:root:  Error lógico corregido en patrón 206

INFO:root:  Error lógico corregido en patrón 207

INFO:root:  Error lógico corregido en patrón 212

INFO:root:  Error lógico corregido en patrón 213

INFO:root:  Error lógico corregido en patrón 225

INFO:root:  Error lógico corregido en patrón 229

INFO:root:  Error lógico corregido en patrón 230

INFO:root:  Error lógico corregido en patrón 237

INFO:root:  Error lógico corregido en patrón 244

INFO:root:  Error lógico corregido en patrón 251

INFO:root:  Error lógico corregido en patrón 256

INFO:root:  Error lógico corregido en patrón 259

INFO:root:  Error lógico corregido en patrón 270

INFO:root:  Error lógico corregido en patrón 298

INFO:root:  Error lógico corregido en patrón 302

INFO:root:  Error lógico corregido en patrón 303

INFO:root:  Error lógico corregido en patrón 307

INFO:root:  Error lógico corregido en patrón 323

INFO:root:  Error lógico corregido en patrón 330

INFO:root:  Error lógico corregido en patrón 337

INFO:root:  Error lógico corregido en patrón 338

INFO:root:  Error lógico corregido en patrón 348

INFO:root:  Error lógico corregido en patrón 354

INFO:root:  Error lógico corregido en patrón 356

INFO:root:  Error lógico corregido en patrón 369

INFO:root:  Error lógico corregido en patrón 372

INFO:root:  Error lógico corregido en patrón 390

INFO:root:  Error lógico corregido en patrón 394

INFO:root:  Error lógico corregido en patrón 422

INFO:root:  Error lógico corregido en patrón 423

INFO:root:  Error lógico corregido en patrón 429

INFO:root:  Error lógico corregido en patrón 430

INFO:root:  Error lógico corregido en patrón 434

INFO:root:  Error lógico corregido en patrón 436

INFO:root:  Error lógico corregido en patrón 441

INFO:root:  Error lógico corregido en patrón 446

INFO:root:  Error lógico corregido en patrón 459

INFO:root:  Error lógico corregido en patrón 493

INFO:root:Saving results to DynamoDB for id_nmc_batch: nmc_144_0c003_2, id_arguments: BP_20

INFO:root:Checking if table 'results_dynamodb' exists...

INFO:root:Table 'results_dynamodb' already exists.

INFO:root:Results saved to DynamoDB for id_nmc_batch: nmc_144_0c003_2

(λ: args_worker) RequestId: ed38b494-0fe7-4a50-adb7-800e113e8e49  Duration: 3862.66 ms  Billed Duration: 3863 ms
INFO:root:[OFFLINE] Lambda invoked successfully. HTTP code: 200

INFO:root:nmc_worker invoked with response: {'status': 'invoked'}
INFO:root:Invoking args_worker with event: {'id_nmc_batch': 'nmc_144_0c003_2', 'number_of_args_combinations_batches': 72, 'id_batch_arguments': 20}
INFO:root:[OFFLINE] Invoking lambda 'args_worker' at http://localhost:3000/dev/args_worker with payload: {'id_nmc_batch': 'nmc_144_0c003_2', 'number_of_args_combinations_batches': 72, 'id_batch_arguments': 21}



POST /dev/args_worker (λ: args_worker)
INFO:root:Event received in args_worker lambda_handler

INFO:root:codeConfig: 144, p: 0.003
INFO:root:Config with codeConfig 144 loaded

INFO:root:Bivariate bicycle code created

INFO:root:Circuit built

INFO:root:Detector error model built

INFO:root:Detector error model converted to check matrices

INFO:root:Successfully retrieved 1 arguments for id_batch_arguments: 21

INFO:root:Args variables loaded from DynamoDB

[32minfo[39m: um-cloud-data/detectors_observables/code_144/p_0c003/batch_2.json 200 2ms 3.12mb
INFO:root:Samples loaded from S3.

INFO:root:Downloading automorphism from S3: automorphisms/0.003/auto_21/data.pkl

[32minfo[39m: tum-cloud-data/automorphisms/0.003/auto_21/data.pkl 200 4ms 69.48mb
[32minfo[39m: um-cloud-data/automorphisms/0.003/auto_21/data.pkl 206 33ms 5.48mb
[32minfo[39m: um-cloud-data/automorphisms/0.003/auto_21/data.pkl 206 42ms 8mb
[32minfo[39m: um-cloud-data/automorphisms/0.003/auto_21/data.pkl 206 41ms 8mb
[32minfo[39m: um-cloud-data/automorphisms/0.003/auto_21/data.pkl 206 43ms 8mb
[32minfo[39m: um-cloud-data/automorphisms/0.003/auto_21/data.pkl 206 45ms 8mb
[32minfo[39m: um-cloud-data/automorphisms/0.003/auto_21/data.pkl 206 46ms 8mb
[32minfo[39m: um-cloud-data/automorphisms/0.003/auto_21/data.pkl 206 46ms 8mb
[32minfo[39m: um-cloud-data/automorphisms/0.003/auto_21/data.pkl 206 43ms 8mb
[32minfo[39m: um-cloud-data/automorphisms/0.003/auto_21/data.pkl 206 46ms 8mb
INFO:root:BP decoder initialized

INFO:root:Running 500 Monte Carlo trials

INFO:root:  Error lógico corregido en patrón 2

INFO:root:  Error lógico corregido en patrón 4

INFO:root:  Error lógico corregido en patrón 5

INFO:root:  Error lógico corregido en patrón 6

INFO:root:  Error lógico corregido en patrón 18

INFO:root:  Error lógico corregido en patrón 23

INFO:root:  Error lógico corregido en patrón 24

INFO:root:  Error lógico corregido en patrón 54

INFO:root:  Error lógico corregido en patrón 55

INFO:root:  Error lógico corregido en patrón 60

INFO:root:  Error lógico corregido en patrón 68

INFO:root:  Error lógico corregido en patrón 69

INFO:root:  Error lógico corregido en patrón 86

INFO:root:  Error lógico corregido en patrón 89

INFO:root:  Error lógico corregido en patrón 97

INFO:root:  Error lógico corregido en patrón 101

INFO:root:  Error lógico corregido en patrón 114

INFO:root:  Error lógico corregido en patrón 122

INFO:root:  Error lógico corregido en patrón 123

INFO:root:  Error lógico corregido en patrón 127

INFO:root:  Error lógico corregido en patrón 154

INFO:root:  Error lógico corregido en patrón 155

INFO:root:  Error lógico corregido en patrón 164

INFO:root:  Error lógico corregido en patrón 169

INFO:root:  Error lógico corregido en patrón 173

INFO:root:  Error lógico corregido en patrón 183

INFO:root:  Error lógico corregido en patrón 189

INFO:root:  Error lógico corregido en patrón 192

INFO:root:  Error lógico corregido en patrón 206

INFO:root:  Error lógico corregido en patrón 207

INFO:root:  Error lógico corregido en patrón 212

INFO:root:  Error lógico corregido en patrón 213

INFO:root:  Error lógico corregido en patrón 225

INFO:root:  Error lógico corregido en patrón 229

INFO:root:  Error lógico corregido en patrón 230

INFO:root:  Error lógico corregido en patrón 237

INFO:root:  Error lógico corregido en patrón 244

INFO:root:  Error lógico corregido en patrón 251

INFO:root:  Error lógico corregido en patrón 256

INFO:root:  Error lógico corregido en patrón 259

INFO:root:  Error lógico corregido en patrón 270

INFO:root:  Error lógico corregido en patrón 298

INFO:root:  Error lógico corregido en patrón 302

INFO:root:  Error lógico corregido en patrón 303

INFO:root:  Error lógico corregido en patrón 307

INFO:root:  Error lógico corregido en patrón 323

INFO:root:  Error lógico corregido en patrón 330

INFO:root:  Error lógico corregido en patrón 337

INFO:root:  Error lógico corregido en patrón 338

INFO:root:  Error lógico corregido en patrón 348

INFO:root:  Error lógico corregido en patrón 354

INFO:root:  Error lógico corregido en patrón 356

INFO:root:  Error lógico corregido en patrón 369

INFO:root:  Error lógico corregido en patrón 372

INFO:root:  Error lógico corregido en patrón 390

INFO:root:  Error lógico corregido en patrón 394

INFO:root:  Error lógico corregido en patrón 422

INFO:root:  Error lógico corregido en patrón 423

INFO:root:  Error lógico corregido en patrón 429

INFO:root:  Error lógico corregido en patrón 430

INFO:root:  Error lógico corregido en patrón 434

INFO:root:  Error lógico corregido en patrón 436

INFO:root:  Error lógico corregido en patrón 441

INFO:root:  Error lógico corregido en patrón 446

INFO:root:  Error lógico corregido en patrón 459

INFO:root:  Error lógico corregido en patrón 493

INFO:root:Saving results to DynamoDB for id_nmc_batch: nmc_144_0c003_2, id_arguments: BP_21

INFO:root:Checking if table 'results_dynamodb' exists...

INFO:root:Table 'results_dynamodb' already exists.

INFO:root:Results saved to DynamoDB for id_nmc_batch: nmc_144_0c003_2

(λ: args_worker) RequestId: 2fa3a148-59d4-4d9c-b2c9-b117626dbc8c  Duration: 3757.47 ms  Billed Duration: 3758 ms
INFO:root:[OFFLINE] Lambda invoked successfully. HTTP code: 200
INFO:root:nmc_worker invoked with response: {'status': 'invoked'}
INFO:root:Invoking args_worker with event: {'id_nmc_batch': 'nmc_144_0c003_2', 'number_of_args_combinations_batches': 72, 'id_batch_arguments': 21}
INFO:root:[OFFLINE] Invoking lambda 'args_worker' at http://localhost:3000/dev/args_worker with payload: {'id_nmc_batch': 'nmc_144_0c003_2', 'number_of_args_combinations_batches': 72, 'id_batch_arguments': 22}



POST /dev/args_worker (λ: args_worker)
INFO:root:Event received in args_worker lambda_handler

INFO:root:codeConfig: 144, p: 0.003

INFO:root:Config with codeConfig 144 loaded

INFO:root:Bivariate bicycle code created

INFO:root:Circuit built

INFO:root:Detector error model built

INFO:root:Detector error model converted to check matrices

INFO:root:Successfully retrieved 1 arguments for id_batch_arguments: 22

INFO:root:Args variables loaded from DynamoDB

[32minfo[39m: um-cloud-data/detectors_observables/code_144/p_0c003/batch_2.json 200 2ms 3.12mb
INFO:root:Samples loaded from S3.

INFO:root:Downloading automorphism from S3: automorphisms/0.003/auto_22/data.pkl

[32minfo[39m: tum-cloud-data/automorphisms/0.003/auto_22/data.pkl 200 3ms 69.48mb
[32minfo[39m: um-cloud-data/automorphisms/0.003/auto_22/data.pkl 206 30ms 5.48mb
[32minfo[39m: um-cloud-data/automorphisms/0.003/auto_22/data.pkl 206 36ms 8mb
[32minfo[39m: um-cloud-data/automorphisms/0.003/auto_22/data.pkl 206 40ms 8mb
[32minfo[39m: um-cloud-data/automorphisms/0.003/auto_22/data.pkl 206 43ms 8mb
[32minfo[39m: um-cloud-data/automorphisms/0.003/auto_22/data.pkl 206 42ms 8mb
[32minfo[39m: um-cloud-data/automorphisms/0.003/auto_22/data.pkl 206 43ms 8mb
[32minfo[39m: um-cloud-data/automorphisms/0.003/auto_22/data.pkl 206 46ms 8mb
[32minfo[39m: um-cloud-data/automorphisms/0.003/auto_22/data.pkl 206 41ms 8mb
[32minfo[39m: um-cloud-data/automorphisms/0.003/auto_22/data.pkl 206 44ms 8mb
INFO:root:BP decoder initialized

INFO:root:Running 500 Monte Carlo trials

INFO:root:  Error lógico corregido en patrón 2

INFO:root:  Error lógico corregido en patrón 4

INFO:root:  Error lógico corregido en patrón 5

INFO:root:  Error lógico corregido en patrón 6

INFO:root:  Error lógico corregido en patrón 18

INFO:root:  Error lógico corregido en patrón 23

INFO:root:  Error lógico corregido en patrón 54

INFO:root:  Error lógico corregido en patrón 55

INFO:root:  Error lógico corregido en patrón 60

INFO:root:  Error lógico corregido en patrón 68

INFO:root:  Error lógico corregido en patrón 69

INFO:root:  Error lógico corregido en patrón 86

INFO:root:  Error lógico corregido en patrón 89

INFO:root:  Error lógico corregido en patrón 97

INFO:root:  Error lógico corregido en patrón 101

INFO:root:  Error lógico corregido en patrón 114

INFO:root:  Error lógico corregido en patrón 122

INFO:root:  Error lógico corregido en patrón 123

INFO:root:  Error lógico corregido en patrón 127

INFO:root:  Error lógico corregido en patrón 154

INFO:root:  Error lógico corregido en patrón 155

INFO:root:  Error lógico corregido en patrón 164

INFO:root:  Error lógico corregido en patrón 169

INFO:root:  Error lógico corregido en patrón 173

INFO:root:  Error lógico corregido en patrón 183

INFO:root:  Error lógico corregido en patrón 189

INFO:root:  Error lógico corregido en patrón 192

INFO:root:  Error lógico corregido en patrón 206

INFO:root:  Error lógico corregido en patrón 207

INFO:root:  Error lógico corregido en patrón 212

INFO:root:  Error lógico corregido en patrón 213

INFO:root:  Error lógico corregido en patrón 225

INFO:root:  Error lógico corregido en patrón 229

INFO:root:  Error lógico corregido en patrón 230

INFO:root:  Error lógico corregido en patrón 237

INFO:root:  Error lógico corregido en patrón 244

INFO:root:  Error lógico corregido en patrón 251

INFO:root:  Error lógico corregido en patrón 256

INFO:root:  Error lógico corregido en patrón 259

INFO:root:  Error lógico corregido en patrón 270

INFO:root:  Error lógico corregido en patrón 298

INFO:root:  Error lógico corregido en patrón 302

INFO:root:  Error lógico corregido en patrón 303

INFO:root:  Error lógico corregido en patrón 307

INFO:root:  Error lógico corregido en patrón 323

INFO:root:  Error lógico corregido en patrón 330

INFO:root:  Error lógico corregido en patrón 337

INFO:root:  Error lógico corregido en patrón 338

INFO:root:  Error lógico corregido en patrón 348

INFO:root:  Error lógico corregido en patrón 354

INFO:root:  Error lógico corregido en patrón 356

INFO:root:  Error lógico corregido en patrón 372

INFO:root:  Error lógico corregido en patrón 390

INFO:root:  Error lógico corregido en patrón 394

INFO:root:  Error lógico corregido en patrón 422

INFO:root:  Error lógico corregido en patrón 423

INFO:root:  Error lógico corregido en patrón 429

INFO:root:  Error lógico corregido en patrón 430

INFO:root:  Error lógico corregido en patrón 434

INFO:root:  Error lógico corregido en patrón 436

INFO:root:  Error lógico corregido en patrón 441

INFO:root:  Error lógico corregido en patrón 446

INFO:root:  Error lógico corregido en patrón 459

INFO:root:  Error lógico corregido en patrón 493

INFO:root:Saving results to DynamoDB for id_nmc_batch: nmc_144_0c003_2, id_arguments: BP_22

INFO:root:Checking if table 'results_dynamodb' exists...

INFO:root:Table 'results_dynamodb' already exists.

INFO:root:Results saved to DynamoDB for id_nmc_batch: nmc_144_0c003_2

(λ: args_worker) RequestId: 2293434b-4c20-4a96-8286-8a3d0ca3bb4c  Duration: 3794.26 ms  Billed Duration: 3795 ms
INFO:root:[OFFLINE] Lambda invoked successfully. HTTP code: 200

INFO:root:nmc_worker invoked with response: {'status': 'invoked'}
INFO:root:Invoking args_worker with event: {'id_nmc_batch': 'nmc_144_0c003_2', 'number_of_args_combinations_batches': 72, 'id_batch_arguments': 22}
INFO:root:[OFFLINE] Invoking lambda 'args_worker' at http://localhost:3000/dev/args_worker with payload: {'id_nmc_batch': 'nmc_144_0c003_2', 'number_of_args_combinations_batches': 72, 'id_batch_arguments': 23}



POST /dev/args_worker (λ: args_worker)
INFO:root:Event received in args_worker lambda_handler

INFO:root:codeConfig: 144, p: 0.003

INFO:root:Config with codeConfig 144 loaded

INFO:root:Bivariate bicycle code created

INFO:root:Circuit built

INFO:root:Detector error model built

INFO:root:Detector error model converted to check matrices

INFO:root:Successfully retrieved 1 arguments for id_batch_arguments: 23

INFO:root:Args variables loaded from DynamoDB

[32minfo[39m: um-cloud-data/detectors_observables/code_144/p_0c003/batch_2.json 200 2ms 3.12mb
INFO:root:Samples loaded from S3.

INFO:root:Downloading automorphism from S3: automorphisms/0.003/auto_23/data.pkl

[32minfo[39m: tum-cloud-data/automorphisms/0.003/auto_23/data.pkl 200 1ms 69.48mb
[32minfo[39m: um-cloud-data/automorphisms/0.003/auto_23/data.pkl 206 29ms 5.48mb
[32minfo[39m: um-cloud-data/automorphisms/0.003/auto_23/data.pkl 206 43ms 8mb
[32minfo[39m: um-cloud-data/automorphisms/0.003/auto_23/data.pkl 206 45ms 8mb
[32minfo[39m: um-cloud-data/automorphisms/0.003/auto_23/data.pkl 206 46ms 8mb
[32minfo[39m: um-cloud-data/automorphisms/0.003/auto_23/data.pkl 206 46ms 8mb
[32minfo[39m: um-cloud-data/automorphisms/0.003/auto_23/data.pkl 206 46ms 8mb
[32minfo[39m: um-cloud-data/automorphisms/0.003/auto_23/data.pkl 206 47ms 8mb
[32minfo[39m: um-cloud-data/automorphisms/0.003/auto_23/data.pkl 206 46ms 8mb
[32minfo[39m: um-cloud-data/automorphisms/0.003/auto_23/data.pkl 206 46ms 8mb
INFO:root:BP decoder initialized

INFO:root:Running 500 Monte Carlo trials

INFO:root:  Error lógico corregido en patrón 2

INFO:root:  Error lógico corregido en patrón 4

INFO:root:  Error lógico corregido en patrón 5

INFO:root:  Error lógico corregido en patrón 6

INFO:root:  Error lógico corregido en patrón 18

INFO:root:  Error lógico corregido en patrón 23

INFO:root:  Error lógico corregido en patrón 54

INFO:root:  Error lógico corregido en patrón 55

INFO:root:  Error lógico corregido en patrón 60

INFO:root:  Error lógico corregido en patrón 68

INFO:root:  Error lógico corregido en patrón 69

INFO:root:  Error lógico corregido en patrón 86

INFO:root:  Error lógico corregido en patrón 89

INFO:root:  Error lógico corregido en patrón 97

INFO:root:  Error lógico corregido en patrón 101

INFO:root:  Error lógico corregido en patrón 114

INFO:root:  Error lógico corregido en patrón 122

INFO:root:  Error lógico corregido en patrón 123

INFO:root:  Error lógico corregido en patrón 127

INFO:root:  Error lógico corregido en patrón 154

INFO:root:  Error lógico corregido en patrón 155

INFO:root:  Error lógico corregido en patrón 164

INFO:root:  Error lógico corregido en patrón 169

INFO:root:  Error lógico corregido en patrón 173

INFO:root:  Error lógico corregido en patrón 183

INFO:root:  Error lógico corregido en patrón 189

INFO:root:  Error lógico corregido en patrón 192

INFO:root:  Error lógico corregido en patrón 206

INFO:root:  Error lógico corregido en patrón 207

INFO:root:  Error lógico corregido en patrón 212

INFO:root:  Error lógico corregido en patrón 213

INFO:root:  Error lógico corregido en patrón 225

INFO:root:  Error lógico corregido en patrón 229

INFO:root:  Error lógico corregido en patrón 230

INFO:root:  Error lógico corregido en patrón 237

INFO:root:  Error lógico corregido en patrón 244

INFO:root:  Error lógico corregido en patrón 251

INFO:root:  Error lógico corregido en patrón 256

INFO:root:  Error lógico corregido en patrón 259

INFO:root:  Error lógico corregido en patrón 270

INFO:root:  Error lógico corregido en patrón 298

INFO:root:  Error lógico corregido en patrón 302

INFO:root:  Error lógico corregido en patrón 303

INFO:root:  Error lógico corregido en patrón 307

INFO:root:  Error lógico corregido en patrón 323

INFO:root:  Error lógico corregido en patrón 330

INFO:root:  Error lógico corregido en patrón 337

INFO:root:  Error lógico corregido en patrón 338

INFO:root:  Error lógico corregido en patrón 348

INFO:root:  Error lógico corregido en patrón 354

INFO:root:  Error lógico corregido en patrón 356

INFO:root:  Error lógico corregido en patrón 369

INFO:root:  Error lógico corregido en patrón 372

INFO:root:  Error lógico corregido en patrón 390

INFO:root:  Error lógico corregido en patrón 394

INFO:root:  Error lógico corregido en patrón 422

INFO:root:  Error lógico corregido en patrón 423

INFO:root:  Error lógico corregido en patrón 429

INFO:root:  Error lógico corregido en patrón 430

INFO:root:  Error lógico corregido en patrón 434

INFO:root:  Error lógico corregido en patrón 436

INFO:root:  Error lógico corregido en patrón 441

INFO:root:  Error lógico corregido en patrón 446

INFO:root:  Error lógico corregido en patrón 459

INFO:root:  Error lógico corregido en patrón 493

INFO:root:Saving results to DynamoDB for id_nmc_batch: nmc_144_0c003_2, id_arguments: BP_23

INFO:root:Checking if table 'results_dynamodb' exists...

INFO:root:Table 'results_dynamodb' already exists.

INFO:root:Results saved to DynamoDB for id_nmc_batch: nmc_144_0c003_2

(λ: args_worker) RequestId: c7477b18-9a74-4b97-a220-3200cf5b6959  Duration: 3817.45 ms  Billed Duration: 3818 ms
INFO:root:[OFFLINE] Lambda invoked successfully. HTTP code: 200

INFO:root:nmc_worker invoked with response: {'status': 'invoked'}
INFO:root:Invoking args_worker with event: {'id_nmc_batch': 'nmc_144_0c003_2', 'number_of_args_combinations_batches': 72, 'id_batch_arguments': 23}
INFO:root:[OFFLINE] Invoking lambda 'args_worker' at http://localhost:3000/dev/args_worker with payload: {'id_nmc_batch': 'nmc_144_0c003_2', 'number_of_args_combinations_batches': 72, 'id_batch_arguments': 24}



POST /dev/args_worker (λ: args_worker)
INFO:root:Event received in args_worker lambda_handler

INFO:root:codeConfig: 144, p: 0.003

INFO:root:Config with codeConfig 144 loaded

INFO:root:Bivariate bicycle code created

INFO:root:Circuit built

INFO:root:Detector error model built

INFO:root:Detector error model converted to check matrices

INFO:root:Successfully retrieved 1 arguments for id_batch_arguments: 24

INFO:root:Args variables loaded from DynamoDB

[32minfo[39m: um-cloud-data/detectors_observables/code_144/p_0c003/batch_2.json 200 2ms 3.12mb
INFO:root:Samples loaded from S3.

INFO:root:Downloading automorphism from S3: automorphisms/0.003/auto_24/data.pkl

[32minfo[39m: tum-cloud-data/automorphisms/0.003/auto_24/data.pkl 200 2ms 69.48mb
[32minfo[39m: um-cloud-data/automorphisms/0.003/auto_24/data.pkl 206 29ms 5.48mb
[32minfo[39m: um-cloud-data/automorphisms/0.003/auto_24/data.pkl 206 41ms 8mb
[32minfo[39m: um-cloud-data/automorphisms/0.003/auto_24/data.pkl 206 43ms 8mb
[32minfo[39m: um-cloud-data/automorphisms/0.003/auto_24/data.pkl 206 43ms 8mb
[32minfo[39m: um-cloud-data/automorphisms/0.003/auto_24/data.pkl 206 44ms 8mb
[32minfo[39m: um-cloud-data/automorphisms/0.003/auto_24/data.pkl 206 46ms 8mb
[32minfo[39m: um-cloud-data/automorphisms/0.003/auto_24/data.pkl 206 45ms 8mb
[32minfo[39m: um-cloud-data/automorphisms/0.003/auto_24/data.pkl 206 45ms 8mb
[32minfo[39m: um-cloud-data/automorphisms/0.003/auto_24/data.pkl 206 45ms 8mb
INFO:root:BP decoder initialized

INFO:root:Running 500 Monte Carlo trials

INFO:root:  Error lógico corregido en patrón 2

INFO:root:  Error lógico corregido en patrón 4

INFO:root:  Error lógico corregido en patrón 5

INFO:root:  Error lógico corregido en patrón 6

INFO:root:  Error lógico corregido en patrón 18

INFO:root:  Error lógico corregido en patrón 23

INFO:root:  Error lógico corregido en patrón 24

INFO:root:  Error lógico corregido en patrón 54

INFO:root:  Error lógico corregido en patrón 55

INFO:root:  Error lógico corregido en patrón 60

INFO:root:  Error lógico corregido en patrón 68

INFO:root:  Error lógico corregido en patrón 69

INFO:root:  Error lógico corregido en patrón 86

INFO:root:  Error lógico corregido en patrón 89

INFO:root:  Error lógico corregido en patrón 97

INFO:root:  Error lógico corregido en patrón 101

INFO:root:  Error lógico corregido en patrón 114

INFO:root:  Error lógico corregido en patrón 122

INFO:root:  Error lógico corregido en patrón 123

INFO:root:  Error lógico corregido en patrón 127

INFO:root:  Error lógico corregido en patrón 154

INFO:root:  Error lógico corregido en patrón 155

INFO:root:  Error lógico corregido en patrón 164

INFO:root:  Error lógico corregido en patrón 169

INFO:root:  Error lógico corregido en patrón 173

INFO:root:  Error lógico corregido en patrón 183

INFO:root:  Error lógico corregido en patrón 189

INFO:root:  Error lógico corregido en patrón 192

INFO:root:  Error lógico corregido en patrón 206

INFO:root:  Error lógico corregido en patrón 207

INFO:root:  Error lógico corregido en patrón 212

INFO:root:  Error lógico corregido en patrón 213

INFO:root:  Error lógico corregido en patrón 225

INFO:root:  Error lógico corregido en patrón 229

INFO:root:  Error lógico corregido en patrón 230

INFO:root:  Error lógico corregido en patrón 237

INFO:root:  Error lógico corregido en patrón 244

INFO:root:  Error lógico corregido en patrón 251

INFO:root:  Error lógico corregido en patrón 256

INFO:root:  Error lógico corregido en patrón 259

INFO:root:  Error lógico corregido en patrón 270

INFO:root:  Error lógico corregido en patrón 298

INFO:root:  Error lógico corregido en patrón 302

INFO:root:  Error lógico corregido en patrón 303

INFO:root:  Error lógico corregido en patrón 307

INFO:root:  Error lógico corregido en patrón 323

INFO:root:  Error lógico corregido en patrón 330

INFO:root:  Error lógico corregido en patrón 337

INFO:root:  Error lógico corregido en patrón 338

INFO:root:  Error lógico corregido en patrón 348

INFO:root:  Error lógico corregido en patrón 354

INFO:root:  Error lógico corregido en patrón 356

INFO:root:  Error lógico corregido en patrón 372

INFO:root:  Error lógico corregido en patrón 390

INFO:root:  Error lógico corregido en patrón 394

INFO:root:  Error lógico corregido en patrón 422

INFO:root:  Error lógico corregido en patrón 423

INFO:root:  Error lógico corregido en patrón 429

INFO:root:  Error lógico corregido en patrón 430

INFO:root:  Error lógico corregido en patrón 434

INFO:root:  Error lógico corregido en patrón 436

INFO:root:  Error lógico corregido en patrón 441

INFO:root:  Error lógico corregido en patrón 446

INFO:root:  Error lógico corregido en patrón 459

INFO:root:  Error lógico corregido en patrón 493

INFO:root:Saving results to DynamoDB for id_nmc_batch: nmc_144_0c003_2, id_arguments: BP_24

INFO:root:Checking if table 'results_dynamodb' exists...

INFO:root:Table 'results_dynamodb' already exists.

INFO:root:Results saved to DynamoDB for id_nmc_batch: nmc_144_0c003_2

(λ: args_worker) RequestId: 3289d467-e151-4289-87d4-d5386f46c7b0  Duration: 3765.58 ms  Billed Duration: 3766 ms
INFO:root:[OFFLINE] Lambda invoked successfully. HTTP code: 200

INFO:root:nmc_worker invoked with response: {'status': 'invoked'}
INFO:root:Invoking args_worker with event: {'id_nmc_batch': 'nmc_144_0c003_2', 'number_of_args_combinations_batches': 72, 'id_batch_arguments': 24}
INFO:root:[OFFLINE] Invoking lambda 'args_worker' at http://localhost:3000/dev/args_worker with payload: {'id_nmc_batch': 'nmc_144_0c003_2', 'number_of_args_combinations_batches': 72, 'id_batch_arguments': 25}



POST /dev/args_worker (λ: args_worker)
INFO:root:Event received in args_worker lambda_handler

INFO:root:codeConfig: 144, p: 0.003

INFO:root:Config with codeConfig 144 loaded

INFO:root:Bivariate bicycle code created

INFO:root:Circuit built

INFO:root:Detector error model built

INFO:root:Detector error model converted to check matrices

INFO:root:Successfully retrieved 1 arguments for id_batch_arguments: 25

INFO:root:Args variables loaded from DynamoDB

[32minfo[39m: um-cloud-data/detectors_observables/code_144/p_0c003/batch_2.json 200 2ms 3.12mb
INFO:root:Samples loaded from S3.

INFO:root:Downloading automorphism from S3: automorphisms/0.003/auto_25/data.pkl

[32minfo[39m: tum-cloud-data/automorphisms/0.003/auto_25/data.pkl 200 2ms 69.48mb
[32minfo[39m: um-cloud-data/automorphisms/0.003/auto_25/data.pkl 206 31ms 5.48mb
[32minfo[39m: um-cloud-data/automorphisms/0.003/auto_25/data.pkl 206 45ms 8mb
[32minfo[39m: um-cloud-data/automorphisms/0.003/auto_25/data.pkl 206 46ms 8mb
[32minfo[39m: um-cloud-data/automorphisms/0.003/auto_25/data.pkl 206 44ms 8mb
[32minfo[39m: um-cloud-data/automorphisms/0.003/auto_25/data.pkl 206 44ms 8mb
[32minfo[39m: um-cloud-data/automorphisms/0.003/auto_25/data.pkl 206 45ms 8mb
[32minfo[39m: um-cloud-data/automorphisms/0.003/auto_25/data.pkl 206 45ms 8mb
[32minfo[39m: um-cloud-data/automorphisms/0.003/auto_25/data.pkl 206 47ms 8mb
[32minfo[39m: um-cloud-data/automorphisms/0.003/auto_25/data.pkl 206 47ms 8mb
INFO:root:BP decoder initialized

INFO:root:Running 500 Monte Carlo trials

INFO:root:  Error lógico corregido en patrón 2

INFO:root:  Error lógico corregido en patrón 4

INFO:root:  Error lógico corregido en patrón 5

INFO:root:  Error lógico corregido en patrón 6

INFO:root:  Error lógico corregido en patrón 18

INFO:root:  Error lógico corregido en patrón 23

INFO:root:  Error lógico corregido en patrón 54

INFO:root:  Error lógico corregido en patrón 55

INFO:root:  Error lógico corregido en patrón 60

INFO:root:  Error lógico corregido en patrón 68

INFO:root:  Error lógico corregido en patrón 69

INFO:root:  Error lógico corregido en patrón 86

INFO:root:  Error lógico corregido en patrón 89

INFO:root:  Error lógico corregido en patrón 97

INFO:root:  Error lógico corregido en patrón 101

INFO:root:  Error lógico corregido en patrón 114

INFO:root:  Error lógico corregido en patrón 122

INFO:root:  Error lógico corregido en patrón 123

INFO:root:  Error lógico corregido en patrón 127

INFO:root:  Error lógico corregido en patrón 154

INFO:root:  Error lógico corregido en patrón 155

INFO:root:  Error lógico corregido en patrón 164

INFO:root:  Error lógico corregido en patrón 169

INFO:root:  Error lógico corregido en patrón 173

INFO:root:  Error lógico corregido en patrón 183

INFO:root:  Error lógico corregido en patrón 189

INFO:root:  Error lógico corregido en patrón 192

INFO:root:  Error lógico corregido en patrón 206

INFO:root:  Error lógico corregido en patrón 207

INFO:root:  Error lógico corregido en patrón 212

INFO:root:  Error lógico corregido en patrón 213

INFO:root:  Error lógico corregido en patrón 225

INFO:root:  Error lógico corregido en patrón 229

INFO:root:  Error lógico corregido en patrón 230

INFO:root:  Error lógico corregido en patrón 237

INFO:root:  Error lógico corregido en patrón 244

INFO:root:  Error lógico corregido en patrón 251

INFO:root:  Error lógico corregido en patrón 256

INFO:root:  Error lógico corregido en patrón 259

INFO:root:  Error lógico corregido en patrón 270

INFO:root:  Error lógico corregido en patrón 298

INFO:root:  Error lógico corregido en patrón 302

INFO:root:  Error lógico corregido en patrón 303

INFO:root:  Error lógico corregido en patrón 307

INFO:root:  Error lógico corregido en patrón 323

INFO:root:  Error lógico corregido en patrón 330

INFO:root:  Error lógico corregido en patrón 337

INFO:root:  Error lógico corregido en patrón 338

INFO:root:  Error lógico corregido en patrón 348

INFO:root:  Error lógico corregido en patrón 354

INFO:root:  Error lógico corregido en patrón 356

INFO:root:  Error lógico corregido en patrón 372

INFO:root:  Error lógico corregido en patrón 390

INFO:root:  Error lógico corregido en patrón 394

INFO:root:  Error lógico corregido en patrón 422

INFO:root:  Error lógico corregido en patrón 423

INFO:root:  Error lógico corregido en patrón 429

INFO:root:  Error lógico corregido en patrón 430

INFO:root:  Error lógico corregido en patrón 434

INFO:root:  Error lógico corregido en patrón 436

INFO:root:  Error lógico corregido en patrón 441

INFO:root:  Error lógico corregido en patrón 446

INFO:root:  Error lógico corregido en patrón 459

INFO:root:  Error lógico corregido en patrón 493

INFO:root:Saving results to DynamoDB for id_nmc_batch: nmc_144_0c003_2, id_arguments: BP_25

INFO:root:Checking if table 'results_dynamodb' exists...

INFO:root:Table 'results_dynamodb' already exists.

INFO:root:Results saved to DynamoDB for id_nmc_batch: nmc_144_0c003_2

(λ: args_worker) RequestId: 20205c41-49fb-49d0-8034-f65994ccbfab  Duration: 3797.50 ms  Billed Duration: 3798 ms
INFO:root:[OFFLINE] Lambda invoked successfully. HTTP code: 200

INFO:root:nmc_worker invoked with response: {'status': 'invoked'}
INFO:root:Invoking args_worker with event: {'id_nmc_batch': 'nmc_144_0c003_2', 'number_of_args_combinations_batches': 72, 'id_batch_arguments': 25}
INFO:root:[OFFLINE] Invoking lambda 'args_worker' at http://localhost:3000/dev/args_worker with payload: {'id_nmc_batch': 'nmc_144_0c003_2', 'number_of_args_combinations_batches': 72, 'id_batch_arguments': 26}



POST /dev/args_worker (λ: args_worker)
INFO:root:Event received in args_worker lambda_handler

INFO:root:codeConfig: 144, p: 0.003

INFO:root:Config with codeConfig 144 loaded

INFO:root:Bivariate bicycle code created

INFO:root:Circuit built

INFO:root:Detector error model built

INFO:root:Detector error model converted to check matrices

INFO:root:Successfully retrieved 1 arguments for id_batch_arguments: 26

INFO:root:Args variables loaded from DynamoDB

[32minfo[39m: um-cloud-data/detectors_observables/code_144/p_0c003/batch_2.json 200 2ms 3.12mb
INFO:root:Samples loaded from S3.

INFO:root:Downloading automorphism from S3: automorphisms/0.003/auto_26/data.pkl

[32minfo[39m: tum-cloud-data/automorphisms/0.003/auto_26/data.pkl 200 1ms 69.48mb
[32minfo[39m: um-cloud-data/automorphisms/0.003/auto_26/data.pkl 206 25ms 5.48mb
[32minfo[39m: um-cloud-data/automorphisms/0.003/auto_26/data.pkl 206 44ms 8mb
[32minfo[39m: um-cloud-data/automorphisms/0.003/auto_26/data.pkl 206 43ms 8mb
[32minfo[39m: um-cloud-data/automorphisms/0.003/auto_26/data.pkl 206 44ms 8mb
[32minfo[39m: um-cloud-data/automorphisms/0.003/auto_26/data.pkl 206 44ms 8mb
[32minfo[39m: um-cloud-data/automorphisms/0.003/auto_26/data.pkl 206 43ms 8mb
[32minfo[39m: um-cloud-data/automorphisms/0.003/auto_26/data.pkl 206 44ms 8mb
[32minfo[39m: um-cloud-data/automorphisms/0.003/auto_26/data.pkl 206 44ms 8mb
[32minfo[39m: um-cloud-data/automorphisms/0.003/auto_26/data.pkl 206 44ms 8mb
INFO:root:BP decoder initialized

INFO:root:Running 500 Monte Carlo trials

INFO:root:  Error lógico corregido en patrón 2

INFO:root:  Error lógico corregido en patrón 4

INFO:root:  Error lógico corregido en patrón 5

INFO:root:  Error lógico corregido en patrón 6

INFO:root:  Error lógico corregido en patrón 18

INFO:root:  Error lógico corregido en patrón 23

INFO:root:  Error lógico corregido en patrón 54

INFO:root:  Error lógico corregido en patrón 55

INFO:root:  Error lógico corregido en patrón 60

INFO:root:  Error lógico corregido en patrón 68

INFO:root:  Error lógico corregido en patrón 69

INFO:root:  Error lógico corregido en patrón 86

INFO:root:  Error lógico corregido en patrón 89

INFO:root:  Error lógico corregido en patrón 97

INFO:root:  Error lógico corregido en patrón 101

INFO:root:  Error lógico corregido en patrón 114

INFO:root:  Error lógico corregido en patrón 122

INFO:root:  Error lógico corregido en patrón 123

INFO:root:  Error lógico corregido en patrón 127

INFO:root:  Error lógico corregido en patrón 154

INFO:root:  Error lógico corregido en patrón 155

INFO:root:  Error lógico corregido en patrón 164

INFO:root:  Error lógico corregido en patrón 169

INFO:root:  Error lógico corregido en patrón 173

INFO:root:  Error lógico corregido en patrón 183

INFO:root:  Error lógico corregido en patrón 189

INFO:root:  Error lógico corregido en patrón 192

INFO:root:  Error lógico corregido en patrón 206

INFO:root:  Error lógico corregido en patrón 207

INFO:root:  Error lógico corregido en patrón 212

INFO:root:  Error lógico corregido en patrón 213

INFO:root:  Error lógico corregido en patrón 225

INFO:root:  Error lógico corregido en patrón 229

INFO:root:  Error lógico corregido en patrón 230

INFO:root:  Error lógico corregido en patrón 237

INFO:root:  Error lógico corregido en patrón 244

INFO:root:  Error lógico corregido en patrón 251

INFO:root:  Error lógico corregido en patrón 256

INFO:root:  Error lógico corregido en patrón 259

INFO:root:  Error lógico corregido en patrón 270

INFO:root:  Error lógico corregido en patrón 298

INFO:root:  Error lógico corregido en patrón 302

INFO:root:  Error lógico corregido en patrón 303

INFO:root:  Error lógico corregido en patrón 307

INFO:root:  Error lógico corregido en patrón 323

INFO:root:  Error lógico corregido en patrón 330

INFO:root:  Error lógico corregido en patrón 337

INFO:root:  Error lógico corregido en patrón 338

INFO:root:  Error lógico corregido en patrón 348

INFO:root:  Error lógico corregido en patrón 354

INFO:root:  Error lógico corregido en patrón 356

INFO:root:  Error lógico corregido en patrón 372

INFO:root:  Error lógico corregido en patrón 390

INFO:root:  Error lógico corregido en patrón 394

INFO:root:  Error lógico corregido en patrón 422

INFO:root:  Error lógico corregido en patrón 423

INFO:root:  Error lógico corregido en patrón 429

INFO:root:  Error lógico corregido en patrón 430

INFO:root:  Error lógico corregido en patrón 434

INFO:root:  Error lógico corregido en patrón 436

INFO:root:  Error lógico corregido en patrón 441

INFO:root:  Error lógico corregido en patrón 446

INFO:root:  Error lógico corregido en patrón 459

INFO:root:  Error lógico corregido en patrón 493

INFO:root:Saving results to DynamoDB for id_nmc_batch: nmc_144_0c003_2, id_arguments: BP_26

INFO:root:Checking if table 'results_dynamodb' exists...

INFO:root:Table 'results_dynamodb' already exists.

INFO:root:Results saved to DynamoDB for id_nmc_batch: nmc_144_0c003_2

(λ: args_worker) RequestId: 9ca4e759-ce9d-4f23-9c87-405d3413fcc5  Duration: 3797.85 ms  Billed Duration: 3798 ms
INFO:root:[OFFLINE] Lambda invoked successfully. HTTP code: 200

INFO:root:nmc_worker invoked with response: {'status': 'invoked'}
INFO:root:Invoking args_worker with event: {'id_nmc_batch': 'nmc_144_0c003_2', 'number_of_args_combinations_batches': 72, 'id_batch_arguments': 26}
INFO:root:[OFFLINE] Invoking lambda 'args_worker' at http://localhost:3000/dev/args_worker with payload: {'id_nmc_batch': 'nmc_144_0c003_2', 'number_of_args_combinations_batches': 72, 'id_batch_arguments': 27}



POST /dev/args_worker (λ: args_worker)
INFO:root:Event received in args_worker lambda_handler

INFO:root:codeConfig: 144, p: 0.003

INFO:root:Config with codeConfig 144 loaded

INFO:root:Bivariate bicycle code created

INFO:root:Circuit built

INFO:root:Detector error model built

INFO:root:Detector error model converted to check matrices

INFO:root:Successfully retrieved 1 arguments for id_batch_arguments: 27

INFO:root:Args variables loaded from DynamoDB

[32minfo[39m: um-cloud-data/detectors_observables/code_144/p_0c003/batch_2.json 200 2ms 3.12mb
INFO:root:Samples loaded from S3.

INFO:root:Downloading automorphism from S3: automorphisms/0.003/auto_27/data.pkl

[32minfo[39m: tum-cloud-data/automorphisms/0.003/auto_27/data.pkl 200 3ms 69.48mb
[32minfo[39m: um-cloud-data/automorphisms/0.003/auto_27/data.pkl 206 32ms 5.48mb
[32minfo[39m: um-cloud-data/automorphisms/0.003/auto_27/data.pkl 206 39ms 8mb
[32minfo[39m: um-cloud-data/automorphisms/0.003/auto_27/data.pkl 206 43ms 8mb
[32minfo[39m: um-cloud-data/automorphisms/0.003/auto_27/data.pkl 206 41ms 8mb
[32minfo[39m: um-cloud-data/automorphisms/0.003/auto_27/data.pkl 206 41ms 8mb
[32minfo[39m: um-cloud-data/automorphisms/0.003/auto_27/data.pkl 206 43ms 8mb
[32minfo[39m: um-cloud-data/automorphisms/0.003/auto_27/data.pkl 206 45ms 8mb
[32minfo[39m: um-cloud-data/automorphisms/0.003/auto_27/data.pkl 206 46ms 8mb
[32minfo[39m: um-cloud-data/automorphisms/0.003/auto_27/data.pkl 206 46ms 8mb
INFO:root:BP decoder initialized

INFO:root:Running 500 Monte Carlo trials

INFO:root:  Error lógico corregido en patrón 2

INFO:root:  Error lógico corregido en patrón 4

INFO:root:  Error lógico corregido en patrón 5

INFO:root:  Error lógico corregido en patrón 6

INFO:root:  Error lógico corregido en patrón 18

INFO:root:  Error lógico corregido en patrón 23

INFO:root:  Error lógico corregido en patrón 54

INFO:root:  Error lógico corregido en patrón 55

INFO:root:  Error lógico corregido en patrón 60

INFO:root:  Error lógico corregido en patrón 68

INFO:root:  Error lógico corregido en patrón 69

INFO:root:  Error lógico corregido en patrón 86

INFO:root:  Error lógico corregido en patrón 89

INFO:root:  Error lógico corregido en patrón 97

INFO:root:  Error lógico corregido en patrón 101

INFO:root:  Error lógico corregido en patrón 114

INFO:root:  Error lógico corregido en patrón 122

INFO:root:  Error lógico corregido en patrón 123

INFO:root:  Error lógico corregido en patrón 127

INFO:root:  Error lógico corregido en patrón 154

INFO:root:  Error lógico corregido en patrón 155

INFO:root:  Error lógico corregido en patrón 164

INFO:root:  Error lógico corregido en patrón 169

INFO:root:  Error lógico corregido en patrón 173

INFO:root:  Error lógico corregido en patrón 183

INFO:root:  Error lógico corregido en patrón 189

INFO:root:  Error lógico corregido en patrón 192

INFO:root:  Error lógico corregido en patrón 206

INFO:root:  Error lógico corregido en patrón 207

INFO:root:  Error lógico corregido en patrón 212

INFO:root:  Error lógico corregido en patrón 213

INFO:root:  Error lógico corregido en patrón 225

INFO:root:  Error lógico corregido en patrón 229

INFO:root:  Error lógico corregido en patrón 230

INFO:root:  Error lógico corregido en patrón 237

INFO:root:  Error lógico corregido en patrón 244

INFO:root:  Error lógico corregido en patrón 251

INFO:root:  Error lógico corregido en patrón 256

INFO:root:  Error lógico corregido en patrón 259

INFO:root:  Error lógico corregido en patrón 270

INFO:root:  Error lógico corregido en patrón 298

INFO:root:  Error lógico corregido en patrón 302

INFO:root:  Error lógico corregido en patrón 303

INFO:root:  Error lógico corregido en patrón 307

INFO:root:  Error lógico corregido en patrón 323

INFO:root:  Error lógico corregido en patrón 330

INFO:root:  Error lógico corregido en patrón 337

INFO:root:  Error lógico corregido en patrón 338

INFO:root:  Error lógico corregido en patrón 348

INFO:root:  Error lógico corregido en patrón 354

INFO:root:  Error lógico corregido en patrón 356

INFO:root:  Error lógico corregido en patrón 372

INFO:root:  Error lógico corregido en patrón 390

INFO:root:  Error lógico corregido en patrón 394

INFO:root:  Error lógico corregido en patrón 422

INFO:root:  Error lógico corregido en patrón 423

INFO:root:  Error lógico corregido en patrón 429

INFO:root:  Error lógico corregido en patrón 430

INFO:root:  Error lógico corregido en patrón 434

INFO:root:  Error lógico corregido en patrón 436

INFO:root:  Error lógico corregido en patrón 441

INFO:root:  Error lógico corregido en patrón 446

INFO:root:  Error lógico corregido en patrón 459

INFO:root:  Error lógico corregido en patrón 493

INFO:root:Saving results to DynamoDB for id_nmc_batch: nmc_144_0c003_2, id_arguments: BP_27

INFO:root:Checking if table 'results_dynamodb' exists...

INFO:root:Table 'results_dynamodb' already exists.

INFO:root:Results saved to DynamoDB for id_nmc_batch: nmc_144_0c003_2

(λ: args_worker) RequestId: ad19baa8-0815-463e-9014-613ee69bf522  Duration: 3792.99 ms  Billed Duration: 3793 ms
INFO:root:[OFFLINE] Lambda invoked successfully. HTTP code: 200

INFO:root:nmc_worker invoked with response: {'status': 'invoked'}
INFO:root:Invoking args_worker with event: {'id_nmc_batch': 'nmc_144_0c003_2', 'number_of_args_combinations_batches': 72, 'id_batch_arguments': 27}
INFO:root:[OFFLINE] Invoking lambda 'args_worker' at http://localhost:3000/dev/args_worker with payload: {'id_nmc_batch': 'nmc_144_0c003_2', 'number_of_args_combinations_batches': 72, 'id_batch_arguments': 28}



POST /dev/args_worker (λ: args_worker)
INFO:root:Event received in args_worker lambda_handler

INFO:root:codeConfig: 144, p: 0.003

INFO:root:Config with codeConfig 144 loaded

INFO:root:Bivariate bicycle code created

INFO:root:Circuit built

INFO:root:Detector error model built

INFO:root:Detector error model converted to check matrices

INFO:root:Successfully retrieved 1 arguments for id_batch_arguments: 28

INFO:root:Args variables loaded from DynamoDB

[32minfo[39m: um-cloud-data/detectors_observables/code_144/p_0c003/batch_2.json 200 2ms 3.12mb
INFO:root:Samples loaded from S3.

INFO:root:Downloading automorphism from S3: automorphisms/0.003/auto_28/data.pkl

[32minfo[39m: tum-cloud-data/automorphisms/0.003/auto_28/data.pkl 200 1ms 69.48mb
[32minfo[39m: um-cloud-data/automorphisms/0.003/auto_28/data.pkl 206 27ms 5.48mb
[32minfo[39m: um-cloud-data/automorphisms/0.003/auto_28/data.pkl 206 36ms 8mb
[32minfo[39m: um-cloud-data/automorphisms/0.003/auto_28/data.pkl 206 38ms 8mb
[32minfo[39m: um-cloud-data/automorphisms/0.003/auto_28/data.pkl 206 39ms 8mb
[32minfo[39m: um-cloud-data/automorphisms/0.003/auto_28/data.pkl 206 43ms 8mb
[32minfo[39m: um-cloud-data/automorphisms/0.003/auto_28/data.pkl 206 42ms 8mb
[32minfo[39m: um-cloud-data/automorphisms/0.003/auto_28/data.pkl 206 43ms 8mb
[32minfo[39m: um-cloud-data/automorphisms/0.003/auto_28/data.pkl 206 44ms 8mb
[32minfo[39m: um-cloud-data/automorphisms/0.003/auto_28/data.pkl 206 42ms 8mb
INFO:root:BP decoder initialized

INFO:root:Running 500 Monte Carlo trials

INFO:root:  Error lógico corregido en patrón 2

INFO:root:  Error lógico corregido en patrón 4

INFO:root:  Error lógico corregido en patrón 5

INFO:root:  Error lógico corregido en patrón 6

INFO:root:  Error lógico corregido en patrón 18

INFO:root:  Error lógico corregido en patrón 23

INFO:root:  Error lógico corregido en patrón 54

INFO:root:  Error lógico corregido en patrón 55

INFO:root:  Error lógico corregido en patrón 60

INFO:root:  Error lógico corregido en patrón 68

INFO:root:  Error lógico corregido en patrón 69

INFO:root:  Error lógico corregido en patrón 86

INFO:root:  Error lógico corregido en patrón 89

INFO:root:  Error lógico corregido en patrón 97

INFO:root:  Error lógico corregido en patrón 101

INFO:root:  Error lógico corregido en patrón 114

INFO:root:  Error lógico corregido en patrón 122

INFO:root:  Error lógico corregido en patrón 123

INFO:root:  Error lógico corregido en patrón 127

INFO:root:  Error lógico corregido en patrón 154

INFO:root:  Error lógico corregido en patrón 155

INFO:root:  Error lógico corregido en patrón 164

INFO:root:  Error lógico corregido en patrón 169

INFO:root:  Error lógico corregido en patrón 173

INFO:root:  Error lógico corregido en patrón 183

INFO:root:  Error lógico corregido en patrón 189

INFO:root:  Error lógico corregido en patrón 192

INFO:root:  Error lógico corregido en patrón 206

INFO:root:  Error lógico corregido en patrón 207

INFO:root:  Error lógico corregido en patrón 212

INFO:root:  Error lógico corregido en patrón 213

INFO:root:  Error lógico corregido en patrón 225

INFO:root:  Error lógico corregido en patrón 229

INFO:root:  Error lógico corregido en patrón 230

INFO:root:  Error lógico corregido en patrón 237

INFO:root:  Error lógico corregido en patrón 244

INFO:root:  Error lógico corregido en patrón 251

INFO:root:  Error lógico corregido en patrón 256

INFO:root:  Error lógico corregido en patrón 259

INFO:root:  Error lógico corregido en patrón 270

INFO:root:  Error lógico corregido en patrón 298

INFO:root:  Error lógico corregido en patrón 302

INFO:root:  Error lógico corregido en patrón 303

INFO:root:  Error lógico corregido en patrón 307

INFO:root:  Error lógico corregido en patrón 323

INFO:root:  Error lógico corregido en patrón 330

INFO:root:  Error lógico corregido en patrón 337

INFO:root:  Error lógico corregido en patrón 338

INFO:root:  Error lógico corregido en patrón 348

INFO:root:  Error lógico corregido en patrón 354

INFO:root:  Error lógico corregido en patrón 356

INFO:root:  Error lógico corregido en patrón 372

INFO:root:  Error lógico corregido en patrón 390

INFO:root:  Error lógico corregido en patrón 394

INFO:root:  Error lógico corregido en patrón 422

INFO:root:  Error lógico corregido en patrón 423

INFO:root:  Error lógico corregido en patrón 429

INFO:root:  Error lógico corregido en patrón 430

INFO:root:  Error lógico corregido en patrón 434

INFO:root:  Error lógico corregido en patrón 436

INFO:root:  Error lógico corregido en patrón 441

INFO:root:  Error lógico corregido en patrón 446

INFO:root:  Error lógico corregido en patrón 459

INFO:root:  Error lógico corregido en patrón 493

INFO:root:Saving results to DynamoDB for id_nmc_batch: nmc_144_0c003_2, id_arguments: BP_28

INFO:root:Checking if table 'results_dynamodb' exists...

INFO:root:Table 'results_dynamodb' already exists.

INFO:root:Results saved to DynamoDB for id_nmc_batch: nmc_144_0c003_2

(λ: args_worker) RequestId: 9d3f9daa-4983-47cd-8f9c-7bb231ae74f0  Duration: 3789.13 ms  Billed Duration: 3790 ms
INFO:root:[OFFLINE] Lambda invoked successfully. HTTP code: 200

INFO:root:nmc_worker invoked with response: {'status': 'invoked'}
INFO:root:Invoking args_worker with event: {'id_nmc_batch': 'nmc_144_0c003_2', 'number_of_args_combinations_batches': 72, 'id_batch_arguments': 28}
INFO:root:[OFFLINE] Invoking lambda 'args_worker' at http://localhost:3000/dev/args_worker with payload: {'id_nmc_batch': 'nmc_144_0c003_2', 'number_of_args_combinations_batches': 72, 'id_batch_arguments': 29}



POST /dev/args_worker (λ: args_worker)
INFO:root:Event received in args_worker lambda_handler

INFO:root:codeConfig: 144, p: 0.003

INFO:root:Config with codeConfig 144 loaded

INFO:root:Bivariate bicycle code created

INFO:root:Circuit built

INFO:root:Detector error model built

INFO:root:Detector error model converted to check matrices

INFO:root:Successfully retrieved 1 arguments for id_batch_arguments: 29

INFO:root:Args variables loaded from DynamoDB

[32minfo[39m: um-cloud-data/detectors_observables/code_144/p_0c003/batch_2.json 200 1ms 3.12mb
INFO:root:Samples loaded from S3.

INFO:root:Downloading automorphism from S3: automorphisms/0.003/auto_29/data.pkl

[32minfo[39m: tum-cloud-data/automorphisms/0.003/auto_29/data.pkl 200 3ms 69.48mb
[32minfo[39m: um-cloud-data/automorphisms/0.003/auto_29/data.pkl 206 31ms 5.48mb
[32minfo[39m: um-cloud-data/automorphisms/0.003/auto_29/data.pkl 206 40ms 8mb
[32minfo[39m: um-cloud-data/automorphisms/0.003/auto_29/data.pkl 206 39ms 8mb
[32minfo[39m: um-cloud-data/automorphisms/0.003/auto_29/data.pkl 206 41ms 8mb
[32minfo[39m: um-cloud-data/automorphisms/0.003/auto_29/data.pkl 206 42ms 8mb
[32minfo[39m: um-cloud-data/automorphisms/0.003/auto_29/data.pkl 206 42ms 8mb
[32minfo[39m: um-cloud-data/automorphisms/0.003/auto_29/data.pkl 206 44ms 8mb
[32minfo[39m: um-cloud-data/automorphisms/0.003/auto_29/data.pkl 206 43ms 8mb
[32minfo[39m: um-cloud-data/automorphisms/0.003/auto_29/data.pkl 206 44ms 8mb
INFO:root:BP decoder initialized

INFO:root:Running 500 Monte Carlo trials

INFO:root:  Error lógico corregido en patrón 2

INFO:root:  Error lógico corregido en patrón 4

INFO:root:  Error lógico corregido en patrón 5

INFO:root:  Error lógico corregido en patrón 6

INFO:root:  Error lógico corregido en patrón 18

INFO:root:  Error lógico corregido en patrón 23

INFO:root:  Error lógico corregido en patrón 54

INFO:root:  Error lógico corregido en patrón 55

INFO:root:  Error lógico corregido en patrón 60

INFO:root:  Error lógico corregido en patrón 68

INFO:root:  Error lógico corregido en patrón 69

INFO:root:  Error lógico corregido en patrón 86

INFO:root:  Error lógico corregido en patrón 89

INFO:root:  Error lógico corregido en patrón 97

INFO:root:  Error lógico corregido en patrón 101

INFO:root:  Error lógico corregido en patrón 114

INFO:root:  Error lógico corregido en patrón 122

INFO:root:  Error lógico corregido en patrón 123

INFO:root:  Error lógico corregido en patrón 127

INFO:root:  Error lógico corregido en patrón 154

INFO:root:  Error lógico corregido en patrón 155

INFO:root:  Error lógico corregido en patrón 164

INFO:root:  Error lógico corregido en patrón 169

INFO:root:  Error lógico corregido en patrón 173

INFO:root:  Error lógico corregido en patrón 183

INFO:root:  Error lógico corregido en patrón 189

INFO:root:  Error lógico corregido en patrón 192

INFO:root:  Error lógico corregido en patrón 206

INFO:root:  Error lógico corregido en patrón 207

INFO:root:  Error lógico corregido en patrón 212

INFO:root:  Error lógico corregido en patrón 213

INFO:root:  Error lógico corregido en patrón 225

INFO:root:  Error lógico corregido en patrón 229

INFO:root:  Error lógico corregido en patrón 230

INFO:root:  Error lógico corregido en patrón 237

INFO:root:  Error lógico corregido en patrón 244

INFO:root:  Error lógico corregido en patrón 251

INFO:root:  Error lógico corregido en patrón 256

INFO:root:  Error lógico corregido en patrón 259

INFO:root:  Error lógico corregido en patrón 270

INFO:root:  Error lógico corregido en patrón 298

INFO:root:  Error lógico corregido en patrón 302

INFO:root:  Error lógico corregido en patrón 303

INFO:root:  Error lógico corregido en patrón 307

INFO:root:  Error lógico corregido en patrón 323

INFO:root:  Error lógico corregido en patrón 330

INFO:root:  Error lógico corregido en patrón 337

INFO:root:  Error lógico corregido en patrón 338

INFO:root:  Error lógico corregido en patrón 348

INFO:root:  Error lógico corregido en patrón 354

INFO:root:  Error lógico corregido en patrón 356

INFO:root:  Error lógico corregido en patrón 372

INFO:root:  Error lógico corregido en patrón 390

INFO:root:  Error lógico corregido en patrón 394

INFO:root:  Error lógico corregido en patrón 422

INFO:root:  Error lógico corregido en patrón 423

INFO:root:  Error lógico corregido en patrón 429

INFO:root:  Error lógico corregido en patrón 430

INFO:root:  Error lógico corregido en patrón 434

INFO:root:  Error lógico corregido en patrón 436

INFO:root:  Error lógico corregido en patrón 441

INFO:root:  Error lógico corregido en patrón 446

INFO:root:  Error lógico corregido en patrón 459

INFO:root:  Error lógico corregido en patrón 493

INFO:root:Saving results to DynamoDB for id_nmc_batch: nmc_144_0c003_2, id_arguments: BP_29

INFO:root:Checking if table 'results_dynamodb' exists...

INFO:root:Table 'results_dynamodb' already exists.

INFO:root:Results saved to DynamoDB for id_nmc_batch: nmc_144_0c003_2

(λ: args_worker) RequestId: 7b0bf56e-0867-4800-a580-9d8a9ad08090  Duration: 3794.25 ms  Billed Duration: 3795 ms
INFO:root:[OFFLINE] Lambda invoked successfully. HTTP code: 200

INFO:root:nmc_worker invoked with response: {'status': 'invoked'}
INFO:root:Invoking args_worker with event: {'id_nmc_batch': 'nmc_144_0c003_2', 'number_of_args_combinations_batches': 72, 'id_batch_arguments': 29}
INFO:root:[OFFLINE] Invoking lambda 'args_worker' at http://localhost:3000/dev/args_worker with payload: {'id_nmc_batch': 'nmc_144_0c003_2', 'number_of_args_combinations_batches': 72, 'id_batch_arguments': 30}



POST /dev/args_worker (λ: args_worker)
INFO:root:Event received in args_worker lambda_handler

INFO:root:codeConfig: 144, p: 0.003

INFO:root:Config with codeConfig 144 loaded

INFO:root:Bivariate bicycle code created

INFO:root:Circuit built

INFO:root:Detector error model built

INFO:root:Detector error model converted to check matrices

INFO:root:Successfully retrieved 1 arguments for id_batch_arguments: 30

INFO:root:Args variables loaded from DynamoDB

[32minfo[39m: um-cloud-data/detectors_observables/code_144/p_0c003/batch_2.json 200 1ms 3.12mb
INFO:root:Samples loaded from S3.

INFO:root:Downloading automorphism from S3: automorphisms/0.003/auto_30/data.pkl

[32minfo[39m: tum-cloud-data/automorphisms/0.003/auto_30/data.pkl 200 4ms 69.48mb
[32minfo[39m: um-cloud-data/automorphisms/0.003/auto_30/data.pkl 206 30ms 5.48mb
[32minfo[39m: um-cloud-data/automorphisms/0.003/auto_30/data.pkl 206 40ms 8mb
[32minfo[39m: um-cloud-data/automorphisms/0.003/auto_30/data.pkl 206 41ms 8mb
[32minfo[39m: um-cloud-data/automorphisms/0.003/auto_30/data.pkl 206 40ms 8mb
[32minfo[39m: um-cloud-data/automorphisms/0.003/auto_30/data.pkl 206 43ms 8mb
[32minfo[39m: um-cloud-data/automorphisms/0.003/auto_30/data.pkl 206 43ms 8mb
[32minfo[39m: um-cloud-data/automorphisms/0.003/auto_30/data.pkl 206 43ms 8mb
[32minfo[39m: um-cloud-data/automorphisms/0.003/auto_30/data.pkl 206 43ms 8mb
[32minfo[39m: um-cloud-data/automorphisms/0.003/auto_30/data.pkl 206 44ms 8mb
INFO:root:BP decoder initialized

INFO:root:Running 500 Monte Carlo trials

INFO:root:  Error lógico corregido en patrón 2

INFO:root:  Error lógico corregido en patrón 4

INFO:root:  Error lógico corregido en patrón 5

INFO:root:  Error lógico corregido en patrón 6

INFO:root:  Error lógico corregido en patrón 18

INFO:root:  Error lógico corregido en patrón 23

INFO:root:  Error lógico corregido en patrón 54

INFO:root:  Error lógico corregido en patrón 55

INFO:root:  Error lógico corregido en patrón 60

INFO:root:  Error lógico corregido en patrón 68

INFO:root:  Error lógico corregido en patrón 69

INFO:root:  Error lógico corregido en patrón 86

INFO:root:  Error lógico corregido en patrón 89

INFO:root:  Error lógico corregido en patrón 97

INFO:root:  Error lógico corregido en patrón 101

INFO:root:  Error lógico corregido en patrón 114

INFO:root:  Error lógico corregido en patrón 122

INFO:root:  Error lógico corregido en patrón 123

INFO:root:  Error lógico corregido en patrón 127

INFO:root:  Error lógico corregido en patrón 154

INFO:root:  Error lógico corregido en patrón 155

INFO:root:  Error lógico corregido en patrón 164

INFO:root:  Error lógico corregido en patrón 169

INFO:root:  Error lógico corregido en patrón 173

INFO:root:  Error lógico corregido en patrón 183

INFO:root:  Error lógico corregido en patrón 189

INFO:root:  Error lógico corregido en patrón 192

INFO:root:  Error lógico corregido en patrón 206

INFO:root:  Error lógico corregido en patrón 207

INFO:root:  Error lógico corregido en patrón 212

INFO:root:  Error lógico corregido en patrón 213

INFO:root:  Error lógico corregido en patrón 225

INFO:root:  Error lógico corregido en patrón 229

INFO:root:  Error lógico corregido en patrón 230

INFO:root:  Error lógico corregido en patrón 237

INFO:root:  Error lógico corregido en patrón 244

INFO:root:  Error lógico corregido en patrón 251

INFO:root:  Error lógico corregido en patrón 256

INFO:root:  Error lógico corregido en patrón 259

INFO:root:  Error lógico corregido en patrón 270

INFO:root:  Error lógico corregido en patrón 298

INFO:root:  Error lógico corregido en patrón 302

INFO:root:  Error lógico corregido en patrón 303

INFO:root:  Error lógico corregido en patrón 307

INFO:root:  Error lógico corregido en patrón 323

INFO:root:  Error lógico corregido en patrón 330

INFO:root:  Error lógico corregido en patrón 337

INFO:root:  Error lógico corregido en patrón 338

INFO:root:  Error lógico corregido en patrón 348

INFO:root:  Error lógico corregido en patrón 354

INFO:root:  Error lógico corregido en patrón 356

INFO:root:  Error lógico corregido en patrón 372

INFO:root:  Error lógico corregido en patrón 390

INFO:root:  Error lógico corregido en patrón 394

INFO:root:  Error lógico corregido en patrón 422

INFO:root:  Error lógico corregido en patrón 423

INFO:root:  Error lógico corregido en patrón 429

INFO:root:  Error lógico corregido en patrón 430

INFO:root:  Error lógico corregido en patrón 434

INFO:root:  Error lógico corregido en patrón 436

INFO:root:  Error lógico corregido en patrón 441

INFO:root:  Error lógico corregido en patrón 446

INFO:root:  Error lógico corregido en patrón 459

INFO:root:  Error lógico corregido en patrón 493

INFO:root:Saving results to DynamoDB for id_nmc_batch: nmc_144_0c003_2, id_arguments: BP_30

INFO:root:Checking if table 'results_dynamodb' exists...

INFO:root:Table 'results_dynamodb' already exists.

INFO:root:Results saved to DynamoDB for id_nmc_batch: nmc_144_0c003_2

(λ: args_worker) RequestId: 13fe7f22-d58f-4843-bd10-c0f078746dd0  Duration: 3780.73 ms  Billed Duration: 3781 ms
INFO:root:[OFFLINE] Lambda invoked successfully. HTTP code: 200

INFO:root:nmc_worker invoked with response: {'status': 'invoked'}
INFO:root:Invoking args_worker with event: {'id_nmc_batch': 'nmc_144_0c003_2', 'number_of_args_combinations_batches': 72, 'id_batch_arguments': 30}
INFO:root:[OFFLINE] Invoking lambda 'args_worker' at http://localhost:3000/dev/args_worker with payload: {'id_nmc_batch': 'nmc_144_0c003_2', 'number_of_args_combinations_batches': 72, 'id_batch_arguments': 31}



POST /dev/args_worker (λ: args_worker)
INFO:root:Event received in args_worker lambda_handler

INFO:root:codeConfig: 144, p: 0.003

INFO:root:Config with codeConfig 144 loaded

INFO:root:Bivariate bicycle code created

INFO:root:Circuit built

INFO:root:Detector error model built

INFO:root:Detector error model converted to check matrices

INFO:root:Successfully retrieved 1 arguments for id_batch_arguments: 31

INFO:root:Args variables loaded from DynamoDB

[32minfo[39m: um-cloud-data/detectors_observables/code_144/p_0c003/batch_2.json 200 2ms 3.12mb
INFO:root:Samples loaded from S3.

INFO:root:Downloading automorphism from S3: automorphisms/0.003/auto_31/data.pkl

[32minfo[39m: tum-cloud-data/automorphisms/0.003/auto_31/data.pkl 200 3ms 69.48mb
[32minfo[39m: um-cloud-data/automorphisms/0.003/auto_31/data.pkl 206 26ms 5.48mb
[32minfo[39m: um-cloud-data/automorphisms/0.003/auto_31/data.pkl 206 39ms 8mb
[32minfo[39m: um-cloud-data/automorphisms/0.003/auto_31/data.pkl 206 40ms 8mb
[32minfo[39m: um-cloud-data/automorphisms/0.003/auto_31/data.pkl 206 40ms 8mb
[32minfo[39m: um-cloud-data/automorphisms/0.003/auto_31/data.pkl 206 40ms 8mb
[32minfo[39m: um-cloud-data/automorphisms/0.003/auto_31/data.pkl 206 42ms 8mb
[32minfo[39m: um-cloud-data/automorphisms/0.003/auto_31/data.pkl 206 42ms 8mb
[32minfo[39m: um-cloud-data/automorphisms/0.003/auto_31/data.pkl 206 41ms 8mb
[32minfo[39m: um-cloud-data/automorphisms/0.003/auto_31/data.pkl 206 43ms 8mb
INFO:root:BP decoder initialized

INFO:root:Running 500 Monte Carlo trials

INFO:root:  Error lógico corregido en patrón 2

INFO:root:  Error lógico corregido en patrón 4

INFO:root:  Error lógico corregido en patrón 5

INFO:root:  Error lógico corregido en patrón 6

INFO:root:  Error lógico corregido en patrón 18

INFO:root:  Error lógico corregido en patrón 23

INFO:root:  Error lógico corregido en patrón 54

INFO:root:  Error lógico corregido en patrón 55

INFO:root:  Error lógico corregido en patrón 60

INFO:root:  Error lógico corregido en patrón 68

INFO:root:  Error lógico corregido en patrón 69

INFO:root:  Error lógico corregido en patrón 86

INFO:root:  Error lógico corregido en patrón 89

INFO:root:  Error lógico corregido en patrón 97

INFO:root:  Error lógico corregido en patrón 101

INFO:root:  Error lógico corregido en patrón 114

INFO:root:  Error lógico corregido en patrón 122

INFO:root:  Error lógico corregido en patrón 123

INFO:root:  Error lógico corregido en patrón 127

INFO:root:  Error lógico corregido en patrón 154

INFO:root:  Error lógico corregido en patrón 155

INFO:root:  Error lógico corregido en patrón 164

INFO:root:  Error lógico corregido en patrón 169

INFO:root:  Error lógico corregido en patrón 173

INFO:root:  Error lógico corregido en patrón 183

INFO:root:  Error lógico corregido en patrón 189

INFO:root:  Error lógico corregido en patrón 192

INFO:root:  Error lógico corregido en patrón 206

INFO:root:  Error lógico corregido en patrón 207

INFO:root:  Error lógico corregido en patrón 212

INFO:root:  Error lógico corregido en patrón 213

INFO:root:  Error lógico corregido en patrón 225

INFO:root:  Error lógico corregido en patrón 229

INFO:root:  Error lógico corregido en patrón 230

INFO:root:  Error lógico corregido en patrón 237

INFO:root:  Error lógico corregido en patrón 244

INFO:root:  Error lógico corregido en patrón 251

INFO:root:  Error lógico corregido en patrón 256

INFO:root:  Error lógico corregido en patrón 259

INFO:root:  Error lógico corregido en patrón 270

INFO:root:  Error lógico corregido en patrón 298

INFO:root:  Error lógico corregido en patrón 302

INFO:root:  Error lógico corregido en patrón 303

INFO:root:  Error lógico corregido en patrón 307

INFO:root:  Error lógico corregido en patrón 323

INFO:root:  Error lógico corregido en patrón 330

INFO:root:  Error lógico corregido en patrón 337

INFO:root:  Error lógico corregido en patrón 338

INFO:root:  Error lógico corregido en patrón 348

INFO:root:  Error lógico corregido en patrón 354

INFO:root:  Error lógico corregido en patrón 356

INFO:root:  Error lógico corregido en patrón 369

INFO:root:  Error lógico corregido en patrón 372

INFO:root:  Error lógico corregido en patrón 390

INFO:root:  Error lógico corregido en patrón 394

INFO:root:  Error lógico corregido en patrón 422

INFO:root:  Error lógico corregido en patrón 423

INFO:root:  Error lógico corregido en patrón 429

INFO:root:  Error lógico corregido en patrón 430

INFO:root:  Error lógico corregido en patrón 434

INFO:root:  Error lógico corregido en patrón 436

INFO:root:  Error lógico corregido en patrón 441

INFO:root:  Error lógico corregido en patrón 446

INFO:root:  Error lógico corregido en patrón 459

INFO:root:  Error lógico corregido en patrón 493

INFO:root:Saving results to DynamoDB for id_nmc_batch: nmc_144_0c003_2, id_arguments: BP_31

INFO:root:Checking if table 'results_dynamodb' exists...

INFO:root:Table 'results_dynamodb' already exists.

INFO:root:Results saved to DynamoDB for id_nmc_batch: nmc_144_0c003_2

(λ: args_worker) RequestId: 05ef710e-13ff-45db-b42e-02c6474aba9b  Duration: 3815.02 ms  Billed Duration: 3816 ms
INFO:root:[OFFLINE] Lambda invoked successfully. HTTP code: 200

INFO:root:nmc_worker invoked with response: {'status': 'invoked'}
INFO:root:Invoking args_worker with event: {'id_nmc_batch': 'nmc_144_0c003_2', 'number_of_args_combinations_batches': 72, 'id_batch_arguments': 31}
INFO:root:[OFFLINE] Invoking lambda 'args_worker' at http://localhost:3000/dev/args_worker with payload: {'id_nmc_batch': 'nmc_144_0c003_2', 'number_of_args_combinations_batches': 72, 'id_batch_arguments': 32}



POST /dev/args_worker (λ: args_worker)
INFO:root:Event received in args_worker lambda_handler

INFO:root:codeConfig: 144, p: 0.003

INFO:root:Config with codeConfig 144 loaded

INFO:root:Bivariate bicycle code created

INFO:root:Circuit built

INFO:root:Detector error model built

INFO:root:Detector error model converted to check matrices

INFO:root:Successfully retrieved 1 arguments for id_batch_arguments: 32

INFO:root:Args variables loaded from DynamoDB

[32minfo[39m: um-cloud-data/detectors_observables/code_144/p_0c003/batch_2.json 200 2ms 3.12mb
INFO:root:Samples loaded from S3.

INFO:root:Downloading automorphism from S3: automorphisms/0.003/auto_32/data.pkl

[32minfo[39m: tum-cloud-data/automorphisms/0.003/auto_32/data.pkl 200 3ms 69.48mb
[32minfo[39m: um-cloud-data/automorphisms/0.003/auto_32/data.pkl 206 27ms 5.48mb
[32minfo[39m: um-cloud-data/automorphisms/0.003/auto_32/data.pkl 206 36ms 8mb
[32minfo[39m: um-cloud-data/automorphisms/0.003/auto_32/data.pkl 206 37ms 8mb
[32minfo[39m: um-cloud-data/automorphisms/0.003/auto_32/data.pkl 206 40ms 8mb
[32minfo[39m: um-cloud-data/automorphisms/0.003/auto_32/data.pkl 206 38ms 8mb
[32minfo[39m: um-cloud-data/automorphisms/0.003/auto_32/data.pkl 206 39ms 8mb
[32minfo[39m: um-cloud-data/automorphisms/0.003/auto_32/data.pkl 206 39ms 8mb
[32minfo[39m: um-cloud-data/automorphisms/0.003/auto_32/data.pkl 206 40ms 8mb
[32minfo[39m: um-cloud-data/automorphisms/0.003/auto_32/data.pkl 206 39ms 8mb
INFO:root:BP decoder initialized

INFO:root:Running 500 Monte Carlo trials

INFO:root:  Error lógico corregido en patrón 2

INFO:root:  Error lógico corregido en patrón 4

INFO:root:  Error lógico corregido en patrón 5

INFO:root:  Error lógico corregido en patrón 6

INFO:root:  Error lógico corregido en patrón 18

INFO:root:  Error lógico corregido en patrón 23

INFO:root:  Error lógico corregido en patrón 54

INFO:root:  Error lógico corregido en patrón 55

INFO:root:  Error lógico corregido en patrón 60

INFO:root:  Error lógico corregido en patrón 68

INFO:root:  Error lógico corregido en patrón 69

INFO:root:  Error lógico corregido en patrón 86

INFO:root:  Error lógico corregido en patrón 89

INFO:root:  Error lógico corregido en patrón 97

INFO:root:  Error lógico corregido en patrón 101

INFO:root:  Error lógico corregido en patrón 114

INFO:root:  Error lógico corregido en patrón 122

INFO:root:  Error lógico corregido en patrón 123

INFO:root:  Error lógico corregido en patrón 127

INFO:root:  Error lógico corregido en patrón 154

INFO:root:  Error lógico corregido en patrón 155

INFO:root:  Error lógico corregido en patrón 164

INFO:root:  Error lógico corregido en patrón 169

INFO:root:  Error lógico corregido en patrón 173

INFO:root:  Error lógico corregido en patrón 183

INFO:root:  Error lógico corregido en patrón 189

INFO:root:  Error lógico corregido en patrón 192

INFO:root:  Error lógico corregido en patrón 206

INFO:root:  Error lógico corregido en patrón 207

INFO:root:  Error lógico corregido en patrón 212

INFO:root:  Error lógico corregido en patrón 213

INFO:root:  Error lógico corregido en patrón 225

INFO:root:  Error lógico corregido en patrón 229

INFO:root:  Error lógico corregido en patrón 230

INFO:root:  Error lógico corregido en patrón 237

INFO:root:  Error lógico corregido en patrón 244

INFO:root:  Error lógico corregido en patrón 251

INFO:root:  Error lógico corregido en patrón 256

INFO:root:  Error lógico corregido en patrón 259

INFO:root:  Error lógico corregido en patrón 270

INFO:root:  Error lógico corregido en patrón 298

INFO:root:  Error lógico corregido en patrón 302

INFO:root:  Error lógico corregido en patrón 303

INFO:root:  Error lógico corregido en patrón 307

INFO:root:  Error lógico corregido en patrón 323

INFO:root:  Error lógico corregido en patrón 330

INFO:root:  Error lógico corregido en patrón 337

INFO:root:  Error lógico corregido en patrón 338

INFO:root:  Error lógico corregido en patrón 348

INFO:root:  Error lógico corregido en patrón 354

INFO:root:  Error lógico corregido en patrón 356

INFO:root:  Error lógico corregido en patrón 369

INFO:root:  Error lógico corregido en patrón 372

INFO:root:  Error lógico corregido en patrón 390

INFO:root:  Error lógico corregido en patrón 394

INFO:root:  Error lógico corregido en patrón 422

INFO:root:  Error lógico corregido en patrón 423

INFO:root:  Error lógico corregido en patrón 429

INFO:root:  Error lógico corregido en patrón 430

INFO:root:  Error lógico corregido en patrón 434

INFO:root:  Error lógico corregido en patrón 436

INFO:root:  Error lógico corregido en patrón 441

INFO:root:  Error lógico corregido en patrón 446

INFO:root:  Error lógico corregido en patrón 459

INFO:root:  Error lógico corregido en patrón 493

INFO:root:Saving results to DynamoDB for id_nmc_batch: nmc_144_0c003_2, id_arguments: BP_32

INFO:root:Checking if table 'results_dynamodb' exists...

INFO:root:Table 'results_dynamodb' already exists.

INFO:root:Results saved to DynamoDB for id_nmc_batch: nmc_144_0c003_2

(λ: args_worker) RequestId: 92d50a8a-841c-4a34-a0c0-83684a9e707b  Duration: 3824.06 ms  Billed Duration: 3825 ms
INFO:root:[OFFLINE] Lambda invoked successfully. HTTP code: 200

INFO:root:nmc_worker invoked with response: {'status': 'invoked'}
INFO:root:Invoking args_worker with event: {'id_nmc_batch': 'nmc_144_0c003_2', 'number_of_args_combinations_batches': 72, 'id_batch_arguments': 32}
INFO:root:[OFFLINE] Invoking lambda 'args_worker' at http://localhost:3000/dev/args_worker with payload: {'id_nmc_batch': 'nmc_144_0c003_2', 'number_of_args_combinations_batches': 72, 'id_batch_arguments': 33}



POST /dev/args_worker (λ: args_worker)
INFO:root:Event received in args_worker lambda_handler

INFO:root:codeConfig: 144, p: 0.003

INFO:root:Config with codeConfig 144 loaded

INFO:root:Bivariate bicycle code created

INFO:root:Circuit built

INFO:root:Detector error model built

INFO:root:Detector error model converted to check matrices

INFO:root:Successfully retrieved 1 arguments for id_batch_arguments: 33

INFO:root:Args variables loaded from DynamoDB

[32minfo[39m: um-cloud-data/detectors_observables/code_144/p_0c003/batch_2.json 200 2ms 3.12mb
INFO:root:Samples loaded from S3.

INFO:root:Downloading automorphism from S3: automorphisms/0.003/auto_33/data.pkl

[32minfo[39m: tum-cloud-data/automorphisms/0.003/auto_33/data.pkl 200 3ms 69.48mb
[32minfo[39m: um-cloud-data/automorphisms/0.003/auto_33/data.pkl 206 29ms 5.48mb
[32minfo[39m: um-cloud-data/automorphisms/0.003/auto_33/data.pkl 206 39ms 8mb
[32minfo[39m: um-cloud-data/automorphisms/0.003/auto_33/data.pkl 206 39ms 8mb
[32minfo[39m: um-cloud-data/automorphisms/0.003/auto_33/data.pkl 206 39ms 8mb
[32minfo[39m: um-cloud-data/automorphisms/0.003/auto_33/data.pkl 206 40ms 8mb
[32minfo[39m: um-cloud-data/automorphisms/0.003/auto_33/data.pkl 206 40ms 8mb
[32minfo[39m: um-cloud-data/automorphisms/0.003/auto_33/data.pkl 206 40ms 8mb
[32minfo[39m: um-cloud-data/automorphisms/0.003/auto_33/data.pkl 206 41ms 8mb
[32minfo[39m: um-cloud-data/automorphisms/0.003/auto_33/data.pkl 206 42ms 8mb
INFO:root:BP decoder initialized

INFO:root:Running 500 Monte Carlo trials

INFO:root:  Error lógico corregido en patrón 2

INFO:root:  Error lógico corregido en patrón 4

INFO:root:  Error lógico corregido en patrón 5

INFO:root:  Error lógico corregido en patrón 6

INFO:root:  Error lógico corregido en patrón 18

INFO:root:  Error lógico corregido en patrón 23

INFO:root:  Error lógico corregido en patrón 54

INFO:root:  Error lógico corregido en patrón 55

INFO:root:  Error lógico corregido en patrón 60

INFO:root:  Error lógico corregido en patrón 68

INFO:root:  Error lógico corregido en patrón 69

INFO:root:  Error lógico corregido en patrón 86

INFO:root:  Error lógico corregido en patrón 89

INFO:root:  Error lógico corregido en patrón 97

INFO:root:  Error lógico corregido en patrón 101

INFO:root:  Error lógico corregido en patrón 114

INFO:root:  Error lógico corregido en patrón 122

INFO:root:  Error lógico corregido en patrón 123

INFO:root:  Error lógico corregido en patrón 127

INFO:root:  Error lógico corregido en patrón 154

INFO:root:  Error lógico corregido en patrón 155

INFO:root:  Error lógico corregido en patrón 164

INFO:root:  Error lógico corregido en patrón 169

INFO:root:  Error lógico corregido en patrón 173

INFO:root:  Error lógico corregido en patrón 183

INFO:root:  Error lógico corregido en patrón 189

INFO:root:  Error lógico corregido en patrón 192

INFO:root:  Error lógico corregido en patrón 206

INFO:root:  Error lógico corregido en patrón 207

INFO:root:  Error lógico corregido en patrón 212

INFO:root:  Error lógico corregido en patrón 213

INFO:root:  Error lógico corregido en patrón 225

INFO:root:  Error lógico corregido en patrón 229

INFO:root:  Error lógico corregido en patrón 230

INFO:root:  Error lógico corregido en patrón 237

INFO:root:  Error lógico corregido en patrón 244

INFO:root:  Error lógico corregido en patrón 251

INFO:root:  Error lógico corregido en patrón 256

INFO:root:  Error lógico corregido en patrón 259

INFO:root:  Error lógico corregido en patrón 270

INFO:root:  Error lógico corregido en patrón 298

INFO:root:  Error lógico corregido en patrón 302

INFO:root:  Error lógico corregido en patrón 303

INFO:root:  Error lógico corregido en patrón 307

INFO:root:  Error lógico corregido en patrón 323

INFO:root:  Error lógico corregido en patrón 330

INFO:root:  Error lógico corregido en patrón 337

INFO:root:  Error lógico corregido en patrón 338

INFO:root:  Error lógico corregido en patrón 348

INFO:root:  Error lógico corregido en patrón 354

INFO:root:  Error lógico corregido en patrón 356

INFO:root:  Error lógico corregido en patrón 369

INFO:root:  Error lógico corregido en patrón 372

INFO:root:  Error lógico corregido en patrón 390

INFO:root:  Error lógico corregido en patrón 394

INFO:root:  Error lógico corregido en patrón 422

INFO:root:  Error lógico corregido en patrón 423

INFO:root:  Error lógico corregido en patrón 429

INFO:root:  Error lógico corregido en patrón 430

INFO:root:  Error lógico corregido en patrón 434

INFO:root:  Error lógico corregido en patrón 436

INFO:root:  Error lógico corregido en patrón 441

INFO:root:  Error lógico corregido en patrón 446

INFO:root:  Error lógico corregido en patrón 459

INFO:root:  Error lógico corregido en patrón 493

INFO:root:Saving results to DynamoDB for id_nmc_batch: nmc_144_0c003_2, id_arguments: BP_33

INFO:root:Checking if table 'results_dynamodb' exists...

INFO:root:Table 'results_dynamodb' already exists.

INFO:root:Results saved to DynamoDB for id_nmc_batch: nmc_144_0c003_2

(λ: args_worker) RequestId: 7749e05d-f468-4abe-8e37-d4423a0cec3e  Duration: 3774.44 ms  Billed Duration: 3775 ms
INFO:root:[OFFLINE] Lambda invoked successfully. HTTP code: 200

INFO:root:nmc_worker invoked with response: {'status': 'invoked'}
INFO:root:Invoking args_worker with event: {'id_nmc_batch': 'nmc_144_0c003_2', 'number_of_args_combinations_batches': 72, 'id_batch_arguments': 33}
INFO:root:[OFFLINE] Invoking lambda 'args_worker' at http://localhost:3000/dev/args_worker with payload: {'id_nmc_batch': 'nmc_144_0c003_2', 'number_of_args_combinations_batches': 72, 'id_batch_arguments': 34}



POST /dev/args_worker (λ: args_worker)
INFO:root:Event received in args_worker lambda_handler

INFO:root:codeConfig: 144, p: 0.003

INFO:root:Config with codeConfig 144 loaded

INFO:root:Bivariate bicycle code created

INFO:root:Circuit built

INFO:root:Detector error model built

INFO:root:Detector error model converted to check matrices

INFO:root:Successfully retrieved 1 arguments for id_batch_arguments: 34

INFO:root:Args variables loaded from DynamoDB

[32minfo[39m: um-cloud-data/detectors_observables/code_144/p_0c003/batch_2.json 200 2ms 3.12mb
INFO:root:Samples loaded from S3.

INFO:root:Downloading automorphism from S3: automorphisms/0.003/auto_34/data.pkl

[32minfo[39m: tum-cloud-data/automorphisms/0.003/auto_34/data.pkl 200 3ms 69.48mb
[32minfo[39m: um-cloud-data/automorphisms/0.003/auto_34/data.pkl 206 29ms 5.48mb
[32minfo[39m: um-cloud-data/automorphisms/0.003/auto_34/data.pkl 206 41ms 8mb
[32minfo[39m: um-cloud-data/automorphisms/0.003/auto_34/data.pkl 206 39ms 8mb
[32minfo[39m: um-cloud-data/automorphisms/0.003/auto_34/data.pkl 206 40ms 8mb
[32minfo[39m: um-cloud-data/automorphisms/0.003/auto_34/data.pkl 206 40ms 8mb
[32minfo[39m: um-cloud-data/automorphisms/0.003/auto_34/data.pkl 206 41ms 8mb
[32minfo[39m: um-cloud-data/automorphisms/0.003/auto_34/data.pkl 206 42ms 8mb
[32minfo[39m: um-cloud-data/automorphisms/0.003/auto_34/data.pkl 206 41ms 8mb
[32minfo[39m: um-cloud-data/automorphisms/0.003/auto_34/data.pkl 206 42ms 8mb
INFO:root:BP decoder initialized

INFO:root:Running 500 Monte Carlo trials

INFO:root:  Error lógico corregido en patrón 2

INFO:root:  Error lógico corregido en patrón 4

INFO:root:  Error lógico corregido en patrón 5

INFO:root:  Error lógico corregido en patrón 6

INFO:root:  Error lógico corregido en patrón 18

INFO:root:  Error lógico corregido en patrón 23

INFO:root:  Error lógico corregido en patrón 24

INFO:root:  Error lógico corregido en patrón 54

INFO:root:  Error lógico corregido en patrón 55

INFO:root:  Error lógico corregido en patrón 60

INFO:root:  Error lógico corregido en patrón 68

INFO:root:  Error lógico corregido en patrón 69

INFO:root:  Error lógico corregido en patrón 86

INFO:root:  Error lógico corregido en patrón 89

INFO:root:  Error lógico corregido en patrón 97

INFO:root:  Error lógico corregido en patrón 101

INFO:root:  Error lógico corregido en patrón 114

INFO:root:  Error lógico corregido en patrón 122

INFO:root:  Error lógico corregido en patrón 123

INFO:root:  Error lógico corregido en patrón 127

INFO:root:  Error lógico corregido en patrón 154

INFO:root:  Error lógico corregido en patrón 155

INFO:root:  Error lógico corregido en patrón 164

INFO:root:  Error lógico corregido en patrón 169

INFO:root:  Error lógico corregido en patrón 173

INFO:root:  Error lógico corregido en patrón 183

INFO:root:  Error lógico corregido en patrón 189

INFO:root:  Error lógico corregido en patrón 192

INFO:root:  Error lógico corregido en patrón 206

INFO:root:  Error lógico corregido en patrón 207

INFO:root:  Error lógico corregido en patrón 212

INFO:root:  Error lógico corregido en patrón 213

INFO:root:  Error lógico corregido en patrón 225

INFO:root:  Error lógico corregido en patrón 229

INFO:root:  Error lógico corregido en patrón 230

INFO:root:  Error lógico corregido en patrón 237

INFO:root:  Error lógico corregido en patrón 244

INFO:root:  Error lógico corregido en patrón 251

INFO:root:  Error lógico corregido en patrón 256

INFO:root:  Error lógico corregido en patrón 259

INFO:root:  Error lógico corregido en patrón 270

INFO:root:  Error lógico corregido en patrón 298

INFO:root:  Error lógico corregido en patrón 302

INFO:root:  Error lógico corregido en patrón 303

INFO:root:  Error lógico corregido en patrón 307

INFO:root:  Error lógico corregido en patrón 323

INFO:root:  Error lógico corregido en patrón 330

INFO:root:  Error lógico corregido en patrón 337

INFO:root:  Error lógico corregido en patrón 338

INFO:root:  Error lógico corregido en patrón 348

INFO:root:  Error lógico corregido en patrón 354

INFO:root:  Error lógico corregido en patrón 356

INFO:root:  Error lógico corregido en patrón 372

INFO:root:  Error lógico corregido en patrón 390

INFO:root:  Error lógico corregido en patrón 394

INFO:root:  Error lógico corregido en patrón 422

INFO:root:  Error lógico corregido en patrón 423

INFO:root:  Error lógico corregido en patrón 429

INFO:root:  Error lógico corregido en patrón 430

INFO:root:  Error lógico corregido en patrón 434

INFO:root:  Error lógico corregido en patrón 436

INFO:root:  Error lógico corregido en patrón 441

INFO:root:  Error lógico corregido en patrón 446

INFO:root:  Error lógico corregido en patrón 459

INFO:root:  Error lógico corregido en patrón 493

INFO:root:Saving results to DynamoDB for id_nmc_batch: nmc_144_0c003_2, id_arguments: BP_34

INFO:root:Checking if table 'results_dynamodb' exists...

INFO:root:Table 'results_dynamodb' already exists.

INFO:root:Results saved to DynamoDB for id_nmc_batch: nmc_144_0c003_2

(λ: args_worker) RequestId: 05e8b614-f923-48c7-b9f8-10382ba37708  Duration: 3787.09 ms  Billed Duration: 3788 ms
INFO:root:[OFFLINE] Lambda invoked successfully. HTTP code: 200

INFO:root:nmc_worker invoked with response: {'status': 'invoked'}
INFO:root:Invoking args_worker with event: {'id_nmc_batch': 'nmc_144_0c003_2', 'number_of_args_combinations_batches': 72, 'id_batch_arguments': 34}
INFO:root:[OFFLINE] Invoking lambda 'args_worker' at http://localhost:3000/dev/args_worker with payload: {'id_nmc_batch': 'nmc_144_0c003_2', 'number_of_args_combinations_batches': 72, 'id_batch_arguments': 35}



POST /dev/args_worker (λ: args_worker)
INFO:root:Event received in args_worker lambda_handler

INFO:root:codeConfig: 144, p: 0.003

INFO:root:Config with codeConfig 144 loaded

INFO:root:Bivariate bicycle code created

INFO:root:Circuit built

INFO:root:Detector error model built

INFO:root:Detector error model converted to check matrices

INFO:root:Successfully retrieved 1 arguments for id_batch_arguments: 35

INFO:root:Args variables loaded from DynamoDB

[32minfo[39m: um-cloud-data/detectors_observables/code_144/p_0c003/batch_2.json 200 2ms 3.12mb
INFO:root:Samples loaded from S3.

INFO:root:Downloading automorphism from S3: automorphisms/0.003/auto_35/data.pkl

[32minfo[39m: tum-cloud-data/automorphisms/0.003/auto_35/data.pkl 200 3ms 69.48mb
[32minfo[39m: um-cloud-data/automorphisms/0.003/auto_35/data.pkl 206 30ms 5.48mb
[32minfo[39m: um-cloud-data/automorphisms/0.003/auto_35/data.pkl 206 40ms 8mb
[32minfo[39m: um-cloud-data/automorphisms/0.003/auto_35/data.pkl 206 43ms 8mb
[32minfo[39m: um-cloud-data/automorphisms/0.003/auto_35/data.pkl 206 44ms 8mb
[32minfo[39m: um-cloud-data/automorphisms/0.003/auto_35/data.pkl 206 44ms 8mb
[32minfo[39m: um-cloud-data/automorphisms/0.003/auto_35/data.pkl 206 44ms 8mb
[32minfo[39m: um-cloud-data/automorphisms/0.003/auto_35/data.pkl 206 44ms 8mb
[32minfo[39m: um-cloud-data/automorphisms/0.003/auto_35/data.pkl 206 44ms 8mb
[32minfo[39m: um-cloud-data/automorphisms/0.003/auto_35/data.pkl 206 44ms 8mb
INFO:root:BP decoder initialized

INFO:root:Running 500 Monte Carlo trials

INFO:root:  Error lógico corregido en patrón 2

INFO:root:  Error lógico corregido en patrón 4

INFO:root:  Error lógico corregido en patrón 5

INFO:root:  Error lógico corregido en patrón 6

INFO:root:  Error lógico corregido en patrón 18

INFO:root:  Error lógico corregido en patrón 23

INFO:root:  Error lógico corregido en patrón 54

INFO:root:  Error lógico corregido en patrón 55

INFO:root:  Error lógico corregido en patrón 60

INFO:root:  Error lógico corregido en patrón 68

INFO:root:  Error lógico corregido en patrón 69

INFO:root:  Error lógico corregido en patrón 86

INFO:root:  Error lógico corregido en patrón 89

INFO:root:  Error lógico corregido en patrón 97

INFO:root:  Error lógico corregido en patrón 101

INFO:root:  Error lógico corregido en patrón 114

INFO:root:  Error lógico corregido en patrón 122

INFO:root:  Error lógico corregido en patrón 123

INFO:root:  Error lógico corregido en patrón 127

INFO:root:  Error lógico corregido en patrón 154

INFO:root:  Error lógico corregido en patrón 155

INFO:root:  Error lógico corregido en patrón 164

INFO:root:  Error lógico corregido en patrón 169

INFO:root:  Error lógico corregido en patrón 173

INFO:root:  Error lógico corregido en patrón 183

INFO:root:  Error lógico corregido en patrón 189

INFO:root:  Error lógico corregido en patrón 192

INFO:root:  Error lógico corregido en patrón 206

INFO:root:  Error lógico corregido en patrón 207

INFO:root:  Error lógico corregido en patrón 212

INFO:root:  Error lógico corregido en patrón 213

INFO:root:  Error lógico corregido en patrón 225

INFO:root:  Error lógico corregido en patrón 229

INFO:root:  Error lógico corregido en patrón 230

INFO:root:  Error lógico corregido en patrón 237

INFO:root:  Error lógico corregido en patrón 244

INFO:root:  Error lógico corregido en patrón 251

INFO:root:  Error lógico corregido en patrón 256

INFO:root:  Error lógico corregido en patrón 259

INFO:root:  Error lógico corregido en patrón 270

INFO:root:  Error lógico corregido en patrón 298

INFO:root:  Error lógico corregido en patrón 302

INFO:root:  Error lógico corregido en patrón 303

INFO:root:  Error lógico corregido en patrón 307

INFO:root:  Error lógico corregido en patrón 323

INFO:root:  Error lógico corregido en patrón 330

INFO:root:  Error lógico corregido en patrón 337

INFO:root:  Error lógico corregido en patrón 338

INFO:root:  Error lógico corregido en patrón 348

INFO:root:  Error lógico corregido en patrón 354

INFO:root:  Error lógico corregido en patrón 356

INFO:root:  Error lógico corregido en patrón 372

INFO:root:  Error lógico corregido en patrón 390

INFO:root:  Error lógico corregido en patrón 394

INFO:root:  Error lógico corregido en patrón 422

INFO:root:  Error lógico corregido en patrón 423

INFO:root:  Error lógico corregido en patrón 429

INFO:root:  Error lógico corregido en patrón 430

INFO:root:  Error lógico corregido en patrón 434

INFO:root:  Error lógico corregido en patrón 436

INFO:root:  Error lógico corregido en patrón 441

INFO:root:  Error lógico corregido en patrón 446

INFO:root:  Error lógico corregido en patrón 459

INFO:root:  Error lógico corregido en patrón 493

INFO:root:Saving results to DynamoDB for id_nmc_batch: nmc_144_0c003_2, id_arguments: BP_35

INFO:root:Checking if table 'results_dynamodb' exists...

INFO:root:Table 'results_dynamodb' already exists.

INFO:root:Results saved to DynamoDB for id_nmc_batch: nmc_144_0c003_2

(λ: args_worker) RequestId: cc3ac64c-b6ac-4297-8a9e-06b7d3b8e674  Duration: 3771.37 ms  Billed Duration: 3772 ms
INFO:root:[OFFLINE] Lambda invoked successfully. HTTP code: 200

INFO:root:nmc_worker invoked with response: {'status': 'invoked'}
INFO:root:Invoking args_worker with event: {'id_nmc_batch': 'nmc_144_0c003_2', 'number_of_args_combinations_batches': 72, 'id_batch_arguments': 35}
INFO:root:[OFFLINE] Invoking lambda 'args_worker' at http://localhost:3000/dev/args_worker with payload: {'id_nmc_batch': 'nmc_144_0c003_2', 'number_of_args_combinations_batches': 72, 'id_batch_arguments': 36}



POST /dev/args_worker (λ: args_worker)
INFO:root:Event received in args_worker lambda_handler

INFO:root:codeConfig: 144, p: 0.003

INFO:root:Config with codeConfig 144 loaded

INFO:root:Bivariate bicycle code created

INFO:root:Circuit built

INFO:root:Detector error model built

INFO:root:Detector error model converted to check matrices

INFO:root:Successfully retrieved 1 arguments for id_batch_arguments: 36

INFO:root:Args variables loaded from DynamoDB

[32minfo[39m: um-cloud-data/detectors_observables/code_144/p_0c003/batch_2.json 200 2ms 3.12mb
INFO:root:Samples loaded from S3.

INFO:root:Downloading automorphism from S3: automorphisms/0.003/auto_36/data.pkl

[32minfo[39m: tum-cloud-data/automorphisms/0.003/auto_36/data.pkl 200 5ms 69.48mb
[32minfo[39m: um-cloud-data/automorphisms/0.003/auto_36/data.pkl 206 30ms 5.48mb
[32minfo[39m: um-cloud-data/automorphisms/0.003/auto_36/data.pkl 206 40ms 8mb
[32minfo[39m: um-cloud-data/automorphisms/0.003/auto_36/data.pkl 206 39ms 8mb
[32minfo[39m: um-cloud-data/automorphisms/0.003/auto_36/data.pkl 206 40ms 8mb
[32minfo[39m: um-cloud-data/automorphisms/0.003/auto_36/data.pkl 206 41ms 8mb
[32minfo[39m: um-cloud-data/automorphisms/0.003/auto_36/data.pkl 206 41ms 8mb
[32minfo[39m: um-cloud-data/automorphisms/0.003/auto_36/data.pkl 206 41ms 8mb
[32minfo[39m: um-cloud-data/automorphisms/0.003/auto_36/data.pkl 206 40ms 8mb
[32minfo[39m: um-cloud-data/automorphisms/0.003/auto_36/data.pkl 206 43ms 8mb
INFO:root:BP decoder initialized

INFO:root:Running 500 Monte Carlo trials

INFO:root:  Error lógico corregido en patrón 2

INFO:root:  Error lógico corregido en patrón 4

INFO:root:  Error lógico corregido en patrón 5

INFO:root:  Error lógico corregido en patrón 6

INFO:root:  Error lógico corregido en patrón 18

INFO:root:  Error lógico corregido en patrón 23

INFO:root:  Error lógico corregido en patrón 54

INFO:root:  Error lógico corregido en patrón 55

INFO:root:  Error lógico corregido en patrón 60

INFO:root:  Error lógico corregido en patrón 68

INFO:root:  Error lógico corregido en patrón 69

INFO:root:  Error lógico corregido en patrón 86

INFO:root:  Error lógico corregido en patrón 89

INFO:root:  Error lógico corregido en patrón 97

INFO:root:  Error lógico corregido en patrón 101

INFO:root:  Error lógico corregido en patrón 114

INFO:root:  Error lógico corregido en patrón 122

INFO:root:  Error lógico corregido en patrón 123

INFO:root:  Error lógico corregido en patrón 127

INFO:root:  Error lógico corregido en patrón 154

INFO:root:  Error lógico corregido en patrón 155

INFO:root:  Error lógico corregido en patrón 164

INFO:root:  Error lógico corregido en patrón 169

INFO:root:  Error lógico corregido en patrón 173

INFO:root:  Error lógico corregido en patrón 183

INFO:root:  Error lógico corregido en patrón 189

INFO:root:  Error lógico corregido en patrón 192

INFO:root:  Error lógico corregido en patrón 206

INFO:root:  Error lógico corregido en patrón 207

INFO:root:  Error lógico corregido en patrón 212

INFO:root:  Error lógico corregido en patrón 213

INFO:root:  Error lógico corregido en patrón 225

INFO:root:  Error lógico corregido en patrón 229

INFO:root:  Error lógico corregido en patrón 230

INFO:root:  Error lógico corregido en patrón 237

INFO:root:  Error lógico corregido en patrón 244

INFO:root:  Error lógico corregido en patrón 251

INFO:root:  Error lógico corregido en patrón 256

INFO:root:  Error lógico corregido en patrón 259

INFO:root:  Error lógico corregido en patrón 270

INFO:root:  Error lógico corregido en patrón 298

INFO:root:  Error lógico corregido en patrón 302

INFO:root:  Error lógico corregido en patrón 303

INFO:root:  Error lógico corregido en patrón 307

INFO:root:  Error lógico corregido en patrón 323

INFO:root:  Error lógico corregido en patrón 330

INFO:root:  Error lógico corregido en patrón 337

INFO:root:  Error lógico corregido en patrón 338

INFO:root:  Error lógico corregido en patrón 348

INFO:root:  Error lógico corregido en patrón 354

INFO:root:  Error lógico corregido en patrón 356

INFO:root:  Error lógico corregido en patrón 372

INFO:root:  Error lógico corregido en patrón 390

INFO:root:  Error lógico corregido en patrón 394

INFO:root:  Error lógico corregido en patrón 422

INFO:root:  Error lógico corregido en patrón 423

INFO:root:  Error lógico corregido en patrón 429

INFO:root:  Error lógico corregido en patrón 430

INFO:root:  Error lógico corregido en patrón 434

INFO:root:  Error lógico corregido en patrón 436

INFO:root:  Error lógico corregido en patrón 441

INFO:root:  Error lógico corregido en patrón 446

INFO:root:  Error lógico corregido en patrón 459

INFO:root:  Error lógico corregido en patrón 493

INFO:root:Saving results to DynamoDB for id_nmc_batch: nmc_144_0c003_2, id_arguments: BP_36

INFO:root:Checking if table 'results_dynamodb' exists...

INFO:root:Table 'results_dynamodb' already exists.

INFO:root:Results saved to DynamoDB for id_nmc_batch: nmc_144_0c003_2

(λ: args_worker) RequestId: e60f66fa-1e30-4407-b5ac-0ea89d736257  Duration: 3769.88 ms  Billed Duration: 3770 ms
INFO:root:[OFFLINE] Lambda invoked successfully. HTTP code: 200

INFO:root:nmc_worker invoked with response: {'status': 'invoked'}
INFO:root:Invoking args_worker with event: {'id_nmc_batch': 'nmc_144_0c003_2', 'number_of_args_combinations_batches': 72, 'id_batch_arguments': 36}
INFO:root:[OFFLINE] Invoking lambda 'args_worker' at http://localhost:3000/dev/args_worker with payload: {'id_nmc_batch': 'nmc_144_0c003_2', 'number_of_args_combinations_batches': 72, 'id_batch_arguments': 37}



POST /dev/args_worker (λ: args_worker)
INFO:root:Event received in args_worker lambda_handler

INFO:root:codeConfig: 144, p: 0.003

INFO:root:Config with codeConfig 144 loaded

INFO:root:Bivariate bicycle code created

INFO:root:Circuit built

INFO:root:Detector error model built

INFO:root:Detector error model converted to check matrices

INFO:root:Successfully retrieved 1 arguments for id_batch_arguments: 37

INFO:root:Args variables loaded from DynamoDB

[32minfo[39m: um-cloud-data/detectors_observables/code_144/p_0c003/batch_2.json 200 2ms 3.12mb
INFO:root:Samples loaded from S3.

INFO:root:Downloading automorphism from S3: automorphisms/0.003/auto_37/data.pkl

[32minfo[39m: tum-cloud-data/automorphisms/0.003/auto_37/data.pkl 200 3ms 69.48mb
[32minfo[39m: um-cloud-data/automorphisms/0.003/auto_37/data.pkl 206 29ms 5.48mb
[32minfo[39m: um-cloud-data/automorphisms/0.003/auto_37/data.pkl 206 37ms 8mb
[32minfo[39m: um-cloud-data/automorphisms/0.003/auto_37/data.pkl 206 38ms 8mb
[32minfo[39m: um-cloud-data/automorphisms/0.003/auto_37/data.pkl 206 38ms 8mb
[32minfo[39m: um-cloud-data/automorphisms/0.003/auto_37/data.pkl 206 39ms 8mb
[32minfo[39m: um-cloud-data/automorphisms/0.003/auto_37/data.pkl 206 39ms 8mb
[32minfo[39m: um-cloud-data/automorphisms/0.003/auto_37/data.pkl 206 39ms 8mb
[32minfo[39m: um-cloud-data/automorphisms/0.003/auto_37/data.pkl 206 39ms 8mb
[32minfo[39m: um-cloud-data/automorphisms/0.003/auto_37/data.pkl 206 39ms 8mb
INFO:root:BP decoder initialized

INFO:root:Running 500 Monte Carlo trials

INFO:root:  Error lógico corregido en patrón 2

INFO:root:  Error lógico corregido en patrón 4

INFO:root:  Error lógico corregido en patrón 5

INFO:root:  Error lógico corregido en patrón 6

INFO:root:  Error lógico corregido en patrón 18

INFO:root:  Error lógico corregido en patrón 23

INFO:root:  Error lógico corregido en patrón 54

INFO:root:  Error lógico corregido en patrón 55

INFO:root:  Error lógico corregido en patrón 60

INFO:root:  Error lógico corregido en patrón 68

INFO:root:  Error lógico corregido en patrón 69

INFO:root:  Error lógico corregido en patrón 86

INFO:root:  Error lógico corregido en patrón 89

INFO:root:  Error lógico corregido en patrón 97

INFO:root:  Error lógico corregido en patrón 101

INFO:root:  Error lógico corregido en patrón 114

INFO:root:  Error lógico corregido en patrón 122

INFO:root:  Error lógico corregido en patrón 123

INFO:root:  Error lógico corregido en patrón 127

INFO:root:  Error lógico corregido en patrón 154

INFO:root:  Error lógico corregido en patrón 155

INFO:root:  Error lógico corregido en patrón 164

INFO:root:  Error lógico corregido en patrón 169

INFO:root:  Error lógico corregido en patrón 173

INFO:root:  Error lógico corregido en patrón 183

INFO:root:  Error lógico corregido en patrón 189

INFO:root:  Error lógico corregido en patrón 192

INFO:root:  Error lógico corregido en patrón 206

INFO:root:  Error lógico corregido en patrón 207

INFO:root:  Error lógico corregido en patrón 212

INFO:root:  Error lógico corregido en patrón 213

INFO:root:  Error lógico corregido en patrón 225

INFO:root:  Error lógico corregido en patrón 229

INFO:root:  Error lógico corregido en patrón 230

INFO:root:  Error lógico corregido en patrón 237

INFO:root:  Error lógico corregido en patrón 244

INFO:root:  Error lógico corregido en patrón 251

INFO:root:  Error lógico corregido en patrón 256

INFO:root:  Error lógico corregido en patrón 259

INFO:root:  Error lógico corregido en patrón 270

INFO:root:  Error lógico corregido en patrón 298

INFO:root:  Error lógico corregido en patrón 302

INFO:root:  Error lógico corregido en patrón 303

INFO:root:  Error lógico corregido en patrón 307

INFO:root:  Error lógico corregido en patrón 323

INFO:root:  Error lógico corregido en patrón 330

INFO:root:  Error lógico corregido en patrón 337

INFO:root:  Error lógico corregido en patrón 338

INFO:root:  Error lógico corregido en patrón 348

INFO:root:  Error lógico corregido en patrón 354

INFO:root:  Error lógico corregido en patrón 356

INFO:root:  Error lógico corregido en patrón 372

INFO:root:  Error lógico corregido en patrón 390

INFO:root:  Error lógico corregido en patrón 394

INFO:root:  Error lógico corregido en patrón 422

INFO:root:  Error lógico corregido en patrón 423

INFO:root:  Error lógico corregido en patrón 429

INFO:root:  Error lógico corregido en patrón 430

INFO:root:  Error lógico corregido en patrón 434

INFO:root:  Error lógico corregido en patrón 436

INFO:root:  Error lógico corregido en patrón 441

INFO:root:  Error lógico corregido en patrón 446

INFO:root:  Error lógico corregido en patrón 459

INFO:root:  Error lógico corregido en patrón 493

INFO:root:Saving results to DynamoDB for id_nmc_batch: nmc_144_0c003_2, id_arguments: BP_37

INFO:root:Checking if table 'results_dynamodb' exists...

INFO:root:Table 'results_dynamodb' already exists.

INFO:root:Results saved to DynamoDB for id_nmc_batch: nmc_144_0c003_2

(λ: args_worker) RequestId: e840fdbd-2976-423d-88e5-5e1942e62730  Duration: 3907.01 ms  Billed Duration: 3908 ms
INFO:root:[OFFLINE] Lambda invoked successfully. HTTP code: 200

INFO:root:nmc_worker invoked with response: {'status': 'invoked'}
INFO:root:Invoking args_worker with event: {'id_nmc_batch': 'nmc_144_0c003_2', 'number_of_args_combinations_batches': 72, 'id_batch_arguments': 37}
INFO:root:[OFFLINE] Invoking lambda 'args_worker' at http://localhost:3000/dev/args_worker with payload: {'id_nmc_batch': 'nmc_144_0c003_2', 'number_of_args_combinations_batches': 72, 'id_batch_arguments': 38}



POST /dev/args_worker (λ: args_worker)
INFO:root:Event received in args_worker lambda_handler

INFO:root:codeConfig: 144, p: 0.003

INFO:root:Config with codeConfig 144 loaded

INFO:root:Bivariate bicycle code created

INFO:root:Circuit built

INFO:root:Detector error model built

INFO:root:Detector error model converted to check matrices

INFO:root:Successfully retrieved 1 arguments for id_batch_arguments: 38

INFO:root:Args variables loaded from DynamoDB

[32minfo[39m: um-cloud-data/detectors_observables/code_144/p_0c003/batch_2.json 200 2ms 3.12mb
INFO:root:Samples loaded from S3.

INFO:root:Downloading automorphism from S3: automorphisms/0.003/auto_38/data.pkl

[32minfo[39m: tum-cloud-data/automorphisms/0.003/auto_38/data.pkl 200 2ms 69.48mb
[32minfo[39m: um-cloud-data/automorphisms/0.003/auto_38/data.pkl 206 30ms 5.48mb
[32minfo[39m: um-cloud-data/automorphisms/0.003/auto_38/data.pkl 206 39ms 8mb
[32minfo[39m: um-cloud-data/automorphisms/0.003/auto_38/data.pkl 206 40ms 8mb
[32minfo[39m: um-cloud-data/automorphisms/0.003/auto_38/data.pkl 206 42ms 8mb
[32minfo[39m: um-cloud-data/automorphisms/0.003/auto_38/data.pkl 206 43ms 8mb
[32minfo[39m: um-cloud-data/automorphisms/0.003/auto_38/data.pkl 206 40ms 8mb
[32minfo[39m: um-cloud-data/automorphisms/0.003/auto_38/data.pkl 206 41ms 8mb
[32minfo[39m: um-cloud-data/automorphisms/0.003/auto_38/data.pkl 206 41ms 8mb
[32minfo[39m: um-cloud-data/automorphisms/0.003/auto_38/data.pkl 206 41ms 8mb
INFO:root:BP decoder initialized

INFO:root:Running 500 Monte Carlo trials

INFO:root:  Error lógico corregido en patrón 2

INFO:root:  Error lógico corregido en patrón 4

INFO:root:  Error lógico corregido en patrón 5

INFO:root:  Error lógico corregido en patrón 6

INFO:root:  Error lógico corregido en patrón 18

INFO:root:  Error lógico corregido en patrón 23

INFO:root:  Error lógico corregido en patrón 54

INFO:root:  Error lógico corregido en patrón 55

INFO:root:  Error lógico corregido en patrón 60

INFO:root:  Error lógico corregido en patrón 68

INFO:root:  Error lógico corregido en patrón 69

INFO:root:  Error lógico corregido en patrón 86

INFO:root:  Error lógico corregido en patrón 89

INFO:root:  Error lógico corregido en patrón 97

INFO:root:  Error lógico corregido en patrón 101

INFO:root:  Error lógico corregido en patrón 114

INFO:root:  Error lógico corregido en patrón 122

INFO:root:  Error lógico corregido en patrón 123

INFO:root:  Error lógico corregido en patrón 127

INFO:root:  Error lógico corregido en patrón 154

INFO:root:  Error lógico corregido en patrón 155

INFO:root:  Error lógico corregido en patrón 164

INFO:root:  Error lógico corregido en patrón 169

INFO:root:  Error lógico corregido en patrón 173

INFO:root:  Error lógico corregido en patrón 183

INFO:root:  Error lógico corregido en patrón 189

INFO:root:  Error lógico corregido en patrón 192

INFO:root:  Error lógico corregido en patrón 206

INFO:root:  Error lógico corregido en patrón 207

INFO:root:  Error lógico corregido en patrón 212

INFO:root:  Error lógico corregido en patrón 213

INFO:root:  Error lógico corregido en patrón 225

INFO:root:  Error lógico corregido en patrón 229

INFO:root:  Error lógico corregido en patrón 230

INFO:root:  Error lógico corregido en patrón 237

INFO:root:  Error lógico corregido en patrón 244

INFO:root:  Error lógico corregido en patrón 251

INFO:root:  Error lógico corregido en patrón 256

INFO:root:  Error lógico corregido en patrón 259

INFO:root:  Error lógico corregido en patrón 270

INFO:root:  Error lógico corregido en patrón 298

INFO:root:  Error lógico corregido en patrón 302

INFO:root:  Error lógico corregido en patrón 303

INFO:root:  Error lógico corregido en patrón 307

INFO:root:  Error lógico corregido en patrón 323

INFO:root:  Error lógico corregido en patrón 330

INFO:root:  Error lógico corregido en patrón 337

INFO:root:  Error lógico corregido en patrón 338

INFO:root:  Error lógico corregido en patrón 348

INFO:root:  Error lógico corregido en patrón 354

INFO:root:  Error lógico corregido en patrón 356

INFO:root:  Error lógico corregido en patrón 369

INFO:root:  Error lógico corregido en patrón 372

INFO:root:  Error lógico corregido en patrón 390

INFO:root:  Error lógico corregido en patrón 394

INFO:root:  Error lógico corregido en patrón 422

INFO:root:  Error lógico corregido en patrón 423

INFO:root:  Error lógico corregido en patrón 429

INFO:root:  Error lógico corregido en patrón 430

INFO:root:  Error lógico corregido en patrón 434

INFO:root:  Error lógico corregido en patrón 436

INFO:root:  Error lógico corregido en patrón 441

INFO:root:  Error lógico corregido en patrón 446

INFO:root:  Error lógico corregido en patrón 459

INFO:root:  Error lógico corregido en patrón 493

INFO:root:Saving results to DynamoDB for id_nmc_batch: nmc_144_0c003_2, id_arguments: BP_38

INFO:root:Checking if table 'results_dynamodb' exists...

INFO:root:Table 'results_dynamodb' already exists.

INFO:root:Results saved to DynamoDB for id_nmc_batch: nmc_144_0c003_2

(λ: args_worker) RequestId: a38be238-6595-496e-85d8-4a5463849ed5  Duration: 3836.46 ms  Billed Duration: 3837 ms
INFO:root:[OFFLINE] Lambda invoked successfully. HTTP code: 200

INFO:root:nmc_worker invoked with response: {'status': 'invoked'}
INFO:root:Invoking args_worker with event: {'id_nmc_batch': 'nmc_144_0c003_2', 'number_of_args_combinations_batches': 72, 'id_batch_arguments': 38}
INFO:root:[OFFLINE] Invoking lambda 'args_worker' at http://localhost:3000/dev/args_worker with payload: {'id_nmc_batch': 'nmc_144_0c003_2', 'number_of_args_combinations_batches': 72, 'id_batch_arguments': 39}



POST /dev/args_worker (λ: args_worker)
INFO:root:Event received in args_worker lambda_handler

INFO:root:codeConfig: 144, p: 0.003

INFO:root:Config with codeConfig 144 loaded

INFO:root:Bivariate bicycle code created

INFO:root:Circuit built

INFO:root:Detector error model built

INFO:root:Detector error model converted to check matrices

INFO:root:Successfully retrieved 1 arguments for id_batch_arguments: 39

INFO:root:Args variables loaded from DynamoDB

[32minfo[39m: um-cloud-data/detectors_observables/code_144/p_0c003/batch_2.json 200 2ms 3.12mb
INFO:root:Samples loaded from S3.

INFO:root:Downloading automorphism from S3: automorphisms/0.003/auto_39/data.pkl

[32minfo[39m: tum-cloud-data/automorphisms/0.003/auto_39/data.pkl 200 4ms 69.48mb
[32minfo[39m: um-cloud-data/automorphisms/0.003/auto_39/data.pkl 206 29ms 5.48mb
[32minfo[39m: um-cloud-data/automorphisms/0.003/auto_39/data.pkl 206 39ms 8mb
[32minfo[39m: um-cloud-data/automorphisms/0.003/auto_39/data.pkl 206 40ms 8mb
[32minfo[39m: um-cloud-data/automorphisms/0.003/auto_39/data.pkl 206 40ms 8mb
[32minfo[39m: um-cloud-data/automorphisms/0.003/auto_39/data.pkl 206 40ms 8mb
[32minfo[39m: um-cloud-data/automorphisms/0.003/auto_39/data.pkl 206 40ms 8mb
[32minfo[39m: um-cloud-data/automorphisms/0.003/auto_39/data.pkl 206 40ms 8mb
[32minfo[39m: um-cloud-data/automorphisms/0.003/auto_39/data.pkl 206 41ms 8mb
[32minfo[39m: um-cloud-data/automorphisms/0.003/auto_39/data.pkl 206 41ms 8mb
INFO:root:BP decoder initialized

INFO:root:Running 500 Monte Carlo trials

INFO:root:  Error lógico corregido en patrón 2

INFO:root:  Error lógico corregido en patrón 4

INFO:root:  Error lógico corregido en patrón 5

INFO:root:  Error lógico corregido en patrón 6

INFO:root:  Error lógico corregido en patrón 18

INFO:root:  Error lógico corregido en patrón 23

INFO:root:  Error lógico corregido en patrón 24

INFO:root:  Error lógico corregido en patrón 54

INFO:root:  Error lógico corregido en patrón 55

INFO:root:  Error lógico corregido en patrón 60

INFO:root:  Error lógico corregido en patrón 68

INFO:root:  Error lógico corregido en patrón 69

INFO:root:  Error lógico corregido en patrón 86

INFO:root:  Error lógico corregido en patrón 89

INFO:root:  Error lógico corregido en patrón 97

INFO:root:  Error lógico corregido en patrón 101

INFO:root:  Error lógico corregido en patrón 114

INFO:root:  Error lógico corregido en patrón 122

INFO:root:  Error lógico corregido en patrón 123

INFO:root:  Error lógico corregido en patrón 127

INFO:root:  Error lógico corregido en patrón 154

INFO:root:  Error lógico corregido en patrón 155

INFO:root:  Error lógico corregido en patrón 164

INFO:root:  Error lógico corregido en patrón 169

INFO:root:  Error lógico corregido en patrón 173

INFO:root:  Error lógico corregido en patrón 189

INFO:root:  Error lógico corregido en patrón 192

INFO:root:  Error lógico corregido en patrón 206

INFO:root:  Error lógico corregido en patrón 207

INFO:root:  Error lógico corregido en patrón 212

INFO:root:  Error lógico corregido en patrón 213

INFO:root:  Error lógico corregido en patrón 225

INFO:root:  Error lógico corregido en patrón 229

INFO:root:  Error lógico corregido en patrón 230

INFO:root:  Error lógico corregido en patrón 237

INFO:root:  Error lógico corregido en patrón 244

INFO:root:  Error lógico corregido en patrón 251

INFO:root:  Error lógico corregido en patrón 256

INFO:root:  Error lógico corregido en patrón 259

INFO:root:  Error lógico corregido en patrón 270

INFO:root:  Error lógico corregido en patrón 298

INFO:root:  Error lógico corregido en patrón 302

INFO:root:  Error lógico corregido en patrón 303

INFO:root:  Error lógico corregido en patrón 307

INFO:root:  Error lógico corregido en patrón 323

INFO:root:  Error lógico corregido en patrón 330

INFO:root:  Error lógico corregido en patrón 337

INFO:root:  Error lógico corregido en patrón 338

INFO:root:  Error lógico corregido en patrón 348

INFO:root:  Error lógico corregido en patrón 354

INFO:root:  Error lógico corregido en patrón 356

INFO:root:  Error lógico corregido en patrón 372

INFO:root:  Error lógico corregido en patrón 390

INFO:root:  Error lógico corregido en patrón 394

INFO:root:  Error lógico corregido en patrón 422

INFO:root:  Error lógico corregido en patrón 423

INFO:root:  Error lógico corregido en patrón 429

INFO:root:  Error lógico corregido en patrón 430

INFO:root:  Error lógico corregido en patrón 434

INFO:root:  Error lógico corregido en patrón 436

INFO:root:  Error lógico corregido en patrón 441

INFO:root:  Error lógico corregido en patrón 446

INFO:root:  Error lógico corregido en patrón 459

INFO:root:  Error lógico corregido en patrón 493

INFO:root:Saving results to DynamoDB for id_nmc_batch: nmc_144_0c003_2, id_arguments: BP_39

INFO:root:Checking if table 'results_dynamodb' exists...

INFO:root:Table 'results_dynamodb' already exists.

INFO:root:Results saved to DynamoDB for id_nmc_batch: nmc_144_0c003_2

(λ: args_worker) RequestId: 61d7c471-2190-4e42-9bde-5538b439fa34  Duration: 3816.57 ms  Billed Duration: 3817 ms
INFO:root:[OFFLINE] Lambda invoked successfully. HTTP code: 200

INFO:root:nmc_worker invoked with response: {'status': 'invoked'}
INFO:root:Invoking args_worker with event: {'id_nmc_batch': 'nmc_144_0c003_2', 'number_of_args_combinations_batches': 72, 'id_batch_arguments': 39}
INFO:root:[OFFLINE] Invoking lambda 'args_worker' at http://localhost:3000/dev/args_worker with payload: {'id_nmc_batch': 'nmc_144_0c003_2', 'number_of_args_combinations_batches': 72, 'id_batch_arguments': 40}



POST /dev/args_worker (λ: args_worker)
INFO:root:Event received in args_worker lambda_handler

INFO:root:codeConfig: 144, p: 0.003

INFO:root:Config with codeConfig 144 loaded

INFO:root:Bivariate bicycle code created

INFO:root:Circuit built

INFO:root:Detector error model built

INFO:root:Detector error model converted to check matrices

INFO:root:Successfully retrieved 1 arguments for id_batch_arguments: 40

INFO:root:Args variables loaded from DynamoDB

[32minfo[39m: um-cloud-data/detectors_observables/code_144/p_0c003/batch_2.json 200 2ms 3.12mb
INFO:root:Samples loaded from S3.

INFO:root:Downloading automorphism from S3: automorphisms/0.003/auto_40/data.pkl

[32minfo[39m: tum-cloud-data/automorphisms/0.003/auto_40/data.pkl 200 3ms 69.48mb
[32minfo[39m: um-cloud-data/automorphisms/0.003/auto_40/data.pkl 206 26ms 5.48mb
[32minfo[39m: um-cloud-data/automorphisms/0.003/auto_40/data.pkl 206 40ms 8mb
[32minfo[39m: um-cloud-data/automorphisms/0.003/auto_40/data.pkl 206 39ms 8mb
[32minfo[39m: um-cloud-data/automorphisms/0.003/auto_40/data.pkl 206 39ms 8mb
[32minfo[39m: um-cloud-data/automorphisms/0.003/auto_40/data.pkl 206 40ms 8mb
[32minfo[39m: um-cloud-data/automorphisms/0.003/auto_40/data.pkl 206 41ms 8mb
[32minfo[39m: um-cloud-data/automorphisms/0.003/auto_40/data.pkl 206 38ms 8mb
[32minfo[39m: um-cloud-data/automorphisms/0.003/auto_40/data.pkl 206 38ms 8mb
[32minfo[39m: um-cloud-data/automorphisms/0.003/auto_40/data.pkl 206 38ms 8mb
INFO:root:BP decoder initialized

INFO:root:Running 500 Monte Carlo trials

INFO:root:  Error lógico corregido en patrón 2

INFO:root:  Error lógico corregido en patrón 4

INFO:root:  Error lógico corregido en patrón 5

INFO:root:  Error lógico corregido en patrón 6

INFO:root:  Error lógico corregido en patrón 18

INFO:root:  Error lógico corregido en patrón 23

INFO:root:  Error lógico corregido en patrón 24

INFO:root:  Error lógico corregido en patrón 54

INFO:root:  Error lógico corregido en patrón 55

INFO:root:  Error lógico corregido en patrón 60

INFO:root:  Error lógico corregido en patrón 68

INFO:root:  Error lógico corregido en patrón 69

INFO:root:  Error lógico corregido en patrón 86

INFO:root:  Error lógico corregido en patrón 89

INFO:root:  Error lógico corregido en patrón 97

INFO:root:  Error lógico corregido en patrón 101

INFO:root:  Error lógico corregido en patrón 114

INFO:root:  Error lógico corregido en patrón 122

INFO:root:  Error lógico corregido en patrón 123

INFO:root:  Error lógico corregido en patrón 127

INFO:root:  Error lógico corregido en patrón 154

INFO:root:  Error lógico corregido en patrón 155

INFO:root:  Error lógico corregido en patrón 164

INFO:root:  Error lógico corregido en patrón 169

INFO:root:  Error lógico corregido en patrón 173

INFO:root:  Error lógico corregido en patrón 183

INFO:root:  Error lógico corregido en patrón 189

INFO:root:  Error lógico corregido en patrón 192

INFO:root:  Error lógico corregido en patrón 206

INFO:root:  Error lógico corregido en patrón 207

INFO:root:  Error lógico corregido en patrón 212

INFO:root:  Error lógico corregido en patrón 213

INFO:root:  Error lógico corregido en patrón 225

INFO:root:  Error lógico corregido en patrón 229

INFO:root:  Error lógico corregido en patrón 230

INFO:root:  Error lógico corregido en patrón 237

INFO:root:  Error lógico corregido en patrón 244

INFO:root:  Error lógico corregido en patrón 251

INFO:root:  Error lógico corregido en patrón 256

INFO:root:  Error lógico corregido en patrón 259

INFO:root:  Error lógico corregido en patrón 270

INFO:root:  Error lógico corregido en patrón 298

INFO:root:  Error lógico corregido en patrón 302

INFO:root:  Error lógico corregido en patrón 303

INFO:root:  Error lógico corregido en patrón 307

INFO:root:  Error lógico corregido en patrón 323

INFO:root:  Error lógico corregido en patrón 330

INFO:root:  Error lógico corregido en patrón 337

INFO:root:  Error lógico corregido en patrón 338

INFO:root:  Error lógico corregido en patrón 348

INFO:root:  Error lógico corregido en patrón 354

INFO:root:  Error lógico corregido en patrón 356

INFO:root:  Error lógico corregido en patrón 372

INFO:root:  Error lógico corregido en patrón 390

INFO:root:  Error lógico corregido en patrón 394

INFO:root:  Error lógico corregido en patrón 422

INFO:root:  Error lógico corregido en patrón 423

INFO:root:  Error lógico corregido en patrón 429

INFO:root:  Error lógico corregido en patrón 430

INFO:root:  Error lógico corregido en patrón 434

INFO:root:  Error lógico corregido en patrón 436

INFO:root:  Error lógico corregido en patrón 441

INFO:root:  Error lógico corregido en patrón 446

INFO:root:  Error lógico corregido en patrón 459

INFO:root:  Error lógico corregido en patrón 493

INFO:root:Saving results to DynamoDB for id_nmc_batch: nmc_144_0c003_2, id_arguments: BP_40

INFO:root:Checking if table 'results_dynamodb' exists...

INFO:root:Table 'results_dynamodb' already exists.

INFO:root:Results saved to DynamoDB for id_nmc_batch: nmc_144_0c003_2

(λ: args_worker) RequestId: daedd9ab-25f6-4501-bad8-286d2a4908e2  Duration: 3784.44 ms  Billed Duration: 3785 ms
INFO:root:[OFFLINE] Lambda invoked successfully. HTTP code: 200

INFO:root:nmc_worker invoked with response: {'status': 'invoked'}
INFO:root:Invoking args_worker with event: {'id_nmc_batch': 'nmc_144_0c003_2', 'number_of_args_combinations_batches': 72, 'id_batch_arguments': 40}
INFO:root:[OFFLINE] Invoking lambda 'args_worker' at http://localhost:3000/dev/args_worker with payload: {'id_nmc_batch': 'nmc_144_0c003_2', 'number_of_args_combinations_batches': 72, 'id_batch_arguments': 41}



POST /dev/args_worker (λ: args_worker)
INFO:root:Event received in args_worker lambda_handler

INFO:root:codeConfig: 144, p: 0.003

INFO:root:Config with codeConfig 144 loaded

INFO:root:Bivariate bicycle code created

INFO:root:Circuit built

INFO:root:Detector error model built

INFO:root:Detector error model converted to check matrices

INFO:root:Successfully retrieved 1 arguments for id_batch_arguments: 41

INFO:root:Args variables loaded from DynamoDB

[32minfo[39m: um-cloud-data/detectors_observables/code_144/p_0c003/batch_2.json 200 2ms 3.12mb
INFO:root:Samples loaded from S3.

INFO:root:Downloading automorphism from S3: automorphisms/0.003/auto_41/data.pkl

[32minfo[39m: tum-cloud-data/automorphisms/0.003/auto_41/data.pkl 200 4ms 69.48mb
[32minfo[39m: um-cloud-data/automorphisms/0.003/auto_41/data.pkl 206 29ms 5.48mb
[32minfo[39m: um-cloud-data/automorphisms/0.003/auto_41/data.pkl 206 37ms 8mb
[32minfo[39m: um-cloud-data/automorphisms/0.003/auto_41/data.pkl 206 40ms 8mb
[32minfo[39m: um-cloud-data/automorphisms/0.003/auto_41/data.pkl 206 39ms 8mb
[32minfo[39m: um-cloud-data/automorphisms/0.003/auto_41/data.pkl 206 39ms 8mb
[32minfo[39m: um-cloud-data/automorphisms/0.003/auto_41/data.pkl 206 40ms 8mb
[32minfo[39m: um-cloud-data/automorphisms/0.003/auto_41/data.pkl 206 40ms 8mb
[32minfo[39m: um-cloud-data/automorphisms/0.003/auto_41/data.pkl 206 40ms 8mb
[32minfo[39m: um-cloud-data/automorphisms/0.003/auto_41/data.pkl 206 40ms 8mb
INFO:root:BP decoder initialized

INFO:root:Running 500 Monte Carlo trials

INFO:root:  Error lógico corregido en patrón 2

INFO:root:  Error lógico corregido en patrón 4

INFO:root:  Error lógico corregido en patrón 5

INFO:root:  Error lógico corregido en patrón 6

INFO:root:  Error lógico corregido en patrón 18

INFO:root:  Error lógico corregido en patrón 23

INFO:root:  Error lógico corregido en patrón 24

INFO:root:  Error lógico corregido en patrón 54

INFO:root:  Error lógico corregido en patrón 55

INFO:root:  Error lógico corregido en patrón 60

INFO:root:  Error lógico corregido en patrón 68

INFO:root:  Error lógico corregido en patrón 69

INFO:root:  Error lógico corregido en patrón 86

INFO:root:  Error lógico corregido en patrón 89

INFO:root:  Error lógico corregido en patrón 97

INFO:root:  Error lógico corregido en patrón 101

INFO:root:  Error lógico corregido en patrón 114

INFO:root:  Error lógico corregido en patrón 122

INFO:root:  Error lógico corregido en patrón 123

INFO:root:  Error lógico corregido en patrón 127

INFO:root:  Error lógico corregido en patrón 154

INFO:root:  Error lógico corregido en patrón 155

INFO:root:  Error lógico corregido en patrón 164

INFO:root:  Error lógico corregido en patrón 169

INFO:root:  Error lógico corregido en patrón 173

INFO:root:  Error lógico corregido en patrón 183

INFO:root:  Error lógico corregido en patrón 189

INFO:root:  Error lógico corregido en patrón 192

INFO:root:  Error lógico corregido en patrón 206

INFO:root:  Error lógico corregido en patrón 207

INFO:root:  Error lógico corregido en patrón 212

INFO:root:  Error lógico corregido en patrón 213

INFO:root:  Error lógico corregido en patrón 225

INFO:root:  Error lógico corregido en patrón 229

INFO:root:  Error lógico corregido en patrón 230

INFO:root:  Error lógico corregido en patrón 237

INFO:root:  Error lógico corregido en patrón 244

INFO:root:  Error lógico corregido en patrón 251

INFO:root:  Error lógico corregido en patrón 256

INFO:root:  Error lógico corregido en patrón 259

INFO:root:  Error lógico corregido en patrón 270

INFO:root:  Error lógico corregido en patrón 298

INFO:root:  Error lógico corregido en patrón 302

INFO:root:  Error lógico corregido en patrón 303

INFO:root:  Error lógico corregido en patrón 307

INFO:root:  Error lógico corregido en patrón 323

INFO:root:  Error lógico corregido en patrón 330

INFO:root:  Error lógico corregido en patrón 337

INFO:root:  Error lógico corregido en patrón 338

INFO:root:  Error lógico corregido en patrón 348

INFO:root:  Error lógico corregido en patrón 354

INFO:root:  Error lógico corregido en patrón 356

INFO:root:  Error lógico corregido en patrón 372

INFO:root:  Error lógico corregido en patrón 390

INFO:root:  Error lógico corregido en patrón 394

INFO:root:  Error lógico corregido en patrón 422

INFO:root:  Error lógico corregido en patrón 423

INFO:root:  Error lógico corregido en patrón 429

INFO:root:  Error lógico corregido en patrón 430

INFO:root:  Error lógico corregido en patrón 434

INFO:root:  Error lógico corregido en patrón 436

INFO:root:  Error lógico corregido en patrón 441

INFO:root:  Error lógico corregido en patrón 446

INFO:root:  Error lógico corregido en patrón 459

INFO:root:  Error lógico corregido en patrón 493

INFO:root:Saving results to DynamoDB for id_nmc_batch: nmc_144_0c003_2, id_arguments: BP_41

INFO:root:Checking if table 'results_dynamodb' exists...

INFO:root:Table 'results_dynamodb' already exists.

INFO:root:Results saved to DynamoDB for id_nmc_batch: nmc_144_0c003_2

(λ: args_worker) RequestId: 1f0d947d-9b43-45ec-98c0-d8f95ee592d6  Duration: 3784.01 ms  Billed Duration: 3785 ms
INFO:root:[OFFLINE] Lambda invoked successfully. HTTP code: 200

INFO:root:nmc_worker invoked with response: {'status': 'invoked'}
INFO:root:Invoking args_worker with event: {'id_nmc_batch': 'nmc_144_0c003_2', 'number_of_args_combinations_batches': 72, 'id_batch_arguments': 41}
INFO:root:[OFFLINE] Invoking lambda 'args_worker' at http://localhost:3000/dev/args_worker with payload: {'id_nmc_batch': 'nmc_144_0c003_2', 'number_of_args_combinations_batches': 72, 'id_batch_arguments': 42}



POST /dev/args_worker (λ: args_worker)
INFO:root:Event received in args_worker lambda_handler

INFO:root:codeConfig: 144, p: 0.003

INFO:root:Config with codeConfig 144 loaded

INFO:root:Bivariate bicycle code created

INFO:root:Circuit built

INFO:root:Detector error model built

INFO:root:Detector error model converted to check matrices

INFO:root:Successfully retrieved 1 arguments for id_batch_arguments: 42

INFO:root:Args variables loaded from DynamoDB

[32minfo[39m: um-cloud-data/detectors_observables/code_144/p_0c003/batch_2.json 200 2ms 3.12mb
INFO:root:Samples loaded from S3.

INFO:root:Downloading automorphism from S3: automorphisms/0.003/auto_42/data.pkl

[32minfo[39m: tum-cloud-data/automorphisms/0.003/auto_42/data.pkl 200 2ms 69.48mb
[32minfo[39m: um-cloud-data/automorphisms/0.003/auto_42/data.pkl 206 40ms 8mb
[32minfo[39m: um-cloud-data/automorphisms/0.003/auto_42/data.pkl 206 33ms 5.48mb
[32minfo[39m: um-cloud-data/automorphisms/0.003/auto_42/data.pkl 206 41ms 8mb
[32minfo[39m: um-cloud-data/automorphisms/0.003/auto_42/data.pkl 206 41ms 8mb
[32minfo[39m: um-cloud-data/automorphisms/0.003/auto_42/data.pkl 206 41ms 8mb
[32minfo[39m: um-cloud-data/automorphisms/0.003/auto_42/data.pkl 206 42ms 8mb
[32minfo[39m: um-cloud-data/automorphisms/0.003/auto_42/data.pkl 206 42ms 8mb
[32minfo[39m: um-cloud-data/automorphisms/0.003/auto_42/data.pkl 206 39ms 8mb
[32minfo[39m: um-cloud-data/automorphisms/0.003/auto_42/data.pkl 206 41ms 8mb
INFO:root:BP decoder initialized

INFO:root:Running 500 Monte Carlo trials

INFO:root:  Error lógico corregido en patrón 2

INFO:root:  Error lógico corregido en patrón 4

INFO:root:  Error lógico corregido en patrón 5

INFO:root:  Error lógico corregido en patrón 6

INFO:root:  Error lógico corregido en patrón 18

INFO:root:  Error lógico corregido en patrón 23

INFO:root:  Error lógico corregido en patrón 24

INFO:root:  Error lógico corregido en patrón 54

INFO:root:  Error lógico corregido en patrón 55

INFO:root:  Error lógico corregido en patrón 60

INFO:root:  Error lógico corregido en patrón 68

INFO:root:  Error lógico corregido en patrón 69

INFO:root:  Error lógico corregido en patrón 86

INFO:root:  Error lógico corregido en patrón 89

INFO:root:  Error lógico corregido en patrón 97

INFO:root:  Error lógico corregido en patrón 101

INFO:root:  Error lógico corregido en patrón 114

INFO:root:  Error lógico corregido en patrón 122

INFO:root:  Error lógico corregido en patrón 123

INFO:root:  Error lógico corregido en patrón 127

INFO:root:  Error lógico corregido en patrón 154

INFO:root:  Error lógico corregido en patrón 155

INFO:root:  Error lógico corregido en patrón 164

INFO:root:  Error lógico corregido en patrón 169

INFO:root:  Error lógico corregido en patrón 173

INFO:root:  Error lógico corregido en patrón 183

INFO:root:  Error lógico corregido en patrón 189

INFO:root:  Error lógico corregido en patrón 192

INFO:root:  Error lógico corregido en patrón 206

INFO:root:  Error lógico corregido en patrón 207

INFO:root:  Error lógico corregido en patrón 212

INFO:root:  Error lógico corregido en patrón 213

INFO:root:  Error lógico corregido en patrón 225

INFO:root:  Error lógico corregido en patrón 229

INFO:root:  Error lógico corregido en patrón 230

INFO:root:  Error lógico corregido en patrón 237

INFO:root:  Error lógico corregido en patrón 244

INFO:root:  Error lógico corregido en patrón 251

INFO:root:  Error lógico corregido en patrón 256

INFO:root:  Error lógico corregido en patrón 259

INFO:root:  Error lógico corregido en patrón 270

INFO:root:  Error lógico corregido en patrón 298

INFO:root:  Error lógico corregido en patrón 302

INFO:root:  Error lógico corregido en patrón 303

INFO:root:  Error lógico corregido en patrón 307

INFO:root:  Error lógico corregido en patrón 323

INFO:root:  Error lógico corregido en patrón 330

INFO:root:  Error lógico corregido en patrón 337

INFO:root:  Error lógico corregido en patrón 338

INFO:root:  Error lógico corregido en patrón 348

INFO:root:  Error lógico corregido en patrón 354

INFO:root:  Error lógico corregido en patrón 356

INFO:root:  Error lógico corregido en patrón 372

INFO:root:  Error lógico corregido en patrón 390

INFO:root:  Error lógico corregido en patrón 394

INFO:root:  Error lógico corregido en patrón 422

INFO:root:  Error lógico corregido en patrón 423

INFO:root:  Error lógico corregido en patrón 429

INFO:root:  Error lógico corregido en patrón 430

INFO:root:  Error lógico corregido en patrón 434

INFO:root:  Error lógico corregido en patrón 436

INFO:root:  Error lógico corregido en patrón 441

INFO:root:  Error lógico corregido en patrón 446

INFO:root:  Error lógico corregido en patrón 459

INFO:root:  Error lógico corregido en patrón 493

INFO:root:Saving results to DynamoDB for id_nmc_batch: nmc_144_0c003_2, id_arguments: BP_42

INFO:root:Checking if table 'results_dynamodb' exists...

INFO:root:Table 'results_dynamodb' already exists.

INFO:root:Results saved to DynamoDB for id_nmc_batch: nmc_144_0c003_2

(λ: args_worker) RequestId: 56766b31-8e54-489f-b252-82cbee0119d0  Duration: 3771.61 ms  Billed Duration: 3772 ms
INFO:root:[OFFLINE] Lambda invoked successfully. HTTP code: 200

INFO:root:nmc_worker invoked with response: {'status': 'invoked'}
INFO:root:Invoking args_worker with event: {'id_nmc_batch': 'nmc_144_0c003_2', 'number_of_args_combinations_batches': 72, 'id_batch_arguments': 42}
INFO:root:[OFFLINE] Invoking lambda 'args_worker' at http://localhost:3000/dev/args_worker with payload: {'id_nmc_batch': 'nmc_144_0c003_2', 'number_of_args_combinations_batches': 72, 'id_batch_arguments': 43}



POST /dev/args_worker (λ: args_worker)
INFO:root:Event received in args_worker lambda_handler

INFO:root:codeConfig: 144, p: 0.003

INFO:root:Config with codeConfig 144 loaded

INFO:root:Bivariate bicycle code created

INFO:root:Circuit built

INFO:root:Detector error model built

INFO:root:Detector error model converted to check matrices

INFO:root:Successfully retrieved 1 arguments for id_batch_arguments: 43

INFO:root:Args variables loaded from DynamoDB

[32minfo[39m: um-cloud-data/detectors_observables/code_144/p_0c003/batch_2.json 200 2ms 3.12mb
INFO:root:Samples loaded from S3.

INFO:root:Downloading automorphism from S3: automorphisms/0.003/auto_43/data.pkl

[32minfo[39m: tum-cloud-data/automorphisms/0.003/auto_43/data.pkl 200 1ms 69.48mb
[32minfo[39m: um-cloud-data/automorphisms/0.003/auto_43/data.pkl 206 34ms 5.48mb
[32minfo[39m: um-cloud-data/automorphisms/0.003/auto_43/data.pkl 206 40ms 8mb
[32minfo[39m: um-cloud-data/automorphisms/0.003/auto_43/data.pkl 206 43ms 8mb
[32minfo[39m: um-cloud-data/automorphisms/0.003/auto_43/data.pkl 206 43ms 8mb
[32minfo[39m: um-cloud-data/automorphisms/0.003/auto_43/data.pkl 206 43ms 8mb
[32minfo[39m: um-cloud-data/automorphisms/0.003/auto_43/data.pkl 206 43ms 8mb
[32minfo[39m: um-cloud-data/automorphisms/0.003/auto_43/data.pkl 206 44ms 8mb
[32minfo[39m: um-cloud-data/automorphisms/0.003/auto_43/data.pkl 206 43ms 8mb
[32minfo[39m: um-cloud-data/automorphisms/0.003/auto_43/data.pkl 206 43ms 8mb
INFO:root:BP decoder initialized

INFO:root:Running 500 Monte Carlo trials

INFO:root:  Error lógico corregido en patrón 2

INFO:root:  Error lógico corregido en patrón 4

INFO:root:  Error lógico corregido en patrón 5

INFO:root:  Error lógico corregido en patrón 6

INFO:root:  Error lógico corregido en patrón 18

INFO:root:  Error lógico corregido en patrón 23

INFO:root:  Error lógico corregido en patrón 54

INFO:root:  Error lógico corregido en patrón 55

INFO:root:  Error lógico corregido en patrón 60

INFO:root:  Error lógico corregido en patrón 68

INFO:root:  Error lógico corregido en patrón 69

INFO:root:  Error lógico corregido en patrón 86

INFO:root:  Error lógico corregido en patrón 89

INFO:root:  Error lógico corregido en patrón 97

INFO:root:  Error lógico corregido en patrón 101

INFO:root:  Error lógico corregido en patrón 114

INFO:root:  Error lógico corregido en patrón 122

INFO:root:  Error lógico corregido en patrón 123

INFO:root:  Error lógico corregido en patrón 127

INFO:root:  Error lógico corregido en patrón 154

INFO:root:  Error lógico corregido en patrón 155

INFO:root:  Error lógico corregido en patrón 164

INFO:root:  Error lógico corregido en patrón 169

INFO:root:  Error lógico corregido en patrón 173

INFO:root:  Error lógico corregido en patrón 183

INFO:root:  Error lógico corregido en patrón 189

INFO:root:  Error lógico corregido en patrón 192

INFO:root:  Error lógico corregido en patrón 206

INFO:root:  Error lógico corregido en patrón 207

INFO:root:  Error lógico corregido en patrón 212

INFO:root:  Error lógico corregido en patrón 213

INFO:root:  Error lógico corregido en patrón 225

INFO:root:  Error lógico corregido en patrón 229

INFO:root:  Error lógico corregido en patrón 230

INFO:root:  Error lógico corregido en patrón 237

INFO:root:  Error lógico corregido en patrón 244

INFO:root:  Error lógico corregido en patrón 251

INFO:root:  Error lógico corregido en patrón 256

INFO:root:  Error lógico corregido en patrón 259

INFO:root:  Error lógico corregido en patrón 270

INFO:root:  Error lógico corregido en patrón 298

INFO:root:  Error lógico corregido en patrón 302

INFO:root:  Error lógico corregido en patrón 303

INFO:root:  Error lógico corregido en patrón 307

INFO:root:  Error lógico corregido en patrón 323

INFO:root:  Error lógico corregido en patrón 330

INFO:root:  Error lógico corregido en patrón 337

INFO:root:  Error lógico corregido en patrón 338

INFO:root:  Error lógico corregido en patrón 348

INFO:root:  Error lógico corregido en patrón 354

INFO:root:  Error lógico corregido en patrón 356

INFO:root:  Error lógico corregido en patrón 372

INFO:root:  Error lógico corregido en patrón 390

INFO:root:  Error lógico corregido en patrón 394

INFO:root:  Error lógico corregido en patrón 422

INFO:root:  Error lógico corregido en patrón 423

INFO:root:  Error lógico corregido en patrón 429

INFO:root:  Error lógico corregido en patrón 430

INFO:root:  Error lógico corregido en patrón 434

INFO:root:  Error lógico corregido en patrón 436

INFO:root:  Error lógico corregido en patrón 441

INFO:root:  Error lógico corregido en patrón 446

INFO:root:  Error lógico corregido en patrón 459

INFO:root:  Error lógico corregido en patrón 493

INFO:root:Saving results to DynamoDB for id_nmc_batch: nmc_144_0c003_2, id_arguments: BP_43

INFO:root:Checking if table 'results_dynamodb' exists...

INFO:root:Table 'results_dynamodb' already exists.

INFO:root:Results saved to DynamoDB for id_nmc_batch: nmc_144_0c003_2

(λ: args_worker) RequestId: b8dcbc61-5b97-47af-90b6-830f07d57f99  Duration: 3785.22 ms  Billed Duration: 3786 ms
INFO:root:[OFFLINE] Lambda invoked successfully. HTTP code: 200

INFO:root:nmc_worker invoked with response: {'status': 'invoked'}
INFO:root:Invoking args_worker with event: {'id_nmc_batch': 'nmc_144_0c003_2', 'number_of_args_combinations_batches': 72, 'id_batch_arguments': 43}
INFO:root:[OFFLINE] Invoking lambda 'args_worker' at http://localhost:3000/dev/args_worker with payload: {'id_nmc_batch': 'nmc_144_0c003_2', 'number_of_args_combinations_batches': 72, 'id_batch_arguments': 44}



POST /dev/args_worker (λ: args_worker)
INFO:root:Event received in args_worker lambda_handler

INFO:root:codeConfig: 144, p: 0.003

INFO:root:Config with codeConfig 144 loaded

INFO:root:Bivariate bicycle code created

INFO:root:Circuit built

INFO:root:Detector error model built

INFO:root:Detector error model converted to check matrices

INFO:root:Successfully retrieved 1 arguments for id_batch_arguments: 44

INFO:root:Args variables loaded from DynamoDB

[32minfo[39m: um-cloud-data/detectors_observables/code_144/p_0c003/batch_2.json 200 2ms 3.12mb
INFO:root:Samples loaded from S3.

INFO:root:Downloading automorphism from S3: automorphisms/0.003/auto_44/data.pkl

[32minfo[39m: tum-cloud-data/automorphisms/0.003/auto_44/data.pkl 200 1ms 69.48mb
[32minfo[39m: um-cloud-data/automorphisms/0.003/auto_44/data.pkl 206 26ms 5.48mb
[32minfo[39m: um-cloud-data/automorphisms/0.003/auto_44/data.pkl 206 43ms 8mb
[32minfo[39m: um-cloud-data/automorphisms/0.003/auto_44/data.pkl 206 45ms 8mb
[32minfo[39m: um-cloud-data/automorphisms/0.003/auto_44/data.pkl 206 44ms 8mb
[32minfo[39m: um-cloud-data/automorphisms/0.003/auto_44/data.pkl 206 42ms 8mb
[32minfo[39m: um-cloud-data/automorphisms/0.003/auto_44/data.pkl 206 42ms 8mb
[32minfo[39m: um-cloud-data/automorphisms/0.003/auto_44/data.pkl 206 44ms 8mb
[32minfo[39m: um-cloud-data/automorphisms/0.003/auto_44/data.pkl 206 44ms 8mb
[32minfo[39m: um-cloud-data/automorphisms/0.003/auto_44/data.pkl 206 42ms 8mb
INFO:root:BP decoder initialized

INFO:root:Running 500 Monte Carlo trials

INFO:root:  Error lógico corregido en patrón 2

INFO:root:  Error lógico corregido en patrón 4

INFO:root:  Error lógico corregido en patrón 5

INFO:root:  Error lógico corregido en patrón 6

INFO:root:  Error lógico corregido en patrón 18

INFO:root:  Error lógico corregido en patrón 23

INFO:root:  Error lógico corregido en patrón 24

INFO:root:  Error lógico corregido en patrón 54

INFO:root:  Error lógico corregido en patrón 55

INFO:root:  Error lógico corregido en patrón 60

INFO:root:  Error lógico corregido en patrón 68

INFO:root:  Error lógico corregido en patrón 69

INFO:root:  Error lógico corregido en patrón 86

INFO:root:  Error lógico corregido en patrón 89

INFO:root:  Error lógico corregido en patrón 97

INFO:root:  Error lógico corregido en patrón 101

INFO:root:  Error lógico corregido en patrón 114

INFO:root:  Error lógico corregido en patrón 122

INFO:root:  Error lógico corregido en patrón 123

INFO:root:  Error lógico corregido en patrón 127

INFO:root:  Error lógico corregido en patrón 154

INFO:root:  Error lógico corregido en patrón 155

INFO:root:  Error lógico corregido en patrón 164

INFO:root:  Error lógico corregido en patrón 169

INFO:root:  Error lógico corregido en patrón 173

INFO:root:  Error lógico corregido en patrón 183

INFO:root:  Error lógico corregido en patrón 189

INFO:root:  Error lógico corregido en patrón 192

INFO:root:  Error lógico corregido en patrón 206

INFO:root:  Error lógico corregido en patrón 207

INFO:root:  Error lógico corregido en patrón 212

INFO:root:  Error lógico corregido en patrón 213

INFO:root:  Error lógico corregido en patrón 225

INFO:root:  Error lógico corregido en patrón 229

INFO:root:  Error lógico corregido en patrón 230

INFO:root:  Error lógico corregido en patrón 237

INFO:root:  Error lógico corregido en patrón 244

INFO:root:  Error lógico corregido en patrón 251

INFO:root:  Error lógico corregido en patrón 256

INFO:root:  Error lógico corregido en patrón 259

INFO:root:  Error lógico corregido en patrón 270

INFO:root:  Error lógico corregido en patrón 298

INFO:root:  Error lógico corregido en patrón 302

INFO:root:  Error lógico corregido en patrón 303

INFO:root:  Error lógico corregido en patrón 307

INFO:root:  Error lógico corregido en patrón 323

INFO:root:  Error lógico corregido en patrón 330

INFO:root:  Error lógico corregido en patrón 337

INFO:root:  Error lógico corregido en patrón 338

INFO:root:  Error lógico corregido en patrón 348

INFO:root:  Error lógico corregido en patrón 354

INFO:root:  Error lógico corregido en patrón 356

INFO:root:  Error lógico corregido en patrón 372

INFO:root:  Error lógico corregido en patrón 390

INFO:root:  Error lógico corregido en patrón 394

INFO:root:  Error lógico corregido en patrón 422

INFO:root:  Error lógico corregido en patrón 423

INFO:root:  Error lógico corregido en patrón 429

INFO:root:  Error lógico corregido en patrón 430

INFO:root:  Error lógico corregido en patrón 434

INFO:root:  Error lógico corregido en patrón 436

INFO:root:  Error lógico corregido en patrón 441

INFO:root:  Error lógico corregido en patrón 446

INFO:root:  Error lógico corregido en patrón 459

INFO:root:  Error lógico corregido en patrón 493

INFO:root:Saving results to DynamoDB for id_nmc_batch: nmc_144_0c003_2, id_arguments: BP_44

INFO:root:Checking if table 'results_dynamodb' exists...

INFO:root:Table 'results_dynamodb' already exists.

INFO:root:Results saved to DynamoDB for id_nmc_batch: nmc_144_0c003_2

(λ: args_worker) RequestId: 7b30d4ad-ef0a-48fc-abc2-2fdd22e5fc88  Duration: 3851.65 ms  Billed Duration: 3852 ms
INFO:root:[OFFLINE] Lambda invoked successfully. HTTP code: 200

INFO:root:nmc_worker invoked with response: {'status': 'invoked'}
INFO:root:Invoking args_worker with event: {'id_nmc_batch': 'nmc_144_0c003_2', 'number_of_args_combinations_batches': 72, 'id_batch_arguments': 44}
INFO:root:[OFFLINE] Invoking lambda 'args_worker' at http://localhost:3000/dev/args_worker with payload: {'id_nmc_batch': 'nmc_144_0c003_2', 'number_of_args_combinations_batches': 72, 'id_batch_arguments': 45}



POST /dev/args_worker (λ: args_worker)
INFO:root:Event received in args_worker lambda_handler

INFO:root:codeConfig: 144, p: 0.003

INFO:root:Config with codeConfig 144 loaded

INFO:root:Bivariate bicycle code created

INFO:root:Circuit built

INFO:root:Detector error model built

INFO:root:Detector error model converted to check matrices

INFO:root:Successfully retrieved 1 arguments for id_batch_arguments: 45

INFO:root:Args variables loaded from DynamoDB

[32minfo[39m: um-cloud-data/detectors_observables/code_144/p_0c003/batch_2.json 200 2ms 3.12mb
INFO:root:Samples loaded from S3.

INFO:root:Downloading automorphism from S3: automorphisms/0.003/auto_45/data.pkl

[32minfo[39m: tum-cloud-data/automorphisms/0.003/auto_45/data.pkl 200 3ms 69.48mb
[32minfo[39m: um-cloud-data/automorphisms/0.003/auto_45/data.pkl 206 26ms 5.48mb
[32minfo[39m: um-cloud-data/automorphisms/0.003/auto_45/data.pkl 206 52ms 8mb
[32minfo[39m: um-cloud-data/automorphisms/0.003/auto_45/data.pkl 206 54ms 8mb
[32minfo[39m: um-cloud-data/automorphisms/0.003/auto_45/data.pkl 206 52ms 8mb
[32minfo[39m: um-cloud-data/automorphisms/0.003/auto_45/data.pkl 206 53ms 8mb
[32minfo[39m: um-cloud-data/automorphisms/0.003/auto_45/data.pkl 206 53ms 8mb
[32minfo[39m: um-cloud-data/automorphisms/0.003/auto_45/data.pkl 206 53ms 8mb
[32minfo[39m: um-cloud-data/automorphisms/0.003/auto_45/data.pkl 206 53ms 8mb
[32minfo[39m: um-cloud-data/automorphisms/0.003/auto_45/data.pkl 206 53ms 8mb
INFO:root:BP decoder initialized

INFO:root:Running 500 Monte Carlo trials

INFO:root:  Error lógico corregido en patrón 2

INFO:root:  Error lógico corregido en patrón 4

INFO:root:  Error lógico corregido en patrón 5

INFO:root:  Error lógico corregido en patrón 6

INFO:root:  Error lógico corregido en patrón 18

INFO:root:  Error lógico corregido en patrón 23

INFO:root:  Error lógico corregido en patrón 54

INFO:root:  Error lógico corregido en patrón 55

INFO:root:  Error lógico corregido en patrón 60

INFO:root:  Error lógico corregido en patrón 68

INFO:root:  Error lógico corregido en patrón 69

INFO:root:  Error lógico corregido en patrón 86

INFO:root:  Error lógico corregido en patrón 89

INFO:root:  Error lógico corregido en patrón 97

INFO:root:  Error lógico corregido en patrón 101

INFO:root:  Error lógico corregido en patrón 114

INFO:root:  Error lógico corregido en patrón 122

INFO:root:  Error lógico corregido en patrón 123

INFO:root:  Error lógico corregido en patrón 127

INFO:root:  Error lógico corregido en patrón 154

INFO:root:  Error lógico corregido en patrón 155

INFO:root:  Error lógico corregido en patrón 164

INFO:root:  Error lógico corregido en patrón 169

INFO:root:  Error lógico corregido en patrón 173

INFO:root:  Error lógico corregido en patrón 183

INFO:root:  Error lógico corregido en patrón 189

INFO:root:  Error lógico corregido en patrón 192

INFO:root:  Error lógico corregido en patrón 206

INFO:root:  Error lógico corregido en patrón 207

INFO:root:  Error lógico corregido en patrón 212

INFO:root:  Error lógico corregido en patrón 213

INFO:root:  Error lógico corregido en patrón 225

INFO:root:  Error lógico corregido en patrón 229

INFO:root:  Error lógico corregido en patrón 230

INFO:root:  Error lógico corregido en patrón 237

INFO:root:  Error lógico corregido en patrón 244

INFO:root:  Error lógico corregido en patrón 251

INFO:root:  Error lógico corregido en patrón 256

INFO:root:  Error lógico corregido en patrón 259

INFO:root:  Error lógico corregido en patrón 270

INFO:root:  Error lógico corregido en patrón 298

INFO:root:  Error lógico corregido en patrón 302

INFO:root:  Error lógico corregido en patrón 303

INFO:root:  Error lógico corregido en patrón 307

INFO:root:  Error lógico corregido en patrón 323

INFO:root:  Error lógico corregido en patrón 330

INFO:root:  Error lógico corregido en patrón 337

INFO:root:  Error lógico corregido en patrón 338

INFO:root:  Error lógico corregido en patrón 348

INFO:root:  Error lógico corregido en patrón 354

INFO:root:  Error lógico corregido en patrón 356

INFO:root:  Error lógico corregido en patrón 369

INFO:root:  Error lógico corregido en patrón 372

INFO:root:  Error lógico corregido en patrón 390

INFO:root:  Error lógico corregido en patrón 394

INFO:root:  Error lógico corregido en patrón 422

INFO:root:  Error lógico corregido en patrón 423

INFO:root:  Error lógico corregido en patrón 429

INFO:root:  Error lógico corregido en patrón 430

INFO:root:  Error lógico corregido en patrón 434

INFO:root:  Error lógico corregido en patrón 436

INFO:root:  Error lógico corregido en patrón 441

INFO:root:  Error lógico corregido en patrón 446

INFO:root:  Error lógico corregido en patrón 459

INFO:root:  Error lógico corregido en patrón 493

INFO:root:Saving results to DynamoDB for id_nmc_batch: nmc_144_0c003_2, id_arguments: BP_45

INFO:root:Checking if table 'results_dynamodb' exists...

INFO:root:Table 'results_dynamodb' already exists.

INFO:root:Results saved to DynamoDB for id_nmc_batch: nmc_144_0c003_2

(λ: args_worker) RequestId: 71212daa-89cb-451c-a44c-fb8f53fcf405  Duration: 3799.21 ms  Billed Duration: 3800 ms
INFO:root:[OFFLINE] Lambda invoked successfully. HTTP code: 200

INFO:root:nmc_worker invoked with response: {'status': 'invoked'}
INFO:root:Invoking args_worker with event: {'id_nmc_batch': 'nmc_144_0c003_2', 'number_of_args_combinations_batches': 72, 'id_batch_arguments': 45}
INFO:root:[OFFLINE] Invoking lambda 'args_worker' at http://localhost:3000/dev/args_worker with payload: {'id_nmc_batch': 'nmc_144_0c003_2', 'number_of_args_combinations_batches': 72, 'id_batch_arguments': 46}



POST /dev/args_worker (λ: args_worker)
INFO:root:Event received in args_worker lambda_handler

INFO:root:codeConfig: 144, p: 0.003

INFO:root:Config with codeConfig 144 loaded

INFO:root:Bivariate bicycle code created

INFO:root:Circuit built

INFO:root:Detector error model built

INFO:root:Detector error model converted to check matrices

INFO:root:Successfully retrieved 1 arguments for id_batch_arguments: 46

INFO:root:Args variables loaded from DynamoDB

[32minfo[39m: um-cloud-data/detectors_observables/code_144/p_0c003/batch_2.json 200 3ms 3.12mb
INFO:root:Samples loaded from S3.

INFO:root:Downloading automorphism from S3: automorphisms/0.003/auto_46/data.pkl

[32minfo[39m: tum-cloud-data/automorphisms/0.003/auto_46/data.pkl 200 3ms 69.48mb
[32minfo[39m: um-cloud-data/automorphisms/0.003/auto_46/data.pkl 206 29ms 5.48mb
[32minfo[39m: um-cloud-data/automorphisms/0.003/auto_46/data.pkl 206 43ms 8mb
[32minfo[39m: um-cloud-data/automorphisms/0.003/auto_46/data.pkl 206 43ms 8mb
[32minfo[39m: um-cloud-data/automorphisms/0.003/auto_46/data.pkl 206 45ms 8mb
[32minfo[39m: um-cloud-data/automorphisms/0.003/auto_46/data.pkl 206 43ms 8mb
[32minfo[39m: um-cloud-data/automorphisms/0.003/auto_46/data.pkl 206 43ms 8mb
[32minfo[39m: um-cloud-data/automorphisms/0.003/auto_46/data.pkl 206 41ms 8mb
[32minfo[39m: um-cloud-data/automorphisms/0.003/auto_46/data.pkl 206 43ms 8mb
[32minfo[39m: um-cloud-data/automorphisms/0.003/auto_46/data.pkl 206 42ms 8mb
INFO:root:BP decoder initialized

INFO:root:Running 500 Monte Carlo trials

INFO:root:  Error lógico corregido en patrón 2

INFO:root:  Error lógico corregido en patrón 4

INFO:root:  Error lógico corregido en patrón 5

INFO:root:  Error lógico corregido en patrón 6

INFO:root:  Error lógico corregido en patrón 18

INFO:root:  Error lógico corregido en patrón 23

INFO:root:  Error lógico corregido en patrón 54

INFO:root:  Error lógico corregido en patrón 55

INFO:root:  Error lógico corregido en patrón 60

INFO:root:  Error lógico corregido en patrón 68

INFO:root:  Error lógico corregido en patrón 69

INFO:root:  Error lógico corregido en patrón 86

INFO:root:  Error lógico corregido en patrón 89

INFO:root:  Error lógico corregido en patrón 97

INFO:root:  Error lógico corregido en patrón 101

INFO:root:  Error lógico corregido en patrón 114

INFO:root:  Error lógico corregido en patrón 122

INFO:root:  Error lógico corregido en patrón 123

INFO:root:  Error lógico corregido en patrón 127

INFO:root:  Error lógico corregido en patrón 154

INFO:root:  Error lógico corregido en patrón 155

INFO:root:  Error lógico corregido en patrón 164

INFO:root:  Error lógico corregido en patrón 169

INFO:root:  Error lógico corregido en patrón 173

INFO:root:  Error lógico corregido en patrón 183

INFO:root:  Error lógico corregido en patrón 189

INFO:root:  Error lógico corregido en patrón 192

INFO:root:  Error lógico corregido en patrón 206

INFO:root:  Error lógico corregido en patrón 207

INFO:root:  Error lógico corregido en patrón 212

INFO:root:  Error lógico corregido en patrón 213

INFO:root:  Error lógico corregido en patrón 225

INFO:root:  Error lógico corregido en patrón 229

INFO:root:  Error lógico corregido en patrón 230

INFO:root:  Error lógico corregido en patrón 237

INFO:root:  Error lógico corregido en patrón 244

INFO:root:  Error lógico corregido en patrón 251

INFO:root:  Error lógico corregido en patrón 256

INFO:root:  Error lógico corregido en patrón 259

INFO:root:  Error lógico corregido en patrón 270

INFO:root:  Error lógico corregido en patrón 298

INFO:root:  Error lógico corregido en patrón 302

INFO:root:  Error lógico corregido en patrón 303

INFO:root:  Error lógico corregido en patrón 307

INFO:root:  Error lógico corregido en patrón 323

INFO:root:  Error lógico corregido en patrón 330

INFO:root:  Error lógico corregido en patrón 337

INFO:root:  Error lógico corregido en patrón 338

INFO:root:  Error lógico corregido en patrón 348

INFO:root:  Error lógico corregido en patrón 354

INFO:root:  Error lógico corregido en patrón 356

INFO:root:  Error lógico corregido en patrón 372

INFO:root:  Error lógico corregido en patrón 390

INFO:root:  Error lógico corregido en patrón 394

INFO:root:  Error lógico corregido en patrón 422

INFO:root:  Error lógico corregido en patrón 423

INFO:root:  Error lógico corregido en patrón 429

INFO:root:  Error lógico corregido en patrón 430

INFO:root:  Error lógico corregido en patrón 434

INFO:root:  Error lógico corregido en patrón 436

INFO:root:  Error lógico corregido en patrón 441

INFO:root:  Error lógico corregido en patrón 446

INFO:root:  Error lógico corregido en patrón 459

INFO:root:  Error lógico corregido en patrón 493

INFO:root:Saving results to DynamoDB for id_nmc_batch: nmc_144_0c003_2, id_arguments: BP_46

INFO:root:Checking if table 'results_dynamodb' exists...

INFO:root:Table 'results_dynamodb' already exists.

INFO:root:Results saved to DynamoDB for id_nmc_batch: nmc_144_0c003_2

(λ: args_worker) RequestId: 35bc5f81-7455-47d9-a319-d84f0b4ec927  Duration: 3793.09 ms  Billed Duration: 3794 ms
INFO:root:[OFFLINE] Lambda invoked successfully. HTTP code: 200

INFO:root:nmc_worker invoked with response: {'status': 'invoked'}
INFO:root:Invoking args_worker with event: {'id_nmc_batch': 'nmc_144_0c003_2', 'number_of_args_combinations_batches': 72, 'id_batch_arguments': 46}
INFO:root:[OFFLINE] Invoking lambda 'args_worker' at http://localhost:3000/dev/args_worker with payload: {'id_nmc_batch': 'nmc_144_0c003_2', 'number_of_args_combinations_batches': 72, 'id_batch_arguments': 47}



POST /dev/args_worker (λ: args_worker)
INFO:root:Event received in args_worker lambda_handler

INFO:root:codeConfig: 144, p: 0.003

INFO:root:Config with codeConfig 144 loaded

INFO:root:Bivariate bicycle code created

INFO:root:Circuit built

INFO:root:Detector error model built

INFO:root:Detector error model converted to check matrices

INFO:root:Successfully retrieved 1 arguments for id_batch_arguments: 47

INFO:root:Args variables loaded from DynamoDB

[32minfo[39m: um-cloud-data/detectors_observables/code_144/p_0c003/batch_2.json 200 2ms 3.12mb
INFO:root:Samples loaded from S3.

INFO:root:Downloading automorphism from S3: automorphisms/0.003/auto_47/data.pkl

[32minfo[39m: tum-cloud-data/automorphisms/0.003/auto_47/data.pkl 200 4ms 69.48mb
[32minfo[39m: um-cloud-data/automorphisms/0.003/auto_47/data.pkl 206 28ms 5.48mb
[32minfo[39m: um-cloud-data/automorphisms/0.003/auto_47/data.pkl 206 37ms 8mb
[32minfo[39m: um-cloud-data/automorphisms/0.003/auto_47/data.pkl 206 37ms 8mb
[32minfo[39m: um-cloud-data/automorphisms/0.003/auto_47/data.pkl 206 38ms 8mb
[32minfo[39m: um-cloud-data/automorphisms/0.003/auto_47/data.pkl 206 39ms 8mb
[32minfo[39m: um-cloud-data/automorphisms/0.003/auto_47/data.pkl 206 40ms 8mb
[32minfo[39m: um-cloud-data/automorphisms/0.003/auto_47/data.pkl 206 41ms 8mb
[32minfo[39m: um-cloud-data/automorphisms/0.003/auto_47/data.pkl 206 40ms 8mb
[32minfo[39m: um-cloud-data/automorphisms/0.003/auto_47/data.pkl 206 42ms 8mb
INFO:root:BP decoder initialized

INFO:root:Running 500 Monte Carlo trials

INFO:root:  Error lógico corregido en patrón 2

INFO:root:  Error lógico corregido en patrón 4

INFO:root:  Error lógico corregido en patrón 5

INFO:root:  Error lógico corregido en patrón 6

INFO:root:  Error lógico corregido en patrón 18

INFO:root:  Error lógico corregido en patrón 23

INFO:root:  Error lógico corregido en patrón 24

INFO:root:  Error lógico corregido en patrón 54

INFO:root:  Error lógico corregido en patrón 55

INFO:root:  Error lógico corregido en patrón 60

INFO:root:  Error lógico corregido en patrón 68

INFO:root:  Error lógico corregido en patrón 69

INFO:root:  Error lógico corregido en patrón 86

INFO:root:  Error lógico corregido en patrón 89

INFO:root:  Error lógico corregido en patrón 97

INFO:root:  Error lógico corregido en patrón 101

INFO:root:  Error lógico corregido en patrón 114

INFO:root:  Error lógico corregido en patrón 122

INFO:root:  Error lógico corregido en patrón 123

INFO:root:  Error lógico corregido en patrón 127

INFO:root:  Error lógico corregido en patrón 154

INFO:root:  Error lógico corregido en patrón 155

INFO:root:  Error lógico corregido en patrón 164

INFO:root:  Error lógico corregido en patrón 169

INFO:root:  Error lógico corregido en patrón 173

INFO:root:  Error lógico corregido en patrón 183

INFO:root:  Error lógico corregido en patrón 189

INFO:root:  Error lógico corregido en patrón 192

INFO:root:  Error lógico corregido en patrón 206

INFO:root:  Error lógico corregido en patrón 207

INFO:root:  Error lógico corregido en patrón 212

INFO:root:  Error lógico corregido en patrón 213

INFO:root:  Error lógico corregido en patrón 225

INFO:root:  Error lógico corregido en patrón 229

INFO:root:  Error lógico corregido en patrón 230

INFO:root:  Error lógico corregido en patrón 237

INFO:root:  Error lógico corregido en patrón 244

INFO:root:  Error lógico corregido en patrón 251

INFO:root:  Error lógico corregido en patrón 256

INFO:root:  Error lógico corregido en patrón 259

INFO:root:  Error lógico corregido en patrón 270

INFO:root:  Error lógico corregido en patrón 298

INFO:root:  Error lógico corregido en patrón 302

INFO:root:  Error lógico corregido en patrón 303

INFO:root:  Error lógico corregido en patrón 307

INFO:root:  Error lógico corregido en patrón 323

INFO:root:  Error lógico corregido en patrón 330

INFO:root:  Error lógico corregido en patrón 337

INFO:root:  Error lógico corregido en patrón 338

INFO:root:  Error lógico corregido en patrón 348

INFO:root:  Error lógico corregido en patrón 354

INFO:root:  Error lógico corregido en patrón 356

INFO:root:  Error lógico corregido en patrón 369

INFO:root:  Error lógico corregido en patrón 372

INFO:root:  Error lógico corregido en patrón 390

INFO:root:  Error lógico corregido en patrón 394

INFO:root:  Error lógico corregido en patrón 422

INFO:root:  Error lógico corregido en patrón 423

INFO:root:  Error lógico corregido en patrón 429

INFO:root:  Error lógico corregido en patrón 430

INFO:root:  Error lógico corregido en patrón 434

INFO:root:  Error lógico corregido en patrón 436

INFO:root:  Error lógico corregido en patrón 441

INFO:root:  Error lógico corregido en patrón 446

INFO:root:  Error lógico corregido en patrón 459

INFO:root:  Error lógico corregido en patrón 493

INFO:root:Saving results to DynamoDB for id_nmc_batch: nmc_144_0c003_2, id_arguments: BP_47

INFO:root:Checking if table 'results_dynamodb' exists...

INFO:root:Table 'results_dynamodb' already exists.

INFO:root:Results saved to DynamoDB for id_nmc_batch: nmc_144_0c003_2

(λ: args_worker) RequestId: 098b0e2f-f758-4631-92f5-6070efe45444  Duration: 3781.68 ms  Billed Duration: 3782 ms
INFO:root:[OFFLINE] Lambda invoked successfully. HTTP code: 200

INFO:root:nmc_worker invoked with response: {'status': 'invoked'}
INFO:root:Invoking args_worker with event: {'id_nmc_batch': 'nmc_144_0c003_2', 'number_of_args_combinations_batches': 72, 'id_batch_arguments': 47}
INFO:root:[OFFLINE] Invoking lambda 'args_worker' at http://localhost:3000/dev/args_worker with payload: {'id_nmc_batch': 'nmc_144_0c003_2', 'number_of_args_combinations_batches': 72, 'id_batch_arguments': 48}



POST /dev/args_worker (λ: args_worker)
INFO:root:Event received in args_worker lambda_handler

INFO:root:codeConfig: 144, p: 0.003

INFO:root:Config with codeConfig 144 loaded

INFO:root:Bivariate bicycle code created

INFO:root:Circuit built

INFO:root:Detector error model built

INFO:root:Detector error model converted to check matrices

INFO:root:Successfully retrieved 1 arguments for id_batch_arguments: 48

INFO:root:Args variables loaded from DynamoDB

[32minfo[39m: um-cloud-data/detectors_observables/code_144/p_0c003/batch_2.json 200 2ms 3.12mb
INFO:root:Samples loaded from S3.

INFO:root:Downloading automorphism from S3: automorphisms/0.003/auto_48/data.pkl

[32minfo[39m: tum-cloud-data/automorphisms/0.003/auto_48/data.pkl 200 3ms 69.48mb
[32minfo[39m: um-cloud-data/automorphisms/0.003/auto_48/data.pkl 206 27ms 5.48mb
[32minfo[39m: um-cloud-data/automorphisms/0.003/auto_48/data.pkl 206 37ms 8mb
[32minfo[39m: um-cloud-data/automorphisms/0.003/auto_48/data.pkl 206 40ms 8mb
[32minfo[39m: um-cloud-data/automorphisms/0.003/auto_48/data.pkl 206 39ms 8mb
[32minfo[39m: um-cloud-data/automorphisms/0.003/auto_48/data.pkl 206 41ms 8mb
[32minfo[39m: um-cloud-data/automorphisms/0.003/auto_48/data.pkl 206 41ms 8mb
[32minfo[39m: um-cloud-data/automorphisms/0.003/auto_48/data.pkl 206 40ms 8mb
[32minfo[39m: um-cloud-data/automorphisms/0.003/auto_48/data.pkl 206 41ms 8mb
[32minfo[39m: um-cloud-data/automorphisms/0.003/auto_48/data.pkl 206 41ms 8mb
INFO:root:BP decoder initialized

INFO:root:Running 500 Monte Carlo trials

INFO:root:  Error lógico corregido en patrón 2

INFO:root:  Error lógico corregido en patrón 4

INFO:root:  Error lógico corregido en patrón 5

INFO:root:  Error lógico corregido en patrón 6

INFO:root:  Error lógico corregido en patrón 18

INFO:root:  Error lógico corregido en patrón 23

INFO:root:  Error lógico corregido en patrón 54

INFO:root:  Error lógico corregido en patrón 55

INFO:root:  Error lógico corregido en patrón 60

INFO:root:  Error lógico corregido en patrón 68

INFO:root:  Error lógico corregido en patrón 69

INFO:root:  Error lógico corregido en patrón 86

INFO:root:  Error lógico corregido en patrón 89

INFO:root:  Error lógico corregido en patrón 97

INFO:root:  Error lógico corregido en patrón 101

INFO:root:  Error lógico corregido en patrón 114

INFO:root:  Error lógico corregido en patrón 122

INFO:root:  Error lógico corregido en patrón 123

INFO:root:  Error lógico corregido en patrón 127

INFO:root:  Error lógico corregido en patrón 154

INFO:root:  Error lógico corregido en patrón 155

INFO:root:  Error lógico corregido en patrón 164

INFO:root:  Error lógico corregido en patrón 169

INFO:root:  Error lógico corregido en patrón 173

INFO:root:  Error lógico corregido en patrón 183

INFO:root:  Error lógico corregido en patrón 189

INFO:root:  Error lógico corregido en patrón 192

INFO:root:  Error lógico corregido en patrón 206

INFO:root:  Error lógico corregido en patrón 207

INFO:root:  Error lógico corregido en patrón 212

INFO:root:  Error lógico corregido en patrón 213

INFO:root:  Error lógico corregido en patrón 225

INFO:root:  Error lógico corregido en patrón 229

INFO:root:  Error lógico corregido en patrón 230

INFO:root:  Error lógico corregido en patrón 237

INFO:root:  Error lógico corregido en patrón 244

INFO:root:  Error lógico corregido en patrón 251

INFO:root:  Error lógico corregido en patrón 256

INFO:root:  Error lógico corregido en patrón 259

INFO:root:  Error lógico corregido en patrón 270

INFO:root:  Error lógico corregido en patrón 298

INFO:root:  Error lógico corregido en patrón 302

INFO:root:  Error lógico corregido en patrón 303

INFO:root:  Error lógico corregido en patrón 307

INFO:root:  Error lógico corregido en patrón 323

INFO:root:  Error lógico corregido en patrón 330

INFO:root:  Error lógico corregido en patrón 337

INFO:root:  Error lógico corregido en patrón 338

INFO:root:  Error lógico corregido en patrón 348

INFO:root:  Error lógico corregido en patrón 354

INFO:root:  Error lógico corregido en patrón 356

INFO:root:  Error lógico corregido en patrón 372

INFO:root:  Error lógico corregido en patrón 390

INFO:root:  Error lógico corregido en patrón 394

INFO:root:  Error lógico corregido en patrón 422

INFO:root:  Error lógico corregido en patrón 423

INFO:root:  Error lógico corregido en patrón 429

INFO:root:  Error lógico corregido en patrón 430

INFO:root:  Error lógico corregido en patrón 434

INFO:root:  Error lógico corregido en patrón 436

INFO:root:  Error lógico corregido en patrón 441

INFO:root:  Error lógico corregido en patrón 446

INFO:root:  Error lógico corregido en patrón 459

INFO:root:  Error lógico corregido en patrón 493

INFO:root:Saving results to DynamoDB for id_nmc_batch: nmc_144_0c003_2, id_arguments: BP_48

INFO:root:Checking if table 'results_dynamodb' exists...

INFO:root:Table 'results_dynamodb' already exists.

INFO:root:Results saved to DynamoDB for id_nmc_batch: nmc_144_0c003_2

(λ: args_worker) RequestId: 8753c20e-caf3-4932-be2f-339371c6d60c  Duration: 3820.75 ms  Billed Duration: 3821 ms
INFO:root:[OFFLINE] Lambda invoked successfully. HTTP code: 200

INFO:root:nmc_worker invoked with response: {'status': 'invoked'}
INFO:root:Invoking args_worker with event: {'id_nmc_batch': 'nmc_144_0c003_2', 'number_of_args_combinations_batches': 72, 'id_batch_arguments': 48}
INFO:root:[OFFLINE] Invoking lambda 'args_worker' at http://localhost:3000/dev/args_worker with payload: {'id_nmc_batch': 'nmc_144_0c003_2', 'number_of_args_combinations_batches': 72, 'id_batch_arguments': 49}



POST /dev/args_worker (λ: args_worker)
INFO:root:Event received in args_worker lambda_handler

INFO:root:codeConfig: 144, p: 0.003

INFO:root:Config with codeConfig 144 loaded

INFO:root:Bivariate bicycle code created

INFO:root:Circuit built

INFO:root:Detector error model built

INFO:root:Detector error model converted to check matrices

INFO:root:Successfully retrieved 1 arguments for id_batch_arguments: 49

INFO:root:Args variables loaded from DynamoDB

[32minfo[39m: um-cloud-data/detectors_observables/code_144/p_0c003/batch_2.json 200 2ms 3.12mb
INFO:root:Samples loaded from S3.

INFO:root:Downloading automorphism from S3: automorphisms/0.003/auto_49/data.pkl

[32minfo[39m: tum-cloud-data/automorphisms/0.003/auto_49/data.pkl 200 3ms 69.48mb
[32minfo[39m: um-cloud-data/automorphisms/0.003/auto_49/data.pkl 206 30ms 5.48mb
[32minfo[39m: um-cloud-data/automorphisms/0.003/auto_49/data.pkl 206 40ms 8mb
[32minfo[39m: um-cloud-data/automorphisms/0.003/auto_49/data.pkl 206 41ms 8mb
[32minfo[39m: um-cloud-data/automorphisms/0.003/auto_49/data.pkl 206 40ms 8mb
[32minfo[39m: um-cloud-data/automorphisms/0.003/auto_49/data.pkl 206 41ms 8mb
[32minfo[39m: um-cloud-data/automorphisms/0.003/auto_49/data.pkl 206 41ms 8mb
[32minfo[39m: um-cloud-data/automorphisms/0.003/auto_49/data.pkl 206 41ms 8mb
[32minfo[39m: um-cloud-data/automorphisms/0.003/auto_49/data.pkl 206 40ms 8mb
[32minfo[39m: um-cloud-data/automorphisms/0.003/auto_49/data.pkl 206 42ms 8mb
INFO:root:BP decoder initialized

INFO:root:Running 500 Monte Carlo trials

INFO:root:  Error lógico corregido en patrón 2

INFO:root:  Error lógico corregido en patrón 4

INFO:root:  Error lógico corregido en patrón 5

INFO:root:  Error lógico corregido en patrón 6

INFO:root:  Error lógico corregido en patrón 18

INFO:root:  Error lógico corregido en patrón 23

INFO:root:  Error lógico corregido en patrón 24

INFO:root:  Error lógico corregido en patrón 54

INFO:root:  Error lógico corregido en patrón 55

INFO:root:  Error lógico corregido en patrón 60

INFO:root:  Error lógico corregido en patrón 68

INFO:root:  Error lógico corregido en patrón 69

INFO:root:  Error lógico corregido en patrón 86

INFO:root:  Error lógico corregido en patrón 89

INFO:root:  Error lógico corregido en patrón 97

INFO:root:  Error lógico corregido en patrón 101

INFO:root:  Error lógico corregido en patrón 114

INFO:root:  Error lógico corregido en patrón 122

INFO:root:  Error lógico corregido en patrón 123

INFO:root:  Error lógico corregido en patrón 127

INFO:root:  Error lógico corregido en patrón 154

INFO:root:  Error lógico corregido en patrón 155

INFO:root:  Error lógico corregido en patrón 164

INFO:root:  Error lógico corregido en patrón 169

INFO:root:  Error lógico corregido en patrón 173

INFO:root:  Error lógico corregido en patrón 183

INFO:root:  Error lógico corregido en patrón 189

INFO:root:  Error lógico corregido en patrón 192

INFO:root:  Error lógico corregido en patrón 206

INFO:root:  Error lógico corregido en patrón 207

INFO:root:  Error lógico corregido en patrón 212

INFO:root:  Error lógico corregido en patrón 213

INFO:root:  Error lógico corregido en patrón 225

INFO:root:  Error lógico corregido en patrón 229

INFO:root:  Error lógico corregido en patrón 230

INFO:root:  Error lógico corregido en patrón 237

INFO:root:  Error lógico corregido en patrón 244

INFO:root:  Error lógico corregido en patrón 251

INFO:root:  Error lógico corregido en patrón 256

INFO:root:  Error lógico corregido en patrón 259

INFO:root:  Error lógico corregido en patrón 270

INFO:root:  Error lógico corregido en patrón 298

INFO:root:  Error lógico corregido en patrón 302

INFO:root:  Error lógico corregido en patrón 303

INFO:root:  Error lógico corregido en patrón 307

INFO:root:  Error lógico corregido en patrón 323

INFO:root:  Error lógico corregido en patrón 330

INFO:root:  Error lógico corregido en patrón 337

INFO:root:  Error lógico corregido en patrón 338

INFO:root:  Error lógico corregido en patrón 348

INFO:root:  Error lógico corregido en patrón 354

INFO:root:  Error lógico corregido en patrón 356

INFO:root:  Error lógico corregido en patrón 372

INFO:root:  Error lógico corregido en patrón 390

INFO:root:  Error lógico corregido en patrón 394

INFO:root:  Error lógico corregido en patrón 422

INFO:root:  Error lógico corregido en patrón 423

INFO:root:  Error lógico corregido en patrón 429

INFO:root:  Error lógico corregido en patrón 430

INFO:root:  Error lógico corregido en patrón 434

INFO:root:  Error lógico corregido en patrón 436

INFO:root:  Error lógico corregido en patrón 441

INFO:root:  Error lógico corregido en patrón 446

INFO:root:  Error lógico corregido en patrón 459

INFO:root:  Error lógico corregido en patrón 493

INFO:root:Saving results to DynamoDB for id_nmc_batch: nmc_144_0c003_2, id_arguments: BP_49

INFO:root:Checking if table 'results_dynamodb' exists...

INFO:root:Table 'results_dynamodb' already exists.

INFO:root:Results saved to DynamoDB for id_nmc_batch: nmc_144_0c003_2

(λ: args_worker) RequestId: df3efe8a-3acd-416f-9d90-e551834cd1d2  Duration: 3773.27 ms  Billed Duration: 3774 ms
INFO:root:[OFFLINE] Lambda invoked successfully. HTTP code: 200

INFO:root:nmc_worker invoked with response: {'status': 'invoked'}
INFO:root:Invoking args_worker with event: {'id_nmc_batch': 'nmc_144_0c003_2', 'number_of_args_combinations_batches': 72, 'id_batch_arguments': 49}
INFO:root:[OFFLINE] Invoking lambda 'args_worker' at http://localhost:3000/dev/args_worker with payload: {'id_nmc_batch': 'nmc_144_0c003_2', 'number_of_args_combinations_batches': 72, 'id_batch_arguments': 50}



POST /dev/args_worker (λ: args_worker)
INFO:root:Event received in args_worker lambda_handler

INFO:root:codeConfig: 144, p: 0.003

INFO:root:Config with codeConfig 144 loaded

INFO:root:Bivariate bicycle code created

INFO:root:Circuit built

INFO:root:Detector error model built

INFO:root:Detector error model converted to check matrices

INFO:root:Successfully retrieved 1 arguments for id_batch_arguments: 50

INFO:root:Args variables loaded from DynamoDB

[32minfo[39m: um-cloud-data/detectors_observables/code_144/p_0c003/batch_2.json 200 2ms 3.12mb
INFO:root:Samples loaded from S3.

INFO:root:Downloading automorphism from S3: automorphisms/0.003/auto_50/data.pkl

[32minfo[39m: tum-cloud-data/automorphisms/0.003/auto_50/data.pkl 200 4ms 69.48mb
[32minfo[39m: um-cloud-data/automorphisms/0.003/auto_50/data.pkl 206 26ms 5.48mb
[32minfo[39m: um-cloud-data/automorphisms/0.003/auto_50/data.pkl 206 36ms 8mb
[32minfo[39m: um-cloud-data/automorphisms/0.003/auto_50/data.pkl 206 40ms 8mb
[32minfo[39m: um-cloud-data/automorphisms/0.003/auto_50/data.pkl 206 40ms 8mb
[32minfo[39m: um-cloud-data/automorphisms/0.003/auto_50/data.pkl 206 54ms 8mb
[32minfo[39m: um-cloud-data/automorphisms/0.003/auto_50/data.pkl 206 56ms 8mb
[32minfo[39m: um-cloud-data/automorphisms/0.003/auto_50/data.pkl 206 54ms 8mb
[32minfo[39m: um-cloud-data/automorphisms/0.003/auto_50/data.pkl 206 57ms 8mb
[32minfo[39m: um-cloud-data/automorphisms/0.003/auto_50/data.pkl 206 52ms 8mb
INFO:root:BP decoder initialized

INFO:root:Running 500 Monte Carlo trials

INFO:root:  Error lógico corregido en patrón 2

INFO:root:  Error lógico corregido en patrón 4

INFO:root:  Error lógico corregido en patrón 5

INFO:root:  Error lógico corregido en patrón 6

INFO:root:  Error lógico corregido en patrón 18

INFO:root:  Error lógico corregido en patrón 23

INFO:root:  Error lógico corregido en patrón 54

INFO:root:  Error lógico corregido en patrón 55

INFO:root:  Error lógico corregido en patrón 60

INFO:root:  Error lógico corregido en patrón 68

INFO:root:  Error lógico corregido en patrón 69

INFO:root:  Error lógico corregido en patrón 86

INFO:root:  Error lógico corregido en patrón 89

INFO:root:  Error lógico corregido en patrón 97

INFO:root:  Error lógico corregido en patrón 101

INFO:root:  Error lógico corregido en patrón 114

INFO:root:  Error lógico corregido en patrón 122

INFO:root:  Error lógico corregido en patrón 123

INFO:root:  Error lógico corregido en patrón 127

INFO:root:  Error lógico corregido en patrón 154

INFO:root:  Error lógico corregido en patrón 155

INFO:root:  Error lógico corregido en patrón 164

INFO:root:  Error lógico corregido en patrón 169

INFO:root:  Error lógico corregido en patrón 173

INFO:root:  Error lógico corregido en patrón 183

INFO:root:  Error lógico corregido en patrón 189

INFO:root:  Error lógico corregido en patrón 192

INFO:root:  Error lógico corregido en patrón 206

INFO:root:  Error lógico corregido en patrón 207

INFO:root:  Error lógico corregido en patrón 212

INFO:root:  Error lógico corregido en patrón 213

INFO:root:  Error lógico corregido en patrón 225

INFO:root:  Error lógico corregido en patrón 229

INFO:root:  Error lógico corregido en patrón 230

INFO:root:  Error lógico corregido en patrón 237

INFO:root:  Error lógico corregido en patrón 244

INFO:root:  Error lógico corregido en patrón 251

INFO:root:  Error lógico corregido en patrón 256

INFO:root:  Error lógico corregido en patrón 259

INFO:root:  Error lógico corregido en patrón 270

INFO:root:  Error lógico corregido en patrón 298

INFO:root:  Error lógico corregido en patrón 302

INFO:root:  Error lógico corregido en patrón 303

INFO:root:  Error lógico corregido en patrón 307

INFO:root:  Error lógico corregido en patrón 323

INFO:root:  Error lógico corregido en patrón 330

INFO:root:  Error lógico corregido en patrón 337

INFO:root:  Error lógico corregido en patrón 338

INFO:root:  Error lógico corregido en patrón 348

INFO:root:  Error lógico corregido en patrón 354

INFO:root:  Error lógico corregido en patrón 356

INFO:root:  Error lógico corregido en patrón 369

INFO:root:  Error lógico corregido en patrón 372

INFO:root:  Error lógico corregido en patrón 390

INFO:root:  Error lógico corregido en patrón 394

INFO:root:  Error lógico corregido en patrón 422

INFO:root:  Error lógico corregido en patrón 423

INFO:root:  Error lógico corregido en patrón 429

INFO:root:  Error lógico corregido en patrón 430

INFO:root:  Error lógico corregido en patrón 434

INFO:root:  Error lógico corregido en patrón 436

INFO:root:  Error lógico corregido en patrón 441

INFO:root:  Error lógico corregido en patrón 446

INFO:root:  Error lógico corregido en patrón 459

INFO:root:  Error lógico corregido en patrón 493

INFO:root:Saving results to DynamoDB for id_nmc_batch: nmc_144_0c003_2, id_arguments: BP_50

INFO:root:Checking if table 'results_dynamodb' exists...

INFO:root:Table 'results_dynamodb' already exists.

INFO:root:Results saved to DynamoDB for id_nmc_batch: nmc_144_0c003_2

(λ: args_worker) RequestId: b378ebcf-7b03-42bc-b663-c3f75e908261  Duration: 3803.85 ms  Billed Duration: 3804 ms
INFO:root:[OFFLINE] Lambda invoked successfully. HTTP code: 200

INFO:root:nmc_worker invoked with response: {'status': 'invoked'}
INFO:root:Invoking args_worker with event: {'id_nmc_batch': 'nmc_144_0c003_2', 'number_of_args_combinations_batches': 72, 'id_batch_arguments': 50}
INFO:root:[OFFLINE] Invoking lambda 'args_worker' at http://localhost:3000/dev/args_worker with payload: {'id_nmc_batch': 'nmc_144_0c003_2', 'number_of_args_combinations_batches': 72, 'id_batch_arguments': 51}



POST /dev/args_worker (λ: args_worker)
INFO:root:Event received in args_worker lambda_handler

INFO:root:codeConfig: 144, p: 0.003

INFO:root:Config with codeConfig 144 loaded

INFO:root:Bivariate bicycle code created

INFO:root:Circuit built

INFO:root:Detector error model built

INFO:root:Detector error model converted to check matrices

INFO:root:Successfully retrieved 1 arguments for id_batch_arguments: 51

INFO:root:Args variables loaded from DynamoDB

[32minfo[39m: um-cloud-data/detectors_observables/code_144/p_0c003/batch_2.json 200 2ms 3.12mb
INFO:root:Samples loaded from S3.

INFO:root:Downloading automorphism from S3: automorphisms/0.003/auto_51/data.pkl

[32minfo[39m: tum-cloud-data/automorphisms/0.003/auto_51/data.pkl 200 3ms 69.48mb
[32minfo[39m: um-cloud-data/automorphisms/0.003/auto_51/data.pkl 206 26ms 5.48mb
[32minfo[39m: um-cloud-data/automorphisms/0.003/auto_51/data.pkl 206 36ms 8mb
[32minfo[39m: um-cloud-data/automorphisms/0.003/auto_51/data.pkl 206 39ms 8mb
[32minfo[39m: um-cloud-data/automorphisms/0.003/auto_51/data.pkl 206 39ms 8mb
[32minfo[39m: um-cloud-data/automorphisms/0.003/auto_51/data.pkl 206 40ms 8mb
[32minfo[39m: um-cloud-data/automorphisms/0.003/auto_51/data.pkl 206 41ms 8mb
[32minfo[39m: um-cloud-data/automorphisms/0.003/auto_51/data.pkl 206 40ms 8mb
[32minfo[39m: um-cloud-data/automorphisms/0.003/auto_51/data.pkl 206 40ms 8mb
[32minfo[39m: um-cloud-data/automorphisms/0.003/auto_51/data.pkl 206 42ms 8mb
INFO:root:BP decoder initialized

INFO:root:Running 500 Monte Carlo trials

INFO:root:  Error lógico corregido en patrón 2

INFO:root:  Error lógico corregido en patrón 4

INFO:root:  Error lógico corregido en patrón 5

INFO:root:  Error lógico corregido en patrón 6

INFO:root:  Error lógico corregido en patrón 18

INFO:root:  Error lógico corregido en patrón 23

INFO:root:  Error lógico corregido en patrón 54

INFO:root:  Error lógico corregido en patrón 55

INFO:root:  Error lógico corregido en patrón 60

INFO:root:  Error lógico corregido en patrón 68

INFO:root:  Error lógico corregido en patrón 69

INFO:root:  Error lógico corregido en patrón 86

INFO:root:  Error lógico corregido en patrón 89

INFO:root:  Error lógico corregido en patrón 97

INFO:root:  Error lógico corregido en patrón 101

INFO:root:  Error lógico corregido en patrón 114

INFO:root:  Error lógico corregido en patrón 122

INFO:root:  Error lógico corregido en patrón 123

INFO:root:  Error lógico corregido en patrón 127

INFO:root:  Error lógico corregido en patrón 154

INFO:root:  Error lógico corregido en patrón 155

INFO:root:  Error lógico corregido en patrón 164

INFO:root:  Error lógico corregido en patrón 169

INFO:root:  Error lógico corregido en patrón 173

INFO:root:  Error lógico corregido en patrón 183

INFO:root:  Error lógico corregido en patrón 189

INFO:root:  Error lógico corregido en patrón 192

INFO:root:  Error lógico corregido en patrón 206

INFO:root:  Error lógico corregido en patrón 207

INFO:root:  Error lógico corregido en patrón 212

INFO:root:  Error lógico corregido en patrón 213

INFO:root:  Error lógico corregido en patrón 225

INFO:root:  Error lógico corregido en patrón 229

INFO:root:  Error lógico corregido en patrón 230

INFO:root:  Error lógico corregido en patrón 237

INFO:root:  Error lógico corregido en patrón 244

INFO:root:  Error lógico corregido en patrón 251

INFO:root:  Error lógico corregido en patrón 256

INFO:root:  Error lógico corregido en patrón 259

INFO:root:  Error lógico corregido en patrón 270

INFO:root:  Error lógico corregido en patrón 298

INFO:root:  Error lógico corregido en patrón 302

INFO:root:  Error lógico corregido en patrón 303

INFO:root:  Error lógico corregido en patrón 307

INFO:root:  Error lógico corregido en patrón 323

INFO:root:  Error lógico corregido en patrón 330

INFO:root:  Error lógico corregido en patrón 337

INFO:root:  Error lógico corregido en patrón 338

INFO:root:  Error lógico corregido en patrón 348

INFO:root:  Error lógico corregido en patrón 354

INFO:root:  Error lógico corregido en patrón 356

INFO:root:  Error lógico corregido en patrón 372

INFO:root:  Error lógico corregido en patrón 390

INFO:root:  Error lógico corregido en patrón 394

INFO:root:  Error lógico corregido en patrón 422

INFO:root:  Error lógico corregido en patrón 423

INFO:root:  Error lógico corregido en patrón 429

INFO:root:  Error lógico corregido en patrón 430

INFO:root:  Error lógico corregido en patrón 434

INFO:root:  Error lógico corregido en patrón 436

INFO:root:  Error lógico corregido en patrón 441

INFO:root:  Error lógico corregido en patrón 446

INFO:root:  Error lógico corregido en patrón 459

INFO:root:  Error lógico corregido en patrón 493

INFO:root:Saving results to DynamoDB for id_nmc_batch: nmc_144_0c003_2, id_arguments: BP_51

INFO:root:Checking if table 'results_dynamodb' exists...

INFO:root:Table 'results_dynamodb' already exists.

INFO:root:Results saved to DynamoDB for id_nmc_batch: nmc_144_0c003_2

(λ: args_worker) RequestId: bada6ed7-b8db-453c-9f06-76b42bcaba74  Duration: 3818.25 ms  Billed Duration: 3819 ms
INFO:root:[OFFLINE] Lambda invoked successfully. HTTP code: 200

INFO:root:nmc_worker invoked with response: {'status': 'invoked'}
INFO:root:Invoking args_worker with event: {'id_nmc_batch': 'nmc_144_0c003_2', 'number_of_args_combinations_batches': 72, 'id_batch_arguments': 51}
INFO:root:[OFFLINE] Invoking lambda 'args_worker' at http://localhost:3000/dev/args_worker with payload: {'id_nmc_batch': 'nmc_144_0c003_2', 'number_of_args_combinations_batches': 72, 'id_batch_arguments': 52}



POST /dev/args_worker (λ: args_worker)
INFO:root:Event received in args_worker lambda_handler

INFO:root:codeConfig: 144, p: 0.003

INFO:root:Config with codeConfig 144 loaded

INFO:root:Bivariate bicycle code created

INFO:root:Circuit built

INFO:root:Detector error model built

INFO:root:Detector error model converted to check matrices

INFO:root:Successfully retrieved 1 arguments for id_batch_arguments: 52

INFO:root:Args variables loaded from DynamoDB

[32minfo[39m: um-cloud-data/detectors_observables/code_144/p_0c003/batch_2.json 200 2ms 3.12mb
INFO:root:Samples loaded from S3.

INFO:root:Downloading automorphism from S3: automorphisms/0.003/auto_52/data.pkl

[32minfo[39m: tum-cloud-data/automorphisms/0.003/auto_52/data.pkl 200 5ms 69.48mb
[32minfo[39m: um-cloud-data/automorphisms/0.003/auto_52/data.pkl 206 39ms 5.48mb
[32minfo[39m: um-cloud-data/automorphisms/0.003/auto_52/data.pkl 206 46ms 8mb
[32minfo[39m: um-cloud-data/automorphisms/0.003/auto_52/data.pkl 206 46ms 8mb
[32minfo[39m: um-cloud-data/automorphisms/0.003/auto_52/data.pkl 206 49ms 8mb
[32minfo[39m: um-cloud-data/automorphisms/0.003/auto_52/data.pkl 206 47ms 8mb
[32minfo[39m: um-cloud-data/automorphisms/0.003/auto_52/data.pkl 206 48ms 8mb
[32minfo[39m: um-cloud-data/automorphisms/0.003/auto_52/data.pkl 206 48ms 8mb
[32minfo[39m: um-cloud-data/automorphisms/0.003/auto_52/data.pkl 206 49ms 8mb
[32minfo[39m: um-cloud-data/automorphisms/0.003/auto_52/data.pkl 206 49ms 8mb
INFO:root:BP decoder initialized

INFO:root:Running 500 Monte Carlo trials

INFO:root:  Error lógico corregido en patrón 2

INFO:root:  Error lógico corregido en patrón 4

INFO:root:  Error lógico corregido en patrón 5

INFO:root:  Error lógico corregido en patrón 6

INFO:root:  Error lógico corregido en patrón 18

INFO:root:  Error lógico corregido en patrón 23

INFO:root:  Error lógico corregido en patrón 54

INFO:root:  Error lógico corregido en patrón 55

INFO:root:  Error lógico corregido en patrón 60

INFO:root:  Error lógico corregido en patrón 68

INFO:root:  Error lógico corregido en patrón 69

INFO:root:  Error lógico corregido en patrón 86

INFO:root:  Error lógico corregido en patrón 89

INFO:root:  Error lógico corregido en patrón 97

INFO:root:  Error lógico corregido en patrón 101

INFO:root:  Error lógico corregido en patrón 114

INFO:root:  Error lógico corregido en patrón 122

INFO:root:  Error lógico corregido en patrón 123

INFO:root:  Error lógico corregido en patrón 127

INFO:root:  Error lógico corregido en patrón 154

INFO:root:  Error lógico corregido en patrón 155

INFO:root:  Error lógico corregido en patrón 164

INFO:root:  Error lógico corregido en patrón 169

INFO:root:  Error lógico corregido en patrón 173

INFO:root:  Error lógico corregido en patrón 183

INFO:root:  Error lógico corregido en patrón 189

INFO:root:  Error lógico corregido en patrón 192

INFO:root:  Error lógico corregido en patrón 206

INFO:root:  Error lógico corregido en patrón 207

INFO:root:  Error lógico corregido en patrón 212

INFO:root:  Error lógico corregido en patrón 213

INFO:root:  Error lógico corregido en patrón 225

INFO:root:  Error lógico corregido en patrón 229

INFO:root:  Error lógico corregido en patrón 230

INFO:root:  Error lógico corregido en patrón 237

INFO:root:  Error lógico corregido en patrón 244

INFO:root:  Error lógico corregido en patrón 251

INFO:root:  Error lógico corregido en patrón 256

INFO:root:  Error lógico corregido en patrón 259

INFO:root:  Error lógico corregido en patrón 270

INFO:root:  Error lógico corregido en patrón 298

INFO:root:  Error lógico corregido en patrón 302

INFO:root:  Error lógico corregido en patrón 303

INFO:root:  Error lógico corregido en patrón 307

INFO:root:  Error lógico corregido en patrón 323

INFO:root:  Error lógico corregido en patrón 330

INFO:root:  Error lógico corregido en patrón 337

INFO:root:  Error lógico corregido en patrón 338

INFO:root:  Error lógico corregido en patrón 348

INFO:root:  Error lógico corregido en patrón 354

INFO:root:  Error lógico corregido en patrón 356

INFO:root:  Error lógico corregido en patrón 372

INFO:root:  Error lógico corregido en patrón 390

INFO:root:  Error lógico corregido en patrón 394

INFO:root:  Error lógico corregido en patrón 422

INFO:root:  Error lógico corregido en patrón 423

INFO:root:  Error lógico corregido en patrón 429

INFO:root:  Error lógico corregido en patrón 430

INFO:root:  Error lógico corregido en patrón 434

INFO:root:  Error lógico corregido en patrón 436

INFO:root:  Error lógico corregido en patrón 441

INFO:root:  Error lógico corregido en patrón 446

INFO:root:  Error lógico corregido en patrón 459

INFO:root:  Error lógico corregido en patrón 493

INFO:root:Saving results to DynamoDB for id_nmc_batch: nmc_144_0c003_2, id_arguments: BP_52

INFO:root:Checking if table 'results_dynamodb' exists...

INFO:root:Table 'results_dynamodb' already exists.

INFO:root:Results saved to DynamoDB for id_nmc_batch: nmc_144_0c003_2

(λ: args_worker) RequestId: 3561f5dd-59c7-476d-8a35-1522e5571f75  Duration: 3790.45 ms  Billed Duration: 3791 ms
INFO:root:[OFFLINE] Lambda invoked successfully. HTTP code: 200

INFO:root:nmc_worker invoked with response: {'status': 'invoked'}
INFO:root:Invoking args_worker with event: {'id_nmc_batch': 'nmc_144_0c003_2', 'number_of_args_combinations_batches': 72, 'id_batch_arguments': 52}
INFO:root:[OFFLINE] Invoking lambda 'args_worker' at http://localhost:3000/dev/args_worker with payload: {'id_nmc_batch': 'nmc_144_0c003_2', 'number_of_args_combinations_batches': 72, 'id_batch_arguments': 53}



POST /dev/args_worker (λ: args_worker)
INFO:root:Event received in args_worker lambda_handler

INFO:root:codeConfig: 144, p: 0.003

INFO:root:Config with codeConfig 144 loaded

INFO:root:Bivariate bicycle code created

INFO:root:Circuit built

INFO:root:Detector error model built

INFO:root:Detector error model converted to check matrices

INFO:root:Successfully retrieved 1 arguments for id_batch_arguments: 53

INFO:root:Args variables loaded from DynamoDB

[32minfo[39m: um-cloud-data/detectors_observables/code_144/p_0c003/batch_2.json 200 2ms 3.12mb
INFO:root:Samples loaded from S3.

INFO:root:Downloading automorphism from S3: automorphisms/0.003/auto_53/data.pkl

[32minfo[39m: tum-cloud-data/automorphisms/0.003/auto_53/data.pkl 200 0ms 69.48mb
[32minfo[39m: um-cloud-data/automorphisms/0.003/auto_53/data.pkl 206 26ms 5.48mb
[32minfo[39m: um-cloud-data/automorphisms/0.003/auto_53/data.pkl 206 37ms 8mb
[32minfo[39m: um-cloud-data/automorphisms/0.003/auto_53/data.pkl 206 38ms 8mb
[32minfo[39m: um-cloud-data/automorphisms/0.003/auto_53/data.pkl 206 38ms 8mb
[32minfo[39m: um-cloud-data/automorphisms/0.003/auto_53/data.pkl 206 38ms 8mb
[32minfo[39m: um-cloud-data/automorphisms/0.003/auto_53/data.pkl 206 39ms 8mb
[32minfo[39m: um-cloud-data/automorphisms/0.003/auto_53/data.pkl 206 38ms 8mb
[32minfo[39m: um-cloud-data/automorphisms/0.003/auto_53/data.pkl 206 38ms 8mb
[32minfo[39m: um-cloud-data/automorphisms/0.003/auto_53/data.pkl 206 38ms 8mb
INFO:root:BP decoder initialized

INFO:root:Running 500 Monte Carlo trials

INFO:root:  Error lógico corregido en patrón 2

INFO:root:  Error lógico corregido en patrón 4

INFO:root:  Error lógico corregido en patrón 5

INFO:root:  Error lógico corregido en patrón 6

INFO:root:  Error lógico corregido en patrón 18

INFO:root:  Error lógico corregido en patrón 23

INFO:root:  Error lógico corregido en patrón 24

INFO:root:  Error lógico corregido en patrón 54

INFO:root:  Error lógico corregido en patrón 55

INFO:root:  Error lógico corregido en patrón 60

INFO:root:  Error lógico corregido en patrón 68

INFO:root:  Error lógico corregido en patrón 69

INFO:root:  Error lógico corregido en patrón 86

INFO:root:  Error lógico corregido en patrón 89

INFO:root:  Error lógico corregido en patrón 97

INFO:root:  Error lógico corregido en patrón 101

INFO:root:  Error lógico corregido en patrón 114

INFO:root:  Error lógico corregido en patrón 122

INFO:root:  Error lógico corregido en patrón 123

INFO:root:  Error lógico corregido en patrón 127

INFO:root:  Error lógico corregido en patrón 154

INFO:root:  Error lógico corregido en patrón 155

INFO:root:  Error lógico corregido en patrón 164

INFO:root:  Error lógico corregido en patrón 169

INFO:root:  Error lógico corregido en patrón 173

INFO:root:  Error lógico corregido en patrón 183

INFO:root:  Error lógico corregido en patrón 189

INFO:root:  Error lógico corregido en patrón 192

INFO:root:  Error lógico corregido en patrón 206

INFO:root:  Error lógico corregido en patrón 207

INFO:root:  Error lógico corregido en patrón 212

INFO:root:  Error lógico corregido en patrón 213

INFO:root:  Error lógico corregido en patrón 225

INFO:root:  Error lógico corregido en patrón 229

INFO:root:  Error lógico corregido en patrón 230

INFO:root:  Error lógico corregido en patrón 237

INFO:root:  Error lógico corregido en patrón 244

INFO:root:  Error lógico corregido en patrón 251

INFO:root:  Error lógico corregido en patrón 256

INFO:root:  Error lógico corregido en patrón 259

INFO:root:  Error lógico corregido en patrón 270

INFO:root:  Error lógico corregido en patrón 298

INFO:root:  Error lógico corregido en patrón 302

INFO:root:  Error lógico corregido en patrón 303

INFO:root:  Error lógico corregido en patrón 307

INFO:root:  Error lógico corregido en patrón 323

INFO:root:  Error lógico corregido en patrón 330

INFO:root:  Error lógico corregido en patrón 337

INFO:root:  Error lógico corregido en patrón 338

INFO:root:  Error lógico corregido en patrón 348

INFO:root:  Error lógico corregido en patrón 354

INFO:root:  Error lógico corregido en patrón 356

INFO:root:  Error lógico corregido en patrón 369

INFO:root:  Error lógico corregido en patrón 372

INFO:root:  Error lógico corregido en patrón 390

INFO:root:  Error lógico corregido en patrón 394

INFO:root:  Error lógico corregido en patrón 422

INFO:root:  Error lógico corregido en patrón 423

INFO:root:  Error lógico corregido en patrón 429

INFO:root:  Error lógico corregido en patrón 430

INFO:root:  Error lógico corregido en patrón 434

INFO:root:  Error lógico corregido en patrón 436

INFO:root:  Error lógico corregido en patrón 441

INFO:root:  Error lógico corregido en patrón 446

INFO:root:  Error lógico corregido en patrón 459

INFO:root:  Error lógico corregido en patrón 493

INFO:root:Saving results to DynamoDB for id_nmc_batch: nmc_144_0c003_2, id_arguments: BP_53

INFO:root:Checking if table 'results_dynamodb' exists...

INFO:root:Table 'results_dynamodb' already exists.

INFO:root:Results saved to DynamoDB for id_nmc_batch: nmc_144_0c003_2

(λ: args_worker) RequestId: 8105b387-7212-492a-a773-8af5875e719d  Duration: 3797.21 ms  Billed Duration: 3798 ms
INFO:root:[OFFLINE] Lambda invoked successfully. HTTP code: 200

INFO:root:nmc_worker invoked with response: {'status': 'invoked'}
INFO:root:Invoking args_worker with event: {'id_nmc_batch': 'nmc_144_0c003_2', 'number_of_args_combinations_batches': 72, 'id_batch_arguments': 53}
INFO:root:[OFFLINE] Invoking lambda 'args_worker' at http://localhost:3000/dev/args_worker with payload: {'id_nmc_batch': 'nmc_144_0c003_2', 'number_of_args_combinations_batches': 72, 'id_batch_arguments': 54}



POST /dev/args_worker (λ: args_worker)
INFO:root:Event received in args_worker lambda_handler

INFO:root:codeConfig: 144, p: 0.003

INFO:root:Config with codeConfig 144 loaded

INFO:root:Bivariate bicycle code created

INFO:root:Circuit built

INFO:root:Detector error model built

INFO:root:Detector error model converted to check matrices

INFO:root:Successfully retrieved 1 arguments for id_batch_arguments: 54

INFO:root:Args variables loaded from DynamoDB

[32minfo[39m: um-cloud-data/detectors_observables/code_144/p_0c003/batch_2.json 200 2ms 3.12mb
INFO:root:Samples loaded from S3.

INFO:root:Downloading automorphism from S3: automorphisms/0.003/auto_54/data.pkl

[32minfo[39m: tum-cloud-data/automorphisms/0.003/auto_54/data.pkl 200 4ms 69.48mb
[32minfo[39m: um-cloud-data/automorphisms/0.003/auto_54/data.pkl 206 32ms 5.48mb
[32minfo[39m: um-cloud-data/automorphisms/0.003/auto_54/data.pkl 206 47ms 8mb
[32minfo[39m: um-cloud-data/automorphisms/0.003/auto_54/data.pkl 206 47ms 8mb
[32minfo[39m: um-cloud-data/automorphisms/0.003/auto_54/data.pkl 206 50ms 8mb
[32minfo[39m: um-cloud-data/automorphisms/0.003/auto_54/data.pkl 206 49ms 8mb
[32minfo[39m: um-cloud-data/automorphisms/0.003/auto_54/data.pkl 206 49ms 8mb
[32minfo[39m: um-cloud-data/automorphisms/0.003/auto_54/data.pkl 206 49ms 8mb
[32minfo[39m: um-cloud-data/automorphisms/0.003/auto_54/data.pkl 206 49ms 8mb
[32minfo[39m: um-cloud-data/automorphisms/0.003/auto_54/data.pkl 206 47ms 8mb
INFO:root:BP decoder initialized

INFO:root:Running 500 Monte Carlo trials

INFO:root:  Error lógico corregido en patrón 2

INFO:root:  Error lógico corregido en patrón 4

INFO:root:  Error lógico corregido en patrón 5

INFO:root:  Error lógico corregido en patrón 6

INFO:root:  Error lógico corregido en patrón 18

INFO:root:  Error lógico corregido en patrón 23

INFO:root:  Error lógico corregido en patrón 24

INFO:root:  Error lógico corregido en patrón 54

INFO:root:  Error lógico corregido en patrón 55

INFO:root:  Error lógico corregido en patrón 60

INFO:root:  Error lógico corregido en patrón 68

INFO:root:  Error lógico corregido en patrón 69

INFO:root:  Error lógico corregido en patrón 86

INFO:root:  Error lógico corregido en patrón 89

INFO:root:  Error lógico corregido en patrón 97

INFO:root:  Error lógico corregido en patrón 101

INFO:root:  Error lógico corregido en patrón 114

INFO:root:  Error lógico corregido en patrón 122

INFO:root:  Error lógico corregido en patrón 123

INFO:root:  Error lógico corregido en patrón 127

INFO:root:  Error lógico corregido en patrón 154

INFO:root:  Error lógico corregido en patrón 155

INFO:root:  Error lógico corregido en patrón 164

INFO:root:  Error lógico corregido en patrón 169

INFO:root:  Error lógico corregido en patrón 173

INFO:root:  Error lógico corregido en patrón 183

INFO:root:  Error lógico corregido en patrón 189

INFO:root:  Error lógico corregido en patrón 192

INFO:root:  Error lógico corregido en patrón 206

INFO:root:  Error lógico corregido en patrón 207

INFO:root:  Error lógico corregido en patrón 212

INFO:root:  Error lógico corregido en patrón 213

INFO:root:  Error lógico corregido en patrón 225

INFO:root:  Error lógico corregido en patrón 229

INFO:root:  Error lógico corregido en patrón 230

INFO:root:  Error lógico corregido en patrón 237

INFO:root:  Error lógico corregido en patrón 244

INFO:root:  Error lógico corregido en patrón 251

INFO:root:  Error lógico corregido en patrón 256

INFO:root:  Error lógico corregido en patrón 259

INFO:root:  Error lógico corregido en patrón 270

INFO:root:  Error lógico corregido en patrón 298

INFO:root:  Error lógico corregido en patrón 302

INFO:root:  Error lógico corregido en patrón 303

INFO:root:  Error lógico corregido en patrón 307

INFO:root:  Error lógico corregido en patrón 323

INFO:root:  Error lógico corregido en patrón 330

INFO:root:  Error lógico corregido en patrón 337

INFO:root:  Error lógico corregido en patrón 338

INFO:root:  Error lógico corregido en patrón 348

INFO:root:  Error lógico corregido en patrón 354

INFO:root:  Error lógico corregido en patrón 356

INFO:root:  Error lógico corregido en patrón 369

INFO:root:  Error lógico corregido en patrón 372

INFO:root:  Error lógico corregido en patrón 390

INFO:root:  Error lógico corregido en patrón 394

INFO:root:  Error lógico corregido en patrón 422

INFO:root:  Error lógico corregido en patrón 423

INFO:root:  Error lógico corregido en patrón 429

INFO:root:  Error lógico corregido en patrón 430

INFO:root:  Error lógico corregido en patrón 434

INFO:root:  Error lógico corregido en patrón 436

INFO:root:  Error lógico corregido en patrón 441

INFO:root:  Error lógico corregido en patrón 446

INFO:root:  Error lógico corregido en patrón 459

INFO:root:  Error lógico corregido en patrón 493

INFO:root:Saving results to DynamoDB for id_nmc_batch: nmc_144_0c003_2, id_arguments: BP_54

INFO:root:Checking if table 'results_dynamodb' exists...

INFO:root:Table 'results_dynamodb' already exists.

INFO:root:Results saved to DynamoDB for id_nmc_batch: nmc_144_0c003_2

(λ: args_worker) RequestId: 93a27f17-c5f0-42da-9d3b-625ed6d26f7a  Duration: 3784.18 ms  Billed Duration: 3785 ms
INFO:root:[OFFLINE] Lambda invoked successfully. HTTP code: 200

INFO:root:nmc_worker invoked with response: {'status': 'invoked'}
INFO:root:Invoking args_worker with event: {'id_nmc_batch': 'nmc_144_0c003_2', 'number_of_args_combinations_batches': 72, 'id_batch_arguments': 54}
INFO:root:[OFFLINE] Invoking lambda 'args_worker' at http://localhost:3000/dev/args_worker with payload: {'id_nmc_batch': 'nmc_144_0c003_2', 'number_of_args_combinations_batches': 72, 'id_batch_arguments': 55}



POST /dev/args_worker (λ: args_worker)
INFO:root:Event received in args_worker lambda_handler

INFO:root:codeConfig: 144, p: 0.003

INFO:root:Config with codeConfig 144 loaded

INFO:root:Bivariate bicycle code created

INFO:root:Circuit built

INFO:root:Detector error model built

INFO:root:Detector error model converted to check matrices

INFO:root:Successfully retrieved 1 arguments for id_batch_arguments: 55

INFO:root:Args variables loaded from DynamoDB

[32minfo[39m: um-cloud-data/detectors_observables/code_144/p_0c003/batch_2.json 200 2ms 3.12mb
INFO:root:Samples loaded from S3.

INFO:root:Downloading automorphism from S3: automorphisms/0.003/auto_55/data.pkl

[32minfo[39m: tum-cloud-data/automorphisms/0.003/auto_55/data.pkl 200 2ms 69.48mb
[32minfo[39m: um-cloud-data/automorphisms/0.003/auto_55/data.pkl 206 27ms 5.48mb
[32minfo[39m: um-cloud-data/automorphisms/0.003/auto_55/data.pkl 206 36ms 8mb
[32minfo[39m: um-cloud-data/automorphisms/0.003/auto_55/data.pkl 206 40ms 8mb
[32minfo[39m: um-cloud-data/automorphisms/0.003/auto_55/data.pkl 206 38ms 8mb
[32minfo[39m: um-cloud-data/automorphisms/0.003/auto_55/data.pkl 206 37ms 8mb
[32minfo[39m: um-cloud-data/automorphisms/0.003/auto_55/data.pkl 206 40ms 8mb
[32minfo[39m: um-cloud-data/automorphisms/0.003/auto_55/data.pkl 206 39ms 8mb
[32minfo[39m: um-cloud-data/automorphisms/0.003/auto_55/data.pkl 206 39ms 8mb
[32minfo[39m: um-cloud-data/automorphisms/0.003/auto_55/data.pkl 206 36ms 8mb
INFO:root:BP decoder initialized

INFO:root:Running 500 Monte Carlo trials

INFO:root:  Error lógico corregido en patrón 2

INFO:root:  Error lógico corregido en patrón 4

INFO:root:  Error lógico corregido en patrón 5

INFO:root:  Error lógico corregido en patrón 6

INFO:root:  Error lógico corregido en patrón 18

INFO:root:  Error lógico corregido en patrón 23

INFO:root:  Error lógico corregido en patrón 24

INFO:root:  Error lógico corregido en patrón 54

INFO:root:  Error lógico corregido en patrón 55

INFO:root:  Error lógico corregido en patrón 60

INFO:root:  Error lógico corregido en patrón 68

INFO:root:  Error lógico corregido en patrón 69

INFO:root:  Error lógico corregido en patrón 86

INFO:root:  Error lógico corregido en patrón 89

INFO:root:  Error lógico corregido en patrón 97

INFO:root:  Error lógico corregido en patrón 101

INFO:root:  Error lógico corregido en patrón 114

INFO:root:  Error lógico corregido en patrón 122

INFO:root:  Error lógico corregido en patrón 123

INFO:root:  Error lógico corregido en patrón 127

INFO:root:  Error lógico corregido en patrón 154

INFO:root:  Error lógico corregido en patrón 155

INFO:root:  Error lógico corregido en patrón 164

INFO:root:  Error lógico corregido en patrón 169

INFO:root:  Error lógico corregido en patrón 173

INFO:root:  Error lógico corregido en patrón 183

INFO:root:  Error lógico corregido en patrón 189

INFO:root:  Error lógico corregido en patrón 192

INFO:root:  Error lógico corregido en patrón 206

INFO:root:  Error lógico corregido en patrón 207

INFO:root:  Error lógico corregido en patrón 212

INFO:root:  Error lógico corregido en patrón 213

INFO:root:  Error lógico corregido en patrón 225

INFO:root:  Error lógico corregido en patrón 229

INFO:root:  Error lógico corregido en patrón 230

INFO:root:  Error lógico corregido en patrón 237

INFO:root:  Error lógico corregido en patrón 244

INFO:root:  Error lógico corregido en patrón 251

INFO:root:  Error lógico corregido en patrón 256

INFO:root:  Error lógico corregido en patrón 259

INFO:root:  Error lógico corregido en patrón 270

INFO:root:  Error lógico corregido en patrón 298

INFO:root:  Error lógico corregido en patrón 302

INFO:root:  Error lógico corregido en patrón 303

INFO:root:  Error lógico corregido en patrón 307

INFO:root:  Error lógico corregido en patrón 323

INFO:root:  Error lógico corregido en patrón 330

INFO:root:  Error lógico corregido en patrón 337

INFO:root:  Error lógico corregido en patrón 338

INFO:root:  Error lógico corregido en patrón 348

INFO:root:  Error lógico corregido en patrón 354

INFO:root:  Error lógico corregido en patrón 356

INFO:root:  Error lógico corregido en patrón 372

INFO:root:  Error lógico corregido en patrón 390

INFO:root:  Error lógico corregido en patrón 394

INFO:root:  Error lógico corregido en patrón 422

INFO:root:  Error lógico corregido en patrón 423

INFO:root:  Error lógico corregido en patrón 429

INFO:root:  Error lógico corregido en patrón 430

INFO:root:  Error lógico corregido en patrón 434

INFO:root:  Error lógico corregido en patrón 436

INFO:root:  Error lógico corregido en patrón 441

INFO:root:  Error lógico corregido en patrón 446

INFO:root:  Error lógico corregido en patrón 459

INFO:root:  Error lógico corregido en patrón 493

INFO:root:Saving results to DynamoDB for id_nmc_batch: nmc_144_0c003_2, id_arguments: BP_55

INFO:root:Checking if table 'results_dynamodb' exists...

INFO:root:Table 'results_dynamodb' already exists.

INFO:root:Results saved to DynamoDB for id_nmc_batch: nmc_144_0c003_2

(λ: args_worker) RequestId: 040d10f1-f2cc-400d-b721-1beba1f744e4  Duration: 3790.41 ms  Billed Duration: 3791 ms
INFO:root:[OFFLINE] Lambda invoked successfully. HTTP code: 200

INFO:root:nmc_worker invoked with response: {'status': 'invoked'}
INFO:root:Invoking args_worker with event: {'id_nmc_batch': 'nmc_144_0c003_2', 'number_of_args_combinations_batches': 72, 'id_batch_arguments': 55}
INFO:root:[OFFLINE] Invoking lambda 'args_worker' at http://localhost:3000/dev/args_worker with payload: {'id_nmc_batch': 'nmc_144_0c003_2', 'number_of_args_combinations_batches': 72, 'id_batch_arguments': 56}



POST /dev/args_worker (λ: args_worker)
INFO:root:Event received in args_worker lambda_handler

INFO:root:codeConfig: 144, p: 0.003

INFO:root:Config with codeConfig 144 loaded

INFO:root:Bivariate bicycle code created

INFO:root:Circuit built

INFO:root:Detector error model built

INFO:root:Detector error model converted to check matrices

INFO:root:Successfully retrieved 1 arguments for id_batch_arguments: 56

INFO:root:Args variables loaded from DynamoDB

[32minfo[39m: um-cloud-data/detectors_observables/code_144/p_0c003/batch_2.json 200 2ms 3.12mb
INFO:root:Samples loaded from S3.

INFO:root:Downloading automorphism from S3: automorphisms/0.003/auto_56/data.pkl

[32minfo[39m: tum-cloud-data/automorphisms/0.003/auto_56/data.pkl 200 3ms 69.48mb
[32minfo[39m: um-cloud-data/automorphisms/0.003/auto_56/data.pkl 206 37ms 5.48mb
[32minfo[39m: um-cloud-data/automorphisms/0.003/auto_56/data.pkl 206 64ms 8mb
[32minfo[39m: um-cloud-data/automorphisms/0.003/auto_56/data.pkl 206 62ms 8mb
[32minfo[39m: um-cloud-data/automorphisms/0.003/auto_56/data.pkl 206 66ms 8mb
[32minfo[39m: um-cloud-data/automorphisms/0.003/auto_56/data.pkl 206 66ms 8mb
[32minfo[39m: um-cloud-data/automorphisms/0.003/auto_56/data.pkl 206 67ms 8mb
[32minfo[39m: um-cloud-data/automorphisms/0.003/auto_56/data.pkl 206 67ms 8mb
[32minfo[39m: um-cloud-data/automorphisms/0.003/auto_56/data.pkl 206 66ms 8mb
[32minfo[39m: um-cloud-data/automorphisms/0.003/auto_56/data.pkl 206 67ms 8mb
INFO:root:BP decoder initialized

INFO:root:Running 500 Monte Carlo trials

INFO:root:  Error lógico corregido en patrón 2

INFO:root:  Error lógico corregido en patrón 4

INFO:root:  Error lógico corregido en patrón 5

INFO:root:  Error lógico corregido en patrón 6

INFO:root:  Error lógico corregido en patrón 18

INFO:root:  Error lógico corregido en patrón 23

INFO:root:  Error lógico corregido en patrón 54

INFO:root:  Error lógico corregido en patrón 55

INFO:root:  Error lógico corregido en patrón 60

INFO:root:  Error lógico corregido en patrón 68

INFO:root:  Error lógico corregido en patrón 69

INFO:root:  Error lógico corregido en patrón 86

INFO:root:  Error lógico corregido en patrón 89

INFO:root:  Error lógico corregido en patrón 97

INFO:root:  Error lógico corregido en patrón 101

INFO:root:  Error lógico corregido en patrón 114

INFO:root:  Error lógico corregido en patrón 122

INFO:root:  Error lógico corregido en patrón 123

INFO:root:  Error lógico corregido en patrón 127

INFO:root:  Error lógico corregido en patrón 154

INFO:root:  Error lógico corregido en patrón 155

INFO:root:  Error lógico corregido en patrón 164

INFO:root:  Error lógico corregido en patrón 169

INFO:root:  Error lógico corregido en patrón 173

INFO:root:  Error lógico corregido en patrón 183

INFO:root:  Error lógico corregido en patrón 189

INFO:root:  Error lógico corregido en patrón 192

INFO:root:  Error lógico corregido en patrón 206

INFO:root:  Error lógico corregido en patrón 207

INFO:root:  Error lógico corregido en patrón 212

INFO:root:  Error lógico corregido en patrón 213

INFO:root:  Error lógico corregido en patrón 225

INFO:root:  Error lógico corregido en patrón 229

INFO:root:  Error lógico corregido en patrón 230

INFO:root:  Error lógico corregido en patrón 237

INFO:root:  Error lógico corregido en patrón 244

INFO:root:  Error lógico corregido en patrón 251

INFO:root:  Error lógico corregido en patrón 256

INFO:root:  Error lógico corregido en patrón 259

INFO:root:  Error lógico corregido en patrón 270

INFO:root:  Error lógico corregido en patrón 298

INFO:root:  Error lógico corregido en patrón 302

INFO:root:  Error lógico corregido en patrón 303

INFO:root:  Error lógico corregido en patrón 307

INFO:root:  Error lógico corregido en patrón 323

INFO:root:  Error lógico corregido en patrón 330

INFO:root:  Error lógico corregido en patrón 337

INFO:root:  Error lógico corregido en patrón 338

INFO:root:  Error lógico corregido en patrón 348

INFO:root:  Error lógico corregido en patrón 354

INFO:root:  Error lógico corregido en patrón 356

INFO:root:  Error lógico corregido en patrón 369

INFO:root:  Error lógico corregido en patrón 372

INFO:root:  Error lógico corregido en patrón 390

INFO:root:  Error lógico corregido en patrón 394

INFO:root:  Error lógico corregido en patrón 422

INFO:root:  Error lógico corregido en patrón 423

INFO:root:  Error lógico corregido en patrón 429

INFO:root:  Error lógico corregido en patrón 430

INFO:root:  Error lógico corregido en patrón 434

INFO:root:  Error lógico corregido en patrón 436

INFO:root:  Error lógico corregido en patrón 441

INFO:root:  Error lógico corregido en patrón 446

INFO:root:  Error lógico corregido en patrón 459

INFO:root:  Error lógico corregido en patrón 493

INFO:root:Saving results to DynamoDB for id_nmc_batch: nmc_144_0c003_2, id_arguments: BP_56

INFO:root:Checking if table 'results_dynamodb' exists...

INFO:root:Table 'results_dynamodb' already exists.

INFO:root:Results saved to DynamoDB for id_nmc_batch: nmc_144_0c003_2

(λ: args_worker) RequestId: 7022d065-0b4d-4502-baa9-bb5d32d8127b  Duration: 3772.84 ms  Billed Duration: 3773 ms
INFO:root:[OFFLINE] Lambda invoked successfully. HTTP code: 200

INFO:root:nmc_worker invoked with response: {'status': 'invoked'}
INFO:root:Invoking args_worker with event: {'id_nmc_batch': 'nmc_144_0c003_2', 'number_of_args_combinations_batches': 72, 'id_batch_arguments': 56}
INFO:root:[OFFLINE] Invoking lambda 'args_worker' at http://localhost:3000/dev/args_worker with payload: {'id_nmc_batch': 'nmc_144_0c003_2', 'number_of_args_combinations_batches': 72, 'id_batch_arguments': 57}



POST /dev/args_worker (λ: args_worker)
INFO:root:Event received in args_worker lambda_handler

INFO:root:codeConfig: 144, p: 0.003

INFO:root:Config with codeConfig 144 loaded

INFO:root:Bivariate bicycle code created

INFO:root:Circuit built

INFO:root:Detector error model built

INFO:root:Detector error model converted to check matrices

INFO:root:Successfully retrieved 1 arguments for id_batch_arguments: 57

INFO:root:Args variables loaded from DynamoDB

[32minfo[39m: um-cloud-data/detectors_observables/code_144/p_0c003/batch_2.json 200 1ms 3.12mb
INFO:root:Samples loaded from S3.

INFO:root:Downloading automorphism from S3: automorphisms/0.003/auto_57/data.pkl

[32minfo[39m: tum-cloud-data/automorphisms/0.003/auto_57/data.pkl 200 2ms 69.48mb
[32minfo[39m: um-cloud-data/automorphisms/0.003/auto_57/data.pkl 206 30ms 5.48mb
[32minfo[39m: um-cloud-data/automorphisms/0.003/auto_57/data.pkl 206 42ms 8mb
[32minfo[39m: um-cloud-data/automorphisms/0.003/auto_57/data.pkl 206 44ms 8mb
[32minfo[39m: um-cloud-data/automorphisms/0.003/auto_57/data.pkl 206 44ms 8mb
[32minfo[39m: um-cloud-data/automorphisms/0.003/auto_57/data.pkl 206 43ms 8mb
[32minfo[39m: um-cloud-data/automorphisms/0.003/auto_57/data.pkl 206 44ms 8mb
[32minfo[39m: um-cloud-data/automorphisms/0.003/auto_57/data.pkl 206 44ms 8mb
[32minfo[39m: um-cloud-data/automorphisms/0.003/auto_57/data.pkl 206 42ms 8mb
[32minfo[39m: um-cloud-data/automorphisms/0.003/auto_57/data.pkl 206 42ms 8mb
INFO:root:BP decoder initialized

INFO:root:Running 500 Monte Carlo trials

INFO:root:  Error lógico corregido en patrón 2

INFO:root:  Error lógico corregido en patrón 4

INFO:root:  Error lógico corregido en patrón 5

INFO:root:  Error lógico corregido en patrón 6

INFO:root:  Error lógico corregido en patrón 18

INFO:root:  Error lógico corregido en patrón 23

INFO:root:  Error lógico corregido en patrón 54

INFO:root:  Error lógico corregido en patrón 55

INFO:root:  Error lógico corregido en patrón 60

INFO:root:  Error lógico corregido en patrón 68

INFO:root:  Error lógico corregido en patrón 69

INFO:root:  Error lógico corregido en patrón 86

INFO:root:  Error lógico corregido en patrón 89

INFO:root:  Error lógico corregido en patrón 97

INFO:root:  Error lógico corregido en patrón 101

INFO:root:  Error lógico corregido en patrón 114

INFO:root:  Error lógico corregido en patrón 122

INFO:root:  Error lógico corregido en patrón 123

INFO:root:  Error lógico corregido en patrón 127

INFO:root:  Error lógico corregido en patrón 154

INFO:root:  Error lógico corregido en patrón 155

INFO:root:  Error lógico corregido en patrón 164

INFO:root:  Error lógico corregido en patrón 169

INFO:root:  Error lógico corregido en patrón 173

INFO:root:  Error lógico corregido en patrón 183

INFO:root:  Error lógico corregido en patrón 189

INFO:root:  Error lógico corregido en patrón 192

INFO:root:  Error lógico corregido en patrón 206

INFO:root:  Error lógico corregido en patrón 207

INFO:root:  Error lógico corregido en patrón 212

INFO:root:  Error lógico corregido en patrón 213

INFO:root:  Error lógico corregido en patrón 225

INFO:root:  Error lógico corregido en patrón 229

INFO:root:  Error lógico corregido en patrón 230

INFO:root:  Error lógico corregido en patrón 237

INFO:root:  Error lógico corregido en patrón 244

INFO:root:  Error lógico corregido en patrón 251

INFO:root:  Error lógico corregido en patrón 256

INFO:root:  Error lógico corregido en patrón 259

INFO:root:  Error lógico corregido en patrón 270

INFO:root:  Error lógico corregido en patrón 298

INFO:root:  Error lógico corregido en patrón 302

INFO:root:  Error lógico corregido en patrón 303

INFO:root:  Error lógico corregido en patrón 307

INFO:root:  Error lógico corregido en patrón 323

INFO:root:  Error lógico corregido en patrón 330

INFO:root:  Error lógico corregido en patrón 337

INFO:root:  Error lógico corregido en patrón 338

INFO:root:  Error lógico corregido en patrón 348

INFO:root:  Error lógico corregido en patrón 354

INFO:root:  Error lógico corregido en patrón 356

INFO:root:  Error lógico corregido en patrón 372

INFO:root:  Error lógico corregido en patrón 390

INFO:root:  Error lógico corregido en patrón 394

INFO:root:  Error lógico corregido en patrón 422

INFO:root:  Error lógico corregido en patrón 423

INFO:root:  Error lógico corregido en patrón 429

INFO:root:  Error lógico corregido en patrón 430

INFO:root:  Error lógico corregido en patrón 434

INFO:root:  Error lógico corregido en patrón 436

INFO:root:  Error lógico corregido en patrón 441

INFO:root:  Error lógico corregido en patrón 446

INFO:root:  Error lógico corregido en patrón 459

INFO:root:  Error lógico corregido en patrón 493

INFO:root:Saving results to DynamoDB for id_nmc_batch: nmc_144_0c003_2, id_arguments: BP_57

INFO:root:Checking if table 'results_dynamodb' exists...

INFO:root:Table 'results_dynamodb' already exists.

INFO:root:Results saved to DynamoDB for id_nmc_batch: nmc_144_0c003_2

(λ: args_worker) RequestId: ddd51e3d-76c2-47fc-a0bb-58d691e9a8a6  Duration: 3815.80 ms  Billed Duration: 3816 ms
INFO:root:[OFFLINE] Lambda invoked successfully. HTTP code: 200

INFO:root:nmc_worker invoked with response: {'status': 'invoked'}
INFO:root:Invoking args_worker with event: {'id_nmc_batch': 'nmc_144_0c003_2', 'number_of_args_combinations_batches': 72, 'id_batch_arguments': 57}
INFO:root:[OFFLINE] Invoking lambda 'args_worker' at http://localhost:3000/dev/args_worker with payload: {'id_nmc_batch': 'nmc_144_0c003_2', 'number_of_args_combinations_batches': 72, 'id_batch_arguments': 58}



POST /dev/args_worker (λ: args_worker)
INFO:root:Event received in args_worker lambda_handler

INFO:root:codeConfig: 144, p: 0.003

INFO:root:Config with codeConfig 144 loaded

INFO:root:Bivariate bicycle code created

INFO:root:Circuit built

INFO:root:Detector error model built

INFO:root:Detector error model converted to check matrices

INFO:root:Successfully retrieved 1 arguments for id_batch_arguments: 58

INFO:root:Args variables loaded from DynamoDB

[32minfo[39m: um-cloud-data/detectors_observables/code_144/p_0c003/batch_2.json 200 2ms 3.12mb
INFO:root:Samples loaded from S3.

INFO:root:Downloading automorphism from S3: automorphisms/0.003/auto_58/data.pkl

[32minfo[39m: tum-cloud-data/automorphisms/0.003/auto_58/data.pkl 200 2ms 69.48mb
[32minfo[39m: um-cloud-data/automorphisms/0.003/auto_58/data.pkl 206 39ms 5.48mb
[32minfo[39m: um-cloud-data/automorphisms/0.003/auto_58/data.pkl 206 48ms 8mb
[32minfo[39m: um-cloud-data/automorphisms/0.003/auto_58/data.pkl 206 50ms 8mb
[32minfo[39m: um-cloud-data/automorphisms/0.003/auto_58/data.pkl 206 51ms 8mb
[32minfo[39m: um-cloud-data/automorphisms/0.003/auto_58/data.pkl 206 49ms 8mb
[32minfo[39m: um-cloud-data/automorphisms/0.003/auto_58/data.pkl 206 52ms 8mb
[32minfo[39m: um-cloud-data/automorphisms/0.003/auto_58/data.pkl 206 53ms 8mb
[32minfo[39m: um-cloud-data/automorphisms/0.003/auto_58/data.pkl 206 53ms 8mb
[32minfo[39m: um-cloud-data/automorphisms/0.003/auto_58/data.pkl 206 53ms 8mb
INFO:root:BP decoder initialized

INFO:root:Running 500 Monte Carlo trials

INFO:root:  Error lógico corregido en patrón 2

INFO:root:  Error lógico corregido en patrón 4

INFO:root:  Error lógico corregido en patrón 5

INFO:root:  Error lógico corregido en patrón 6

INFO:root:  Error lógico corregido en patrón 18

INFO:root:  Error lógico corregido en patrón 23

INFO:root:  Error lógico corregido en patrón 54

INFO:root:  Error lógico corregido en patrón 55

INFO:root:  Error lógico corregido en patrón 60

INFO:root:  Error lógico corregido en patrón 68

INFO:root:  Error lógico corregido en patrón 69

INFO:root:  Error lógico corregido en patrón 86

INFO:root:  Error lógico corregido en patrón 89

INFO:root:  Error lógico corregido en patrón 97

INFO:root:  Error lógico corregido en patrón 101

INFO:root:  Error lógico corregido en patrón 114

INFO:root:  Error lógico corregido en patrón 122

INFO:root:  Error lógico corregido en patrón 123

INFO:root:  Error lógico corregido en patrón 127

INFO:root:  Error lógico corregido en patrón 154

INFO:root:  Error lógico corregido en patrón 155

INFO:root:  Error lógico corregido en patrón 164

INFO:root:  Error lógico corregido en patrón 169

INFO:root:  Error lógico corregido en patrón 173

INFO:root:  Error lógico corregido en patrón 183

INFO:root:  Error lógico corregido en patrón 189

INFO:root:  Error lógico corregido en patrón 192

INFO:root:  Error lógico corregido en patrón 206

INFO:root:  Error lógico corregido en patrón 207

INFO:root:  Error lógico corregido en patrón 212

INFO:root:  Error lógico corregido en patrón 213

INFO:root:  Error lógico corregido en patrón 225

INFO:root:  Error lógico corregido en patrón 229

INFO:root:  Error lógico corregido en patrón 230

INFO:root:  Error lógico corregido en patrón 237

INFO:root:  Error lógico corregido en patrón 244

INFO:root:  Error lógico corregido en patrón 251

INFO:root:  Error lógico corregido en patrón 256

INFO:root:  Error lógico corregido en patrón 259

INFO:root:  Error lógico corregido en patrón 270

INFO:root:  Error lógico corregido en patrón 298

INFO:root:  Error lógico corregido en patrón 302

INFO:root:  Error lógico corregido en patrón 303

INFO:root:  Error lógico corregido en patrón 307

INFO:root:  Error lógico corregido en patrón 323

INFO:root:  Error lógico corregido en patrón 330

INFO:root:  Error lógico corregido en patrón 337

INFO:root:  Error lógico corregido en patrón 338

INFO:root:  Error lógico corregido en patrón 348

INFO:root:  Error lógico corregido en patrón 354

INFO:root:  Error lógico corregido en patrón 356

INFO:root:  Error lógico corregido en patrón 372

INFO:root:  Error lógico corregido en patrón 390

INFO:root:  Error lógico corregido en patrón 394

INFO:root:  Error lógico corregido en patrón 422

INFO:root:  Error lógico corregido en patrón 423

INFO:root:  Error lógico corregido en patrón 429

INFO:root:  Error lógico corregido en patrón 430

INFO:root:  Error lógico corregido en patrón 434

INFO:root:  Error lógico corregido en patrón 436

INFO:root:  Error lógico corregido en patrón 441

INFO:root:  Error lógico corregido en patrón 446

INFO:root:  Error lógico corregido en patrón 459

INFO:root:  Error lógico corregido en patrón 493

INFO:root:Saving results to DynamoDB for id_nmc_batch: nmc_144_0c003_2, id_arguments: BP_58

INFO:root:Checking if table 'results_dynamodb' exists...

INFO:root:Table 'results_dynamodb' already exists.

INFO:root:Results saved to DynamoDB for id_nmc_batch: nmc_144_0c003_2

(λ: args_worker) RequestId: 7f31b877-73fa-46be-a5a8-af30490da7de  Duration: 3777.08 ms  Billed Duration: 3778 ms
INFO:root:[OFFLINE] Lambda invoked successfully. HTTP code: 200

INFO:root:nmc_worker invoked with response: {'status': 'invoked'}
INFO:root:Invoking args_worker with event: {'id_nmc_batch': 'nmc_144_0c003_2', 'number_of_args_combinations_batches': 72, 'id_batch_arguments': 58}
INFO:root:[OFFLINE] Invoking lambda 'args_worker' at http://localhost:3000/dev/args_worker with payload: {'id_nmc_batch': 'nmc_144_0c003_2', 'number_of_args_combinations_batches': 72, 'id_batch_arguments': 59}



POST /dev/args_worker (λ: args_worker)
INFO:root:Event received in args_worker lambda_handler

INFO:root:codeConfig: 144, p: 0.003

INFO:root:Config with codeConfig 144 loaded

INFO:root:Bivariate bicycle code created

INFO:root:Circuit built

INFO:root:Detector error model built

INFO:root:Detector error model converted to check matrices

INFO:root:Successfully retrieved 1 arguments for id_batch_arguments: 59

INFO:root:Args variables loaded from DynamoDB

[32minfo[39m: um-cloud-data/detectors_observables/code_144/p_0c003/batch_2.json 200 2ms 3.12mb
INFO:root:Samples loaded from S3.

INFO:root:Downloading automorphism from S3: automorphisms/0.003/auto_59/data.pkl

[32minfo[39m: tum-cloud-data/automorphisms/0.003/auto_59/data.pkl 200 4ms 69.48mb
[32minfo[39m: um-cloud-data/automorphisms/0.003/auto_59/data.pkl 206 28ms 5.48mb
[32minfo[39m: um-cloud-data/automorphisms/0.003/auto_59/data.pkl 206 41ms 8mb
[32minfo[39m: um-cloud-data/automorphisms/0.003/auto_59/data.pkl 206 44ms 8mb
[32minfo[39m: um-cloud-data/automorphisms/0.003/auto_59/data.pkl 206 42ms 8mb
[32minfo[39m: um-cloud-data/automorphisms/0.003/auto_59/data.pkl 206 41ms 8mb
[32minfo[39m: um-cloud-data/automorphisms/0.003/auto_59/data.pkl 206 44ms 8mb
[32minfo[39m: um-cloud-data/automorphisms/0.003/auto_59/data.pkl 206 44ms 8mb
[32minfo[39m: um-cloud-data/automorphisms/0.003/auto_59/data.pkl 206 45ms 8mb
[32minfo[39m: um-cloud-data/automorphisms/0.003/auto_59/data.pkl 206 44ms 8mb
INFO:root:BP decoder initialized

INFO:root:Running 500 Monte Carlo trials

INFO:root:  Error lógico corregido en patrón 2

INFO:root:  Error lógico corregido en patrón 4

INFO:root:  Error lógico corregido en patrón 5

INFO:root:  Error lógico corregido en patrón 6

INFO:root:  Error lógico corregido en patrón 18

INFO:root:  Error lógico corregido en patrón 23

INFO:root:  Error lógico corregido en patrón 54

INFO:root:  Error lógico corregido en patrón 55

INFO:root:  Error lógico corregido en patrón 60

INFO:root:  Error lógico corregido en patrón 68

INFO:root:  Error lógico corregido en patrón 69

INFO:root:  Error lógico corregido en patrón 86

INFO:root:  Error lógico corregido en patrón 89

INFO:root:  Error lógico corregido en patrón 97

INFO:root:  Error lógico corregido en patrón 101

INFO:root:  Error lógico corregido en patrón 114

INFO:root:  Error lógico corregido en patrón 122

INFO:root:  Error lógico corregido en patrón 123

INFO:root:  Error lógico corregido en patrón 127

INFO:root:  Error lógico corregido en patrón 154

INFO:root:  Error lógico corregido en patrón 155

INFO:root:  Error lógico corregido en patrón 164

INFO:root:  Error lógico corregido en patrón 169

INFO:root:  Error lógico corregido en patrón 173

INFO:root:  Error lógico corregido en patrón 183

INFO:root:  Error lógico corregido en patrón 189

INFO:root:  Error lógico corregido en patrón 192

INFO:root:  Error lógico corregido en patrón 206

INFO:root:  Error lógico corregido en patrón 207

INFO:root:  Error lógico corregido en patrón 212

INFO:root:  Error lógico corregido en patrón 213

INFO:root:  Error lógico corregido en patrón 225

INFO:root:  Error lógico corregido en patrón 229

INFO:root:  Error lógico corregido en patrón 230

INFO:root:  Error lógico corregido en patrón 237

INFO:root:  Error lógico corregido en patrón 244

INFO:root:  Error lógico corregido en patrón 251

INFO:root:  Error lógico corregido en patrón 256

INFO:root:  Error lógico corregido en patrón 259

INFO:root:  Error lógico corregido en patrón 270

INFO:root:  Error lógico corregido en patrón 298

INFO:root:  Error lógico corregido en patrón 302

INFO:root:  Error lógico corregido en patrón 303

INFO:root:  Error lógico corregido en patrón 307

INFO:root:  Error lógico corregido en patrón 323

INFO:root:  Error lógico corregido en patrón 330

INFO:root:  Error lógico corregido en patrón 337

INFO:root:  Error lógico corregido en patrón 338

INFO:root:  Error lógico corregido en patrón 348

INFO:root:  Error lógico corregido en patrón 354

INFO:root:  Error lógico corregido en patrón 356

INFO:root:  Error lógico corregido en patrón 372

INFO:root:  Error lógico corregido en patrón 390

INFO:root:  Error lógico corregido en patrón 394

INFO:root:  Error lógico corregido en patrón 422

INFO:root:  Error lógico corregido en patrón 423

INFO:root:  Error lógico corregido en patrón 429

INFO:root:  Error lógico corregido en patrón 430

INFO:root:  Error lógico corregido en patrón 434

INFO:root:  Error lógico corregido en patrón 436

INFO:root:  Error lógico corregido en patrón 441

INFO:root:  Error lógico corregido en patrón 446

INFO:root:  Error lógico corregido en patrón 459

INFO:root:  Error lógico corregido en patrón 493

INFO:root:Saving results to DynamoDB for id_nmc_batch: nmc_144_0c003_2, id_arguments: BP_59

INFO:root:Checking if table 'results_dynamodb' exists...

INFO:root:Table 'results_dynamodb' already exists.

INFO:root:Results saved to DynamoDB for id_nmc_batch: nmc_144_0c003_2

(λ: args_worker) RequestId: 7e209e90-51b5-41fc-a9f5-932ebfa47134  Duration: 3806.28 ms  Billed Duration: 3807 ms
INFO:root:[OFFLINE] Lambda invoked successfully. HTTP code: 200

INFO:root:nmc_worker invoked with response: {'status': 'invoked'}
INFO:root:Invoking args_worker with event: {'id_nmc_batch': 'nmc_144_0c003_2', 'number_of_args_combinations_batches': 72, 'id_batch_arguments': 59}
INFO:root:[OFFLINE] Invoking lambda 'args_worker' at http://localhost:3000/dev/args_worker with payload: {'id_nmc_batch': 'nmc_144_0c003_2', 'number_of_args_combinations_batches': 72, 'id_batch_arguments': 60}



POST /dev/args_worker (λ: args_worker)
INFO:root:Event received in args_worker lambda_handler

INFO:root:codeConfig: 144, p: 0.003

INFO:root:Config with codeConfig 144 loaded

INFO:root:Bivariate bicycle code created

INFO:root:Circuit built

INFO:root:Detector error model built

INFO:root:Detector error model converted to check matrices

INFO:root:Successfully retrieved 1 arguments for id_batch_arguments: 60

INFO:root:Args variables loaded from DynamoDB

[32minfo[39m: um-cloud-data/detectors_observables/code_144/p_0c003/batch_2.json 200 2ms 3.12mb
INFO:root:Samples loaded from S3.

INFO:root:Downloading automorphism from S3: automorphisms/0.003/auto_60/data.pkl

[32minfo[39m: tum-cloud-data/automorphisms/0.003/auto_60/data.pkl 200 3ms 69.48mb
[32minfo[39m: um-cloud-data/automorphisms/0.003/auto_60/data.pkl 206 36ms 5.48mb
[32minfo[39m: um-cloud-data/automorphisms/0.003/auto_60/data.pkl 206 42ms 8mb
[32minfo[39m: um-cloud-data/automorphisms/0.003/auto_60/data.pkl 206 45ms 8mb
[32minfo[39m: um-cloud-data/automorphisms/0.003/auto_60/data.pkl 206 47ms 8mb
[32minfo[39m: um-cloud-data/automorphisms/0.003/auto_60/data.pkl 206 45ms 8mb
[32minfo[39m: um-cloud-data/automorphisms/0.003/auto_60/data.pkl 206 45ms 8mb
[32minfo[39m: um-cloud-data/automorphisms/0.003/auto_60/data.pkl 206 47ms 8mb
[32minfo[39m: um-cloud-data/automorphisms/0.003/auto_60/data.pkl 206 45ms 8mb
[32minfo[39m: um-cloud-data/automorphisms/0.003/auto_60/data.pkl 206 47ms 8mb
INFO:root:BP decoder initialized

INFO:root:Running 500 Monte Carlo trials

INFO:root:  Error lógico corregido en patrón 2

INFO:root:  Error lógico corregido en patrón 4

INFO:root:  Error lógico corregido en patrón 5

INFO:root:  Error lógico corregido en patrón 6

INFO:root:  Error lógico corregido en patrón 18

INFO:root:  Error lógico corregido en patrón 23

INFO:root:  Error lógico corregido en patrón 24

INFO:root:  Error lógico corregido en patrón 54

INFO:root:  Error lógico corregido en patrón 55

INFO:root:  Error lógico corregido en patrón 60

INFO:root:  Error lógico corregido en patrón 68

INFO:root:  Error lógico corregido en patrón 69

INFO:root:  Error lógico corregido en patrón 86

INFO:root:  Error lógico corregido en patrón 89

INFO:root:  Error lógico corregido en patrón 97

INFO:root:  Error lógico corregido en patrón 101

INFO:root:  Error lógico corregido en patrón 114

INFO:root:  Error lógico corregido en patrón 122

INFO:root:  Error lógico corregido en patrón 123

INFO:root:  Error lógico corregido en patrón 127

INFO:root:  Error lógico corregido en patrón 154

INFO:root:  Error lógico corregido en patrón 155

INFO:root:  Error lógico corregido en patrón 164

INFO:root:  Error lógico corregido en patrón 169

INFO:root:  Error lógico corregido en patrón 173

INFO:root:  Error lógico corregido en patrón 183

INFO:root:  Error lógico corregido en patrón 189

INFO:root:  Error lógico corregido en patrón 192

INFO:root:  Error lógico corregido en patrón 206

INFO:root:  Error lógico corregido en patrón 207

INFO:root:  Error lógico corregido en patrón 212

INFO:root:  Error lógico corregido en patrón 213

INFO:root:  Error lógico corregido en patrón 225

INFO:root:  Error lógico corregido en patrón 229

INFO:root:  Error lógico corregido en patrón 230

INFO:root:  Error lógico corregido en patrón 237

INFO:root:  Error lógico corregido en patrón 244

INFO:root:  Error lógico corregido en patrón 251

INFO:root:  Error lógico corregido en patrón 256

INFO:root:  Error lógico corregido en patrón 259

INFO:root:  Error lógico corregido en patrón 270

INFO:root:  Error lógico corregido en patrón 298

INFO:root:  Error lógico corregido en patrón 302

INFO:root:  Error lógico corregido en patrón 303

INFO:root:  Error lógico corregido en patrón 307

INFO:root:  Error lógico corregido en patrón 323

INFO:root:  Error lógico corregido en patrón 330

INFO:root:  Error lógico corregido en patrón 337

INFO:root:  Error lógico corregido en patrón 338

INFO:root:  Error lógico corregido en patrón 348

INFO:root:  Error lógico corregido en patrón 354

INFO:root:  Error lógico corregido en patrón 356

INFO:root:  Error lógico corregido en patrón 369

INFO:root:  Error lógico corregido en patrón 372

INFO:root:  Error lógico corregido en patrón 390

INFO:root:  Error lógico corregido en patrón 394

INFO:root:  Error lógico corregido en patrón 422

INFO:root:  Error lógico corregido en patrón 423

INFO:root:  Error lógico corregido en patrón 429

INFO:root:  Error lógico corregido en patrón 430

INFO:root:  Error lógico corregido en patrón 434

INFO:root:  Error lógico corregido en patrón 436

INFO:root:  Error lógico corregido en patrón 441

INFO:root:  Error lógico corregido en patrón 446

INFO:root:  Error lógico corregido en patrón 459

INFO:root:  Error lógico corregido en patrón 493

INFO:root:Saving results to DynamoDB for id_nmc_batch: nmc_144_0c003_2, id_arguments: BP_60

INFO:root:Checking if table 'results_dynamodb' exists...

INFO:root:Table 'results_dynamodb' already exists.

INFO:root:Results saved to DynamoDB for id_nmc_batch: nmc_144_0c003_2

(λ: args_worker) RequestId: 97207080-8ab9-46c0-b810-a348bc114f56  Duration: 3787.18 ms  Billed Duration: 3788 ms
INFO:root:[OFFLINE] Lambda invoked successfully. HTTP code: 200

INFO:root:nmc_worker invoked with response: {'status': 'invoked'}
INFO:root:Invoking args_worker with event: {'id_nmc_batch': 'nmc_144_0c003_2', 'number_of_args_combinations_batches': 72, 'id_batch_arguments': 60}
INFO:root:[OFFLINE] Invoking lambda 'args_worker' at http://localhost:3000/dev/args_worker with payload: {'id_nmc_batch': 'nmc_144_0c003_2', 'number_of_args_combinations_batches': 72, 'id_batch_arguments': 61}



POST /dev/args_worker (λ: args_worker)
INFO:root:Event received in args_worker lambda_handler

INFO:root:codeConfig: 144, p: 0.003

INFO:root:Config with codeConfig 144 loaded

INFO:root:Bivariate bicycle code created

INFO:root:Circuit built

INFO:root:Detector error model built

INFO:root:Detector error model converted to check matrices

INFO:root:Successfully retrieved 1 arguments for id_batch_arguments: 61

INFO:root:Args variables loaded from DynamoDB

[32minfo[39m: um-cloud-data/detectors_observables/code_144/p_0c003/batch_2.json 200 3ms 3.12mb
INFO:root:Samples loaded from S3.

INFO:root:Downloading automorphism from S3: automorphisms/0.003/auto_61/data.pkl

[32minfo[39m: tum-cloud-data/automorphisms/0.003/auto_61/data.pkl 200 4ms 69.48mb
[32minfo[39m: um-cloud-data/automorphisms/0.003/auto_61/data.pkl 206 25ms 5.48mb
[32minfo[39m: um-cloud-data/automorphisms/0.003/auto_61/data.pkl 206 34ms 8mb
[32minfo[39m: um-cloud-data/automorphisms/0.003/auto_61/data.pkl 206 37ms 8mb
[32minfo[39m: um-cloud-data/automorphisms/0.003/auto_61/data.pkl 206 37ms 8mb
[32minfo[39m: um-cloud-data/automorphisms/0.003/auto_61/data.pkl 206 39ms 8mb
[32minfo[39m: um-cloud-data/automorphisms/0.003/auto_61/data.pkl 206 38ms 8mb
[32minfo[39m: um-cloud-data/automorphisms/0.003/auto_61/data.pkl 206 39ms 8mb
[32minfo[39m: um-cloud-data/automorphisms/0.003/auto_61/data.pkl 206 40ms 8mb
[32minfo[39m: um-cloud-data/automorphisms/0.003/auto_61/data.pkl 206 40ms 8mb
INFO:root:BP decoder initialized

INFO:root:Running 500 Monte Carlo trials

INFO:root:  Error lógico corregido en patrón 2

INFO:root:  Error lógico corregido en patrón 4

INFO:root:  Error lógico corregido en patrón 5

INFO:root:  Error lógico corregido en patrón 6

INFO:root:  Error lógico corregido en patrón 18

INFO:root:  Error lógico corregido en patrón 23

INFO:root:  Error lógico corregido en patrón 54

INFO:root:  Error lógico corregido en patrón 55

INFO:root:  Error lógico corregido en patrón 60

INFO:root:  Error lógico corregido en patrón 68

INFO:root:  Error lógico corregido en patrón 69

INFO:root:  Error lógico corregido en patrón 86

INFO:root:  Error lógico corregido en patrón 89

INFO:root:  Error lógico corregido en patrón 97

INFO:root:  Error lógico corregido en patrón 101

INFO:root:  Error lógico corregido en patrón 114

INFO:root:  Error lógico corregido en patrón 122

INFO:root:  Error lógico corregido en patrón 123

INFO:root:  Error lógico corregido en patrón 127

INFO:root:  Error lógico corregido en patrón 154

INFO:root:  Error lógico corregido en patrón 155

INFO:root:  Error lógico corregido en patrón 164

INFO:root:  Error lógico corregido en patrón 169

INFO:root:  Error lógico corregido en patrón 173

INFO:root:  Error lógico corregido en patrón 183

INFO:root:  Error lógico corregido en patrón 189

INFO:root:  Error lógico corregido en patrón 192

INFO:root:  Error lógico corregido en patrón 206

INFO:root:  Error lógico corregido en patrón 207

INFO:root:  Error lógico corregido en patrón 212

INFO:root:  Error lógico corregido en patrón 213

INFO:root:  Error lógico corregido en patrón 225

INFO:root:  Error lógico corregido en patrón 229

INFO:root:  Error lógico corregido en patrón 230

INFO:root:  Error lógico corregido en patrón 237

INFO:root:  Error lógico corregido en patrón 244

INFO:root:  Error lógico corregido en patrón 251

INFO:root:  Error lógico corregido en patrón 256

INFO:root:  Error lógico corregido en patrón 259

INFO:root:  Error lógico corregido en patrón 270

INFO:root:  Error lógico corregido en patrón 298

INFO:root:  Error lógico corregido en patrón 302

INFO:root:  Error lógico corregido en patrón 303

INFO:root:  Error lógico corregido en patrón 307

INFO:root:  Error lógico corregido en patrón 323

INFO:root:  Error lógico corregido en patrón 330

INFO:root:  Error lógico corregido en patrón 337

INFO:root:  Error lógico corregido en patrón 338

INFO:root:  Error lógico corregido en patrón 348

INFO:root:  Error lógico corregido en patrón 354

INFO:root:  Error lógico corregido en patrón 356

INFO:root:  Error lógico corregido en patrón 369

INFO:root:  Error lógico corregido en patrón 372

INFO:root:  Error lógico corregido en patrón 390

INFO:root:  Error lógico corregido en patrón 394

INFO:root:  Error lógico corregido en patrón 422

INFO:root:  Error lógico corregido en patrón 423

INFO:root:  Error lógico corregido en patrón 429

INFO:root:  Error lógico corregido en patrón 430

INFO:root:  Error lógico corregido en patrón 434

INFO:root:  Error lógico corregido en patrón 436

INFO:root:  Error lógico corregido en patrón 441

INFO:root:  Error lógico corregido en patrón 446

INFO:root:  Error lógico corregido en patrón 459

INFO:root:  Error lógico corregido en patrón 493

INFO:root:Saving results to DynamoDB for id_nmc_batch: nmc_144_0c003_2, id_arguments: BP_61

INFO:root:Checking if table 'results_dynamodb' exists...

INFO:root:Table 'results_dynamodb' already exists.

INFO:root:Results saved to DynamoDB for id_nmc_batch: nmc_144_0c003_2

(λ: args_worker) RequestId: 91cf001b-a030-4893-a61d-67fac7c4f882  Duration: 4068.46 ms  Billed Duration: 4069 ms
INFO:root:[OFFLINE] Lambda invoked successfully. HTTP code: 200

INFO:root:nmc_worker invoked with response: {'status': 'invoked'}
INFO:root:Invoking args_worker with event: {'id_nmc_batch': 'nmc_144_0c003_2', 'number_of_args_combinations_batches': 72, 'id_batch_arguments': 61}
INFO:root:[OFFLINE] Invoking lambda 'args_worker' at http://localhost:3000/dev/args_worker with payload: {'id_nmc_batch': 'nmc_144_0c003_2', 'number_of_args_combinations_batches': 72, 'id_batch_arguments': 62}



POST /dev/args_worker (λ: args_worker)
INFO:root:Event received in args_worker lambda_handler

INFO:root:codeConfig: 144, p: 0.003

INFO:root:Config with codeConfig 144 loaded

INFO:root:Bivariate bicycle code created

INFO:root:Circuit built

INFO:root:Detector error model built

INFO:root:Detector error model converted to check matrices

INFO:root:Successfully retrieved 1 arguments for id_batch_arguments: 62

INFO:root:Args variables loaded from DynamoDB

[32minfo[39m: um-cloud-data/detectors_observables/code_144/p_0c003/batch_2.json 200 2ms 3.12mb
INFO:root:Samples loaded from S3.

INFO:root:Downloading automorphism from S3: automorphisms/0.003/auto_62/data.pkl

[32minfo[39m: tum-cloud-data/automorphisms/0.003/auto_62/data.pkl 200 1ms 69.48mb
[32minfo[39m: um-cloud-data/automorphisms/0.003/auto_62/data.pkl 206 37ms 5.48mb
[32minfo[39m: um-cloud-data/automorphisms/0.003/auto_62/data.pkl 206 47ms 8mb
[32minfo[39m: um-cloud-data/automorphisms/0.003/auto_62/data.pkl 206 46ms 8mb
[32minfo[39m: um-cloud-data/automorphisms/0.003/auto_62/data.pkl 206 48ms 8mb
[32minfo[39m: um-cloud-data/automorphisms/0.003/auto_62/data.pkl 206 50ms 8mb
[32minfo[39m: um-cloud-data/automorphisms/0.003/auto_62/data.pkl 206 50ms 8mb
[32minfo[39m: um-cloud-data/automorphisms/0.003/auto_62/data.pkl 206 51ms 8mb
[32minfo[39m: um-cloud-data/automorphisms/0.003/auto_62/data.pkl 206 50ms 8mb
[32minfo[39m: um-cloud-data/automorphisms/0.003/auto_62/data.pkl 206 52ms 8mb
INFO:root:BP decoder initialized

INFO:root:Running 500 Monte Carlo trials

INFO:root:  Error lógico corregido en patrón 2

INFO:root:  Error lógico corregido en patrón 4

INFO:root:  Error lógico corregido en patrón 5

INFO:root:  Error lógico corregido en patrón 6

INFO:root:  Error lógico corregido en patrón 18

INFO:root:  Error lógico corregido en patrón 23

INFO:root:  Error lógico corregido en patrón 24

INFO:root:  Error lógico corregido en patrón 54

INFO:root:  Error lógico corregido en patrón 55

INFO:root:  Error lógico corregido en patrón 60

INFO:root:  Error lógico corregido en patrón 68

INFO:root:  Error lógico corregido en patrón 69

INFO:root:  Error lógico corregido en patrón 86

INFO:root:  Error lógico corregido en patrón 89

INFO:root:  Error lógico corregido en patrón 97

INFO:root:  Error lógico corregido en patrón 101

INFO:root:  Error lógico corregido en patrón 114

INFO:root:  Error lógico corregido en patrón 122

INFO:root:  Error lógico corregido en patrón 123

INFO:root:  Error lógico corregido en patrón 127

INFO:root:  Error lógico corregido en patrón 154

INFO:root:  Error lógico corregido en patrón 155

INFO:root:  Error lógico corregido en patrón 164

INFO:root:  Error lógico corregido en patrón 169

INFO:root:  Error lógico corregido en patrón 173

INFO:root:  Error lógico corregido en patrón 183

INFO:root:  Error lógico corregido en patrón 189

INFO:root:  Error lógico corregido en patrón 192

INFO:root:  Error lógico corregido en patrón 206

INFO:root:  Error lógico corregido en patrón 207

INFO:root:  Error lógico corregido en patrón 212

INFO:root:  Error lógico corregido en patrón 213

INFO:root:  Error lógico corregido en patrón 225

INFO:root:  Error lógico corregido en patrón 229

INFO:root:  Error lógico corregido en patrón 230

INFO:root:  Error lógico corregido en patrón 237

INFO:root:  Error lógico corregido en patrón 244

INFO:root:  Error lógico corregido en patrón 251

INFO:root:  Error lógico corregido en patrón 256

INFO:root:  Error lógico corregido en patrón 259

INFO:root:  Error lógico corregido en patrón 270

INFO:root:  Error lógico corregido en patrón 298

INFO:root:  Error lógico corregido en patrón 302

INFO:root:  Error lógico corregido en patrón 303

INFO:root:  Error lógico corregido en patrón 307

INFO:root:  Error lógico corregido en patrón 323

INFO:root:  Error lógico corregido en patrón 330

INFO:root:  Error lógico corregido en patrón 337

INFO:root:  Error lógico corregido en patrón 338

INFO:root:  Error lógico corregido en patrón 348

INFO:root:  Error lógico corregido en patrón 354

INFO:root:  Error lógico corregido en patrón 356

INFO:root:  Error lógico corregido en patrón 372

INFO:root:  Error lógico corregido en patrón 390

INFO:root:  Error lógico corregido en patrón 394

INFO:root:  Error lógico corregido en patrón 422

INFO:root:  Error lógico corregido en patrón 423

INFO:root:  Error lógico corregido en patrón 429

INFO:root:  Error lógico corregido en patrón 430

INFO:root:  Error lógico corregido en patrón 434

INFO:root:  Error lógico corregido en patrón 436

INFO:root:  Error lógico corregido en patrón 441

INFO:root:  Error lógico corregido en patrón 446

INFO:root:  Error lógico corregido en patrón 459

INFO:root:  Error lógico corregido en patrón 493

INFO:root:Saving results to DynamoDB for id_nmc_batch: nmc_144_0c003_2, id_arguments: BP_62

INFO:root:Checking if table 'results_dynamodb' exists...

INFO:root:Table 'results_dynamodb' already exists.

INFO:root:Results saved to DynamoDB for id_nmc_batch: nmc_144_0c003_2

(λ: args_worker) RequestId: efcabcb6-7cf9-48b9-af9d-7aae21ab7656  Duration: 4089.76 ms  Billed Duration: 4090 ms
INFO:root:[OFFLINE] Lambda invoked successfully. HTTP code: 200

INFO:root:nmc_worker invoked with response: {'status': 'invoked'}
INFO:root:Invoking args_worker with event: {'id_nmc_batch': 'nmc_144_0c003_2', 'number_of_args_combinations_batches': 72, 'id_batch_arguments': 62}
INFO:root:[OFFLINE] Invoking lambda 'args_worker' at http://localhost:3000/dev/args_worker with payload: {'id_nmc_batch': 'nmc_144_0c003_2', 'number_of_args_combinations_batches': 72, 'id_batch_arguments': 63}



POST /dev/args_worker (λ: args_worker)
INFO:root:Event received in args_worker lambda_handler

INFO:root:codeConfig: 144, p: 0.003

INFO:root:Config with codeConfig 144 loaded

INFO:root:Bivariate bicycle code created

INFO:root:Circuit built

INFO:root:Detector error model built

INFO:root:Detector error model converted to check matrices

INFO:root:Successfully retrieved 1 arguments for id_batch_arguments: 63

INFO:root:Args variables loaded from DynamoDB

[32minfo[39m: um-cloud-data/detectors_observables/code_144/p_0c003/batch_2.json 200 2ms 3.12mb
INFO:root:Samples loaded from S3.

INFO:root:Downloading automorphism from S3: automorphisms/0.003/auto_63/data.pkl

[32minfo[39m: tum-cloud-data/automorphisms/0.003/auto_63/data.pkl 200 3ms 69.48mb
[32minfo[39m: um-cloud-data/automorphisms/0.003/auto_63/data.pkl 206 27ms 5.48mb
[32minfo[39m: um-cloud-data/automorphisms/0.003/auto_63/data.pkl 206 37ms 8mb
[32minfo[39m: um-cloud-data/automorphisms/0.003/auto_63/data.pkl 206 39ms 8mb
[32minfo[39m: um-cloud-data/automorphisms/0.003/auto_63/data.pkl 206 42ms 8mb
[32minfo[39m: um-cloud-data/automorphisms/0.003/auto_63/data.pkl 206 43ms 8mb
[32minfo[39m: um-cloud-data/automorphisms/0.003/auto_63/data.pkl 206 41ms 8mb
[32minfo[39m: um-cloud-data/automorphisms/0.003/auto_63/data.pkl 206 42ms 8mb
[32minfo[39m: um-cloud-data/automorphisms/0.003/auto_63/data.pkl 206 42ms 8mb
[32minfo[39m: um-cloud-data/automorphisms/0.003/auto_63/data.pkl 206 41ms 8mb
INFO:root:BP decoder initialized

INFO:root:Running 500 Monte Carlo trials

INFO:root:  Error lógico corregido en patrón 2

INFO:root:  Error lógico corregido en patrón 4

INFO:root:  Error lógico corregido en patrón 5

INFO:root:  Error lógico corregido en patrón 6

INFO:root:  Error lógico corregido en patrón 18

INFO:root:  Error lógico corregido en patrón 23

INFO:root:  Error lógico corregido en patrón 24

INFO:root:  Error lógico corregido en patrón 54

INFO:root:  Error lógico corregido en patrón 55

INFO:root:  Error lógico corregido en patrón 60

INFO:root:  Error lógico corregido en patrón 68

INFO:root:  Error lógico corregido en patrón 69

INFO:root:  Error lógico corregido en patrón 86

INFO:root:  Error lógico corregido en patrón 89

INFO:root:  Error lógico corregido en patrón 97

INFO:root:  Error lógico corregido en patrón 101

INFO:root:  Error lógico corregido en patrón 114

INFO:root:  Error lógico corregido en patrón 122

INFO:root:  Error lógico corregido en patrón 123

INFO:root:  Error lógico corregido en patrón 127

INFO:root:  Error lógico corregido en patrón 154

INFO:root:  Error lógico corregido en patrón 155

INFO:root:  Error lógico corregido en patrón 164

INFO:root:  Error lógico corregido en patrón 169

INFO:root:  Error lógico corregido en patrón 173

INFO:root:  Error lógico corregido en patrón 183

INFO:root:  Error lógico corregido en patrón 189

INFO:root:  Error lógico corregido en patrón 192

INFO:root:  Error lógico corregido en patrón 206

INFO:root:  Error lógico corregido en patrón 207

INFO:root:  Error lógico corregido en patrón 212

INFO:root:  Error lógico corregido en patrón 213

INFO:root:  Error lógico corregido en patrón 225

INFO:root:  Error lógico corregido en patrón 229

INFO:root:  Error lógico corregido en patrón 230

INFO:root:  Error lógico corregido en patrón 237

INFO:root:  Error lógico corregido en patrón 244

INFO:root:  Error lógico corregido en patrón 251

INFO:root:  Error lógico corregido en patrón 256

INFO:root:  Error lógico corregido en patrón 259

INFO:root:  Error lógico corregido en patrón 270

INFO:root:  Error lógico corregido en patrón 298

INFO:root:  Error lógico corregido en patrón 302

INFO:root:  Error lógico corregido en patrón 303

INFO:root:  Error lógico corregido en patrón 307

INFO:root:  Error lógico corregido en patrón 323

INFO:root:  Error lógico corregido en patrón 330

INFO:root:  Error lógico corregido en patrón 337

INFO:root:  Error lógico corregido en patrón 338

INFO:root:  Error lógico corregido en patrón 348

INFO:root:  Error lógico corregido en patrón 354

INFO:root:  Error lógico corregido en patrón 356

INFO:root:  Error lógico corregido en patrón 369

INFO:root:  Error lógico corregido en patrón 372

INFO:root:  Error lógico corregido en patrón 390

INFO:root:  Error lógico corregido en patrón 394

INFO:root:  Error lógico corregido en patrón 422

INFO:root:  Error lógico corregido en patrón 423

INFO:root:  Error lógico corregido en patrón 429

INFO:root:  Error lógico corregido en patrón 430

INFO:root:  Error lógico corregido en patrón 434

INFO:root:  Error lógico corregido en patrón 436

INFO:root:  Error lógico corregido en patrón 441

INFO:root:  Error lógico corregido en patrón 446

INFO:root:  Error lógico corregido en patrón 459

INFO:root:  Error lógico corregido en patrón 493

INFO:root:Saving results to DynamoDB for id_nmc_batch: nmc_144_0c003_2, id_arguments: BP_63

INFO:root:Checking if table 'results_dynamodb' exists...

INFO:root:Table 'results_dynamodb' already exists.

INFO:root:Results saved to DynamoDB for id_nmc_batch: nmc_144_0c003_2

(λ: args_worker) RequestId: b0e1f847-3360-4c32-bf9c-06fa50ca7556  Duration: 3895.63 ms  Billed Duration: 3896 ms
INFO:root:[OFFLINE] Lambda invoked successfully. HTTP code: 200

INFO:root:nmc_worker invoked with response: {'status': 'invoked'}
INFO:root:Invoking args_worker with event: {'id_nmc_batch': 'nmc_144_0c003_2', 'number_of_args_combinations_batches': 72, 'id_batch_arguments': 63}
INFO:root:[OFFLINE] Invoking lambda 'args_worker' at http://localhost:3000/dev/args_worker with payload: {'id_nmc_batch': 'nmc_144_0c003_2', 'number_of_args_combinations_batches': 72, 'id_batch_arguments': 64}



POST /dev/args_worker (λ: args_worker)
INFO:root:Event received in args_worker lambda_handler

INFO:root:codeConfig: 144, p: 0.003

INFO:root:Config with codeConfig 144 loaded

INFO:root:Bivariate bicycle code created

INFO:root:Circuit built

INFO:root:Detector error model built

INFO:root:Detector error model converted to check matrices

INFO:root:Successfully retrieved 1 arguments for id_batch_arguments: 64

INFO:root:Args variables loaded from DynamoDB

[32minfo[39m: um-cloud-data/detectors_observables/code_144/p_0c003/batch_2.json 200 2ms 3.12mb
INFO:root:Samples loaded from S3.

INFO:root:Downloading automorphism from S3: automorphisms/0.003/auto_64/data.pkl

[32minfo[39m: tum-cloud-data/automorphisms/0.003/auto_64/data.pkl 200 3ms 69.48mb
[32minfo[39m: um-cloud-data/automorphisms/0.003/auto_64/data.pkl 206 31ms 5.48mb
[32minfo[39m: um-cloud-data/automorphisms/0.003/auto_64/data.pkl 206 48ms 8mb
[32minfo[39m: um-cloud-data/automorphisms/0.003/auto_64/data.pkl 206 52ms 8mb
[32minfo[39m: um-cloud-data/automorphisms/0.003/auto_64/data.pkl 206 53ms 8mb
[32minfo[39m: um-cloud-data/automorphisms/0.003/auto_64/data.pkl 206 52ms 8mb
[32minfo[39m: um-cloud-data/automorphisms/0.003/auto_64/data.pkl 206 51ms 8mb
[32minfo[39m: um-cloud-data/automorphisms/0.003/auto_64/data.pkl 206 55ms 8mb
[32minfo[39m: um-cloud-data/automorphisms/0.003/auto_64/data.pkl 206 51ms 8mb
[32minfo[39m: um-cloud-data/automorphisms/0.003/auto_64/data.pkl 206 49ms 8mb
INFO:root:BP decoder initialized

INFO:root:Running 500 Monte Carlo trials

INFO:root:  Error lógico corregido en patrón 2

INFO:root:  Error lógico corregido en patrón 4

INFO:root:  Error lógico corregido en patrón 5

INFO:root:  Error lógico corregido en patrón 6

INFO:root:  Error lógico corregido en patrón 18

INFO:root:  Error lógico corregido en patrón 23

INFO:root:  Error lógico corregido en patrón 54

INFO:root:  Error lógico corregido en patrón 55

INFO:root:  Error lógico corregido en patrón 60

INFO:root:  Error lógico corregido en patrón 68

INFO:root:  Error lógico corregido en patrón 69

INFO:root:  Error lógico corregido en patrón 86

INFO:root:  Error lógico corregido en patrón 89

INFO:root:  Error lógico corregido en patrón 97

INFO:root:  Error lógico corregido en patrón 101

INFO:root:  Error lógico corregido en patrón 114

INFO:root:  Error lógico corregido en patrón 122

INFO:root:  Error lógico corregido en patrón 123

INFO:root:  Error lógico corregido en patrón 127

INFO:root:  Error lógico corregido en patrón 154

INFO:root:  Error lógico corregido en patrón 155

INFO:root:  Error lógico corregido en patrón 164

INFO:root:  Error lógico corregido en patrón 169

INFO:root:  Error lógico corregido en patrón 173

INFO:root:  Error lógico corregido en patrón 183

INFO:root:  Error lógico corregido en patrón 189

INFO:root:  Error lógico corregido en patrón 192

INFO:root:  Error lógico corregido en patrón 206

INFO:root:  Error lógico corregido en patrón 207

INFO:root:  Error lógico corregido en patrón 212

INFO:root:  Error lógico corregido en patrón 213

INFO:root:  Error lógico corregido en patrón 225

INFO:root:  Error lógico corregido en patrón 229

INFO:root:  Error lógico corregido en patrón 230

INFO:root:  Error lógico corregido en patrón 237

INFO:root:  Error lógico corregido en patrón 244

INFO:root:  Error lógico corregido en patrón 251

INFO:root:  Error lógico corregido en patrón 256

INFO:root:  Error lógico corregido en patrón 259

INFO:root:  Error lógico corregido en patrón 270

INFO:root:  Error lógico corregido en patrón 298

INFO:root:  Error lógico corregido en patrón 302

INFO:root:  Error lógico corregido en patrón 303

INFO:root:  Error lógico corregido en patrón 307

INFO:root:  Error lógico corregido en patrón 323

INFO:root:  Error lógico corregido en patrón 330

INFO:root:  Error lógico corregido en patrón 337

INFO:root:  Error lógico corregido en patrón 338

INFO:root:  Error lógico corregido en patrón 348

INFO:root:  Error lógico corregido en patrón 354

INFO:root:  Error lógico corregido en patrón 356

INFO:root:  Error lógico corregido en patrón 372

INFO:root:  Error lógico corregido en patrón 390

INFO:root:  Error lógico corregido en patrón 394

INFO:root:  Error lógico corregido en patrón 422

INFO:root:  Error lógico corregido en patrón 423

INFO:root:  Error lógico corregido en patrón 429

INFO:root:  Error lógico corregido en patrón 430

INFO:root:  Error lógico corregido en patrón 434

INFO:root:  Error lógico corregido en patrón 436

INFO:root:  Error lógico corregido en patrón 441

INFO:root:  Error lógico corregido en patrón 446

INFO:root:  Error lógico corregido en patrón 459

INFO:root:  Error lógico corregido en patrón 493

INFO:root:Saving results to DynamoDB for id_nmc_batch: nmc_144_0c003_2, id_arguments: BP_64

INFO:root:Checking if table 'results_dynamodb' exists...

INFO:root:Table 'results_dynamodb' already exists.

INFO:root:Results saved to DynamoDB for id_nmc_batch: nmc_144_0c003_2

(λ: args_worker) RequestId: 54c07f6a-2816-4b96-9d6a-2d70484beedf  Duration: 3882.48 ms  Billed Duration: 3883 ms
INFO:root:[OFFLINE] Lambda invoked successfully. HTTP code: 200

INFO:root:nmc_worker invoked with response: {'status': 'invoked'}
INFO:root:Invoking args_worker with event: {'id_nmc_batch': 'nmc_144_0c003_2', 'number_of_args_combinations_batches': 72, 'id_batch_arguments': 64}
INFO:root:[OFFLINE] Invoking lambda 'args_worker' at http://localhost:3000/dev/args_worker with payload: {'id_nmc_batch': 'nmc_144_0c003_2', 'number_of_args_combinations_batches': 72, 'id_batch_arguments': 65}



POST /dev/args_worker (λ: args_worker)
INFO:root:Event received in args_worker lambda_handler

INFO:root:codeConfig: 144, p: 0.003

INFO:root:Config with codeConfig 144 loaded

INFO:root:Bivariate bicycle code created

INFO:root:Circuit built

INFO:root:Detector error model built

INFO:root:Detector error model converted to check matrices

INFO:root:Successfully retrieved 1 arguments for id_batch_arguments: 65

INFO:root:Args variables loaded from DynamoDB

[32minfo[39m: um-cloud-data/detectors_observables/code_144/p_0c003/batch_2.json 200 2ms 3.12mb
INFO:root:Samples loaded from S3.

INFO:root:Downloading automorphism from S3: automorphisms/0.003/auto_65/data.pkl

[32minfo[39m: tum-cloud-data/automorphisms/0.003/auto_65/data.pkl 200 3ms 69.48mb
[32minfo[39m: um-cloud-data/automorphisms/0.003/auto_65/data.pkl 206 32ms 5.48mb
[32minfo[39m: um-cloud-data/automorphisms/0.003/auto_65/data.pkl 206 44ms 8mb
[32minfo[39m: um-cloud-data/automorphisms/0.003/auto_65/data.pkl 206 45ms 8mb
[32minfo[39m: um-cloud-data/automorphisms/0.003/auto_65/data.pkl 206 43ms 8mb
[32minfo[39m: um-cloud-data/automorphisms/0.003/auto_65/data.pkl 206 41ms 8mb
[32minfo[39m: um-cloud-data/automorphisms/0.003/auto_65/data.pkl 206 42ms 8mb
[32minfo[39m: um-cloud-data/automorphisms/0.003/auto_65/data.pkl 206 42ms 8mb
[32minfo[39m: um-cloud-data/automorphisms/0.003/auto_65/data.pkl 206 46ms 8mb
[32minfo[39m: um-cloud-data/automorphisms/0.003/auto_65/data.pkl 206 45ms 8mb
INFO:root:BP decoder initialized

INFO:root:Running 500 Monte Carlo trials

INFO:root:  Error lógico corregido en patrón 2

INFO:root:  Error lógico corregido en patrón 4

INFO:root:  Error lógico corregido en patrón 5

INFO:root:  Error lógico corregido en patrón 6

INFO:root:  Error lógico corregido en patrón 18

INFO:root:  Error lógico corregido en patrón 23

INFO:root:  Error lógico corregido en patrón 54

INFO:root:  Error lógico corregido en patrón 55

INFO:root:  Error lógico corregido en patrón 60

INFO:root:  Error lógico corregido en patrón 68

INFO:root:  Error lógico corregido en patrón 69

INFO:root:  Error lógico corregido en patrón 86

INFO:root:  Error lógico corregido en patrón 89

INFO:root:  Error lógico corregido en patrón 97

INFO:root:  Error lógico corregido en patrón 101

INFO:root:  Error lógico corregido en patrón 114

INFO:root:  Error lógico corregido en patrón 122

INFO:root:  Error lógico corregido en patrón 123

INFO:root:  Error lógico corregido en patrón 127

INFO:root:  Error lógico corregido en patrón 154

INFO:root:  Error lógico corregido en patrón 155

INFO:root:  Error lógico corregido en patrón 164

INFO:root:  Error lógico corregido en patrón 169

INFO:root:  Error lógico corregido en patrón 173

INFO:root:  Error lógico corregido en patrón 183

INFO:root:  Error lógico corregido en patrón 189

INFO:root:  Error lógico corregido en patrón 192

INFO:root:  Error lógico corregido en patrón 206

INFO:root:  Error lógico corregido en patrón 207

INFO:root:  Error lógico corregido en patrón 212

INFO:root:  Error lógico corregido en patrón 213

INFO:root:  Error lógico corregido en patrón 225

INFO:root:  Error lógico corregido en patrón 229

INFO:root:  Error lógico corregido en patrón 230

INFO:root:  Error lógico corregido en patrón 237

INFO:root:  Error lógico corregido en patrón 244

INFO:root:  Error lógico corregido en patrón 251

INFO:root:  Error lógico corregido en patrón 256

INFO:root:  Error lógico corregido en patrón 259

INFO:root:  Error lógico corregido en patrón 270

INFO:root:  Error lógico corregido en patrón 298

INFO:root:  Error lógico corregido en patrón 302

INFO:root:  Error lógico corregido en patrón 303

INFO:root:  Error lógico corregido en patrón 307

INFO:root:  Error lógico corregido en patrón 323

INFO:root:  Error lógico corregido en patrón 330

INFO:root:  Error lógico corregido en patrón 337

INFO:root:  Error lógico corregido en patrón 338

INFO:root:  Error lógico corregido en patrón 348

INFO:root:  Error lógico corregido en patrón 354

INFO:root:  Error lógico corregido en patrón 356

INFO:root:  Error lógico corregido en patrón 372

INFO:root:  Error lógico corregido en patrón 390

INFO:root:  Error lógico corregido en patrón 394

INFO:root:  Error lógico corregido en patrón 422

INFO:root:  Error lógico corregido en patrón 423

INFO:root:  Error lógico corregido en patrón 429

INFO:root:  Error lógico corregido en patrón 430

INFO:root:  Error lógico corregido en patrón 434

INFO:root:  Error lógico corregido en patrón 436

INFO:root:  Error lógico corregido en patrón 441

INFO:root:  Error lógico corregido en patrón 446

INFO:root:  Error lógico corregido en patrón 459

INFO:root:  Error lógico corregido en patrón 493

INFO:root:Saving results to DynamoDB for id_nmc_batch: nmc_144_0c003_2, id_arguments: BP_65

INFO:root:Checking if table 'results_dynamodb' exists...

INFO:root:Table 'results_dynamodb' already exists.

INFO:root:Results saved to DynamoDB for id_nmc_batch: nmc_144_0c003_2

(λ: args_worker) RequestId: 431a14bd-d2be-4e95-8af9-59d2e8f09e74  Duration: 3856.19 ms  Billed Duration: 3857 ms
INFO:root:[OFFLINE] Lambda invoked successfully. HTTP code: 200

INFO:root:nmc_worker invoked with response: {'status': 'invoked'}
INFO:root:Invoking args_worker with event: {'id_nmc_batch': 'nmc_144_0c003_2', 'number_of_args_combinations_batches': 72, 'id_batch_arguments': 65}
INFO:root:[OFFLINE] Invoking lambda 'args_worker' at http://localhost:3000/dev/args_worker with payload: {'id_nmc_batch': 'nmc_144_0c003_2', 'number_of_args_combinations_batches': 72, 'id_batch_arguments': 66}



POST /dev/args_worker (λ: args_worker)
INFO:root:Event received in args_worker lambda_handler

INFO:root:codeConfig: 144, p: 0.003

INFO:root:Config with codeConfig 144 loaded

INFO:root:Bivariate bicycle code created

INFO:root:Circuit built

INFO:root:Detector error model built

INFO:root:Detector error model converted to check matrices

INFO:root:Successfully retrieved 1 arguments for id_batch_arguments: 66

INFO:root:Args variables loaded from DynamoDB

[32minfo[39m: um-cloud-data/detectors_observables/code_144/p_0c003/batch_2.json 200 2ms 3.12mb
INFO:root:Samples loaded from S3.

INFO:root:Downloading automorphism from S3: automorphisms/0.003/auto_66/data.pkl

[32minfo[39m: tum-cloud-data/automorphisms/0.003/auto_66/data.pkl 200 4ms 69.48mb
[32minfo[39m: um-cloud-data/automorphisms/0.003/auto_66/data.pkl 206 41ms 5.48mb
[32minfo[39m: um-cloud-data/automorphisms/0.003/auto_66/data.pkl 206 69ms 8mb
[32minfo[39m: um-cloud-data/automorphisms/0.003/auto_66/data.pkl 206 66ms 8mb
[32minfo[39m: um-cloud-data/automorphisms/0.003/auto_66/data.pkl 206 67ms 8mb
[32minfo[39m: um-cloud-data/automorphisms/0.003/auto_66/data.pkl 206 71ms 8mb
[32minfo[39m: um-cloud-data/automorphisms/0.003/auto_66/data.pkl 206 70ms 8mb
[32minfo[39m: um-cloud-data/automorphisms/0.003/auto_66/data.pkl 206 71ms 8mb
[32minfo[39m: um-cloud-data/automorphisms/0.003/auto_66/data.pkl 206 71ms 8mb
[32minfo[39m: um-cloud-data/automorphisms/0.003/auto_66/data.pkl 206 70ms 8mb
INFO:root:BP decoder initialized

INFO:root:Running 500 Monte Carlo trials

INFO:root:  Error lógico corregido en patrón 2

INFO:root:  Error lógico corregido en patrón 4

INFO:root:  Error lógico corregido en patrón 5

INFO:root:  Error lógico corregido en patrón 6

INFO:root:  Error lógico corregido en patrón 18

INFO:root:  Error lógico corregido en patrón 23

INFO:root:  Error lógico corregido en patrón 24

INFO:root:  Error lógico corregido en patrón 54

INFO:root:  Error lógico corregido en patrón 55

INFO:root:  Error lógico corregido en patrón 60

INFO:root:  Error lógico corregido en patrón 68

INFO:root:  Error lógico corregido en patrón 69

INFO:root:  Error lógico corregido en patrón 86

INFO:root:  Error lógico corregido en patrón 89

INFO:root:  Error lógico corregido en patrón 97

INFO:root:  Error lógico corregido en patrón 101

INFO:root:  Error lógico corregido en patrón 114

INFO:root:  Error lógico corregido en patrón 122

INFO:root:  Error lógico corregido en patrón 123

INFO:root:  Error lógico corregido en patrón 127

INFO:root:  Error lógico corregido en patrón 154

INFO:root:  Error lógico corregido en patrón 155

INFO:root:  Error lógico corregido en patrón 164

INFO:root:  Error lógico corregido en patrón 169

INFO:root:  Error lógico corregido en patrón 173

INFO:root:  Error lógico corregido en patrón 183

INFO:root:  Error lógico corregido en patrón 189

INFO:root:  Error lógico corregido en patrón 192

INFO:root:  Error lógico corregido en patrón 206

INFO:root:  Error lógico corregido en patrón 207

INFO:root:  Error lógico corregido en patrón 212

INFO:root:  Error lógico corregido en patrón 213

INFO:root:  Error lógico corregido en patrón 225

INFO:root:  Error lógico corregido en patrón 229

INFO:root:  Error lógico corregido en patrón 230

INFO:root:  Error lógico corregido en patrón 237

INFO:root:  Error lógico corregido en patrón 244

INFO:root:  Error lógico corregido en patrón 251

INFO:root:  Error lógico corregido en patrón 256

INFO:root:  Error lógico corregido en patrón 259

INFO:root:  Error lógico corregido en patrón 270

INFO:root:  Error lógico corregido en patrón 298

INFO:root:  Error lógico corregido en patrón 302

INFO:root:  Error lógico corregido en patrón 303

INFO:root:  Error lógico corregido en patrón 307

INFO:root:  Error lógico corregido en patrón 323

INFO:root:  Error lógico corregido en patrón 330

INFO:root:  Error lógico corregido en patrón 337

INFO:root:  Error lógico corregido en patrón 338

INFO:root:  Error lógico corregido en patrón 348

INFO:root:  Error lógico corregido en patrón 354

INFO:root:  Error lógico corregido en patrón 356

INFO:root:  Error lógico corregido en patrón 369

INFO:root:  Error lógico corregido en patrón 372

INFO:root:  Error lógico corregido en patrón 390

INFO:root:  Error lógico corregido en patrón 394

INFO:root:  Error lógico corregido en patrón 422

INFO:root:  Error lógico corregido en patrón 423

INFO:root:  Error lógico corregido en patrón 429

INFO:root:  Error lógico corregido en patrón 430

INFO:root:  Error lógico corregido en patrón 434

INFO:root:  Error lógico corregido en patrón 436

INFO:root:  Error lógico corregido en patrón 441

INFO:root:  Error lógico corregido en patrón 446

INFO:root:  Error lógico corregido en patrón 459

INFO:root:  Error lógico corregido en patrón 493

INFO:root:Saving results to DynamoDB for id_nmc_batch: nmc_144_0c003_2, id_arguments: BP_66

INFO:root:Checking if table 'results_dynamodb' exists...

INFO:root:Table 'results_dynamodb' already exists.

INFO:root:Results saved to DynamoDB for id_nmc_batch: nmc_144_0c003_2

(λ: args_worker) RequestId: 6ae58cb4-7d0e-4d2e-97a8-addfc9d4ac93  Duration: 3896.75 ms  Billed Duration: 3897 ms
INFO:root:[OFFLINE] Lambda invoked successfully. HTTP code: 200

INFO:root:nmc_worker invoked with response: {'status': 'invoked'}
INFO:root:Invoking args_worker with event: {'id_nmc_batch': 'nmc_144_0c003_2', 'number_of_args_combinations_batches': 72, 'id_batch_arguments': 66}
INFO:root:[OFFLINE] Invoking lambda 'args_worker' at http://localhost:3000/dev/args_worker with payload: {'id_nmc_batch': 'nmc_144_0c003_2', 'number_of_args_combinations_batches': 72, 'id_batch_arguments': 67}



POST /dev/args_worker (λ: args_worker)
INFO:root:Event received in args_worker lambda_handler

INFO:root:codeConfig: 144, p: 0.003

INFO:root:Config with codeConfig 144 loaded

INFO:root:Bivariate bicycle code created

INFO:root:Circuit built

INFO:root:Detector error model built

INFO:root:Detector error model converted to check matrices

INFO:root:Successfully retrieved 1 arguments for id_batch_arguments: 67

INFO:root:Args variables loaded from DynamoDB

[32minfo[39m: um-cloud-data/detectors_observables/code_144/p_0c003/batch_2.json 200 3ms 3.12mb
INFO:root:Samples loaded from S3.

INFO:root:Downloading automorphism from S3: automorphisms/0.003/auto_67/data.pkl

[32minfo[39m: tum-cloud-data/automorphisms/0.003/auto_67/data.pkl 200 4ms 69.48mb
[32minfo[39m: um-cloud-data/automorphisms/0.003/auto_67/data.pkl 206 37ms 5.48mb
[32minfo[39m: um-cloud-data/automorphisms/0.003/auto_67/data.pkl 206 43ms 8mb
[32minfo[39m: um-cloud-data/automorphisms/0.003/auto_67/data.pkl 206 45ms 8mb
[32minfo[39m: um-cloud-data/automorphisms/0.003/auto_67/data.pkl 206 46ms 8mb
[32minfo[39m: um-cloud-data/automorphisms/0.003/auto_67/data.pkl 206 47ms 8mb
[32minfo[39m: um-cloud-data/automorphisms/0.003/auto_67/data.pkl 206 50ms 8mb
[32minfo[39m: um-cloud-data/automorphisms/0.003/auto_67/data.pkl 206 48ms 8mb
[32minfo[39m: um-cloud-data/automorphisms/0.003/auto_67/data.pkl 206 47ms 8mb
[32minfo[39m: um-cloud-data/automorphisms/0.003/auto_67/data.pkl 206 49ms 8mb
INFO:root:BP decoder initialized

INFO:root:Running 500 Monte Carlo trials

INFO:root:  Error lógico corregido en patrón 2

INFO:root:  Error lógico corregido en patrón 4

INFO:root:  Error lógico corregido en patrón 5

INFO:root:  Error lógico corregido en patrón 6

INFO:root:  Error lógico corregido en patrón 18

INFO:root:  Error lógico corregido en patrón 23

INFO:root:  Error lógico corregido en patrón 24

INFO:root:  Error lógico corregido en patrón 54

INFO:root:  Error lógico corregido en patrón 55

INFO:root:  Error lógico corregido en patrón 60

INFO:root:  Error lógico corregido en patrón 68

INFO:root:  Error lógico corregido en patrón 69

INFO:root:  Error lógico corregido en patrón 86

INFO:root:  Error lógico corregido en patrón 89

INFO:root:  Error lógico corregido en patrón 97

INFO:root:  Error lógico corregido en patrón 101

INFO:root:  Error lógico corregido en patrón 114

INFO:root:  Error lógico corregido en patrón 122

INFO:root:  Error lógico corregido en patrón 123

INFO:root:  Error lógico corregido en patrón 127

INFO:root:  Error lógico corregido en patrón 154

INFO:root:  Error lógico corregido en patrón 155

INFO:root:  Error lógico corregido en patrón 164

INFO:root:  Error lógico corregido en patrón 169

INFO:root:  Error lógico corregido en patrón 173

INFO:root:  Error lógico corregido en patrón 183

INFO:root:  Error lógico corregido en patrón 189

INFO:root:  Error lógico corregido en patrón 192

INFO:root:  Error lógico corregido en patrón 206

INFO:root:  Error lógico corregido en patrón 207

INFO:root:  Error lógico corregido en patrón 212

INFO:root:  Error lógico corregido en patrón 213

INFO:root:  Error lógico corregido en patrón 225

INFO:root:  Error lógico corregido en patrón 229

INFO:root:  Error lógico corregido en patrón 230

INFO:root:  Error lógico corregido en patrón 237

INFO:root:  Error lógico corregido en patrón 244

INFO:root:  Error lógico corregido en patrón 251

INFO:root:  Error lógico corregido en patrón 256

INFO:root:  Error lógico corregido en patrón 259

INFO:root:  Error lógico corregido en patrón 270

INFO:root:  Error lógico corregido en patrón 298

INFO:root:  Error lógico corregido en patrón 302

INFO:root:  Error lógico corregido en patrón 303

INFO:root:  Error lógico corregido en patrón 307

INFO:root:  Error lógico corregido en patrón 323

INFO:root:  Error lógico corregido en patrón 330

INFO:root:  Error lógico corregido en patrón 337

INFO:root:  Error lógico corregido en patrón 338

INFO:root:  Error lógico corregido en patrón 348

INFO:root:  Error lógico corregido en patrón 354

INFO:root:  Error lógico corregido en patrón 356

INFO:root:  Error lógico corregido en patrón 372

INFO:root:  Error lógico corregido en patrón 390

INFO:root:  Error lógico corregido en patrón 394

INFO:root:  Error lógico corregido en patrón 422

INFO:root:  Error lógico corregido en patrón 423

INFO:root:  Error lógico corregido en patrón 429

INFO:root:  Error lógico corregido en patrón 430

INFO:root:  Error lógico corregido en patrón 434

INFO:root:  Error lógico corregido en patrón 436

INFO:root:  Error lógico corregido en patrón 441

INFO:root:  Error lógico corregido en patrón 446

INFO:root:  Error lógico corregido en patrón 459

INFO:root:  Error lógico corregido en patrón 493

INFO:root:Saving results to DynamoDB for id_nmc_batch: nmc_144_0c003_2, id_arguments: BP_67

INFO:root:Checking if table 'results_dynamodb' exists...

INFO:root:Table 'results_dynamodb' already exists.

INFO:root:Results saved to DynamoDB for id_nmc_batch: nmc_144_0c003_2

(λ: args_worker) RequestId: 5b0a84d7-efc4-4ed3-96ee-61955075b50d  Duration: 3890.57 ms  Billed Duration: 3891 ms
INFO:root:[OFFLINE] Lambda invoked successfully. HTTP code: 200

INFO:root:nmc_worker invoked with response: {'status': 'invoked'}
INFO:root:Invoking args_worker with event: {'id_nmc_batch': 'nmc_144_0c003_2', 'number_of_args_combinations_batches': 72, 'id_batch_arguments': 67}
INFO:root:[OFFLINE] Invoking lambda 'args_worker' at http://localhost:3000/dev/args_worker with payload: {'id_nmc_batch': 'nmc_144_0c003_2', 'number_of_args_combinations_batches': 72, 'id_batch_arguments': 68}



POST /dev/args_worker (λ: args_worker)
INFO:root:Event received in args_worker lambda_handler

INFO:root:codeConfig: 144, p: 0.003

INFO:root:Config with codeConfig 144 loaded

INFO:root:Bivariate bicycle code created

INFO:root:Circuit built

INFO:root:Detector error model built

INFO:root:Detector error model converted to check matrices

INFO:root:Successfully retrieved 1 arguments for id_batch_arguments: 68

INFO:root:Args variables loaded from DynamoDB

[32minfo[39m: um-cloud-data/detectors_observables/code_144/p_0c003/batch_2.json 200 2ms 3.12mb
INFO:root:Samples loaded from S3.

INFO:root:Downloading automorphism from S3: automorphisms/0.003/auto_68/data.pkl

[32minfo[39m: tum-cloud-data/automorphisms/0.003/auto_68/data.pkl 200 4ms 69.48mb
[32minfo[39m: um-cloud-data/automorphisms/0.003/auto_68/data.pkl 206 34ms 5.48mb
[32minfo[39m: um-cloud-data/automorphisms/0.003/auto_68/data.pkl 206 51ms 8mb
[32minfo[39m: um-cloud-data/automorphisms/0.003/auto_68/data.pkl 206 54ms 8mb
[32minfo[39m: um-cloud-data/automorphisms/0.003/auto_68/data.pkl 206 53ms 8mb
[32minfo[39m: um-cloud-data/automorphisms/0.003/auto_68/data.pkl 206 49ms 8mb
[32minfo[39m: um-cloud-data/automorphisms/0.003/auto_68/data.pkl 206 54ms 8mb
[32minfo[39m: um-cloud-data/automorphisms/0.003/auto_68/data.pkl 206 55ms 8mb
[32minfo[39m: um-cloud-data/automorphisms/0.003/auto_68/data.pkl 206 57ms 8mb
[32minfo[39m: um-cloud-data/automorphisms/0.003/auto_68/data.pkl 206 48ms 8mb
INFO:root:BP decoder initialized

INFO:root:Running 500 Monte Carlo trials

INFO:root:  Error lógico corregido en patrón 2

INFO:root:  Error lógico corregido en patrón 5

INFO:root:  Error lógico corregido en patrón 6

INFO:root:  Error lógico corregido en patrón 18

INFO:root:  Error lógico corregido en patrón 23

INFO:root:  Error lógico corregido en patrón 24

INFO:root:  Error lógico corregido en patrón 54

INFO:root:  Error lógico corregido en patrón 55

INFO:root:  Error lógico corregido en patrón 60

INFO:root:  Error lógico corregido en patrón 68

INFO:root:  Error lógico corregido en patrón 69

INFO:root:  Error lógico corregido en patrón 86

INFO:root:  Error lógico corregido en patrón 89

INFO:root:  Error lógico corregido en patrón 97

INFO:root:  Error lógico corregido en patrón 101

INFO:root:  Error lógico corregido en patrón 114

INFO:root:  Error lógico corregido en patrón 122

INFO:root:  Error lógico corregido en patrón 123

INFO:root:  Error lógico corregido en patrón 127

INFO:root:  Error lógico corregido en patrón 154

INFO:root:  Error lógico corregido en patrón 155

INFO:root:  Error lógico corregido en patrón 164

INFO:root:  Error lógico corregido en patrón 169

INFO:root:  Error lógico corregido en patrón 173

INFO:root:  Error lógico corregido en patrón 183

INFO:root:  Error lógico corregido en patrón 189

INFO:root:  Error lógico corregido en patrón 192

INFO:root:  Error lógico corregido en patrón 206

INFO:root:  Error lógico corregido en patrón 207

INFO:root:  Error lógico corregido en patrón 212

INFO:root:  Error lógico corregido en patrón 213

INFO:root:  Error lógico corregido en patrón 225

INFO:root:  Error lógico corregido en patrón 229

INFO:root:  Error lógico corregido en patrón 230

INFO:root:  Error lógico corregido en patrón 237

INFO:root:  Error lógico corregido en patrón 244

INFO:root:  Error lógico corregido en patrón 251

INFO:root:  Error lógico corregido en patrón 256

INFO:root:  Error lógico corregido en patrón 259

INFO:root:  Error lógico corregido en patrón 270

INFO:root:  Error lógico corregido en patrón 298

INFO:root:  Error lógico corregido en patrón 302

INFO:root:  Error lógico corregido en patrón 303

INFO:root:  Error lógico corregido en patrón 307

INFO:root:  Error lógico corregido en patrón 323

INFO:root:  Error lógico corregido en patrón 330

INFO:root:  Error lógico corregido en patrón 337

INFO:root:  Error lógico corregido en patrón 338

INFO:root:  Error lógico corregido en patrón 348

INFO:root:  Error lógico corregido en patrón 354

INFO:root:  Error lógico corregido en patrón 356

INFO:root:  Error lógico corregido en patrón 372

INFO:root:  Error lógico corregido en patrón 390

INFO:root:  Error lógico corregido en patrón 394

INFO:root:  Error lógico corregido en patrón 422

INFO:root:  Error lógico corregido en patrón 423

INFO:root:  Error lógico corregido en patrón 429

INFO:root:  Error lógico corregido en patrón 430

INFO:root:  Error lógico corregido en patrón 434

INFO:root:  Error lógico corregido en patrón 436

INFO:root:  Error lógico corregido en patrón 441

INFO:root:  Error lógico corregido en patrón 446

INFO:root:  Error lógico corregido en patrón 459

INFO:root:  Error lógico corregido en patrón 493

INFO:root:Saving results to DynamoDB for id_nmc_batch: nmc_144_0c003_2, id_arguments: BP_68

INFO:root:Checking if table 'results_dynamodb' exists...

INFO:root:Table 'results_dynamodb' already exists.

INFO:root:Results saved to DynamoDB for id_nmc_batch: nmc_144_0c003_2

(λ: args_worker) RequestId: 4704c657-6be7-45ec-bb1b-2effbd748754  Duration: 3928.25 ms  Billed Duration: 3929 ms
INFO:root:[OFFLINE] Lambda invoked successfully. HTTP code: 200

INFO:root:nmc_worker invoked with response: {'status': 'invoked'}
INFO:root:Invoking args_worker with event: {'id_nmc_batch': 'nmc_144_0c003_2', 'number_of_args_combinations_batches': 72, 'id_batch_arguments': 68}
INFO:root:[OFFLINE] Invoking lambda 'args_worker' at http://localhost:3000/dev/args_worker with payload: {'id_nmc_batch': 'nmc_144_0c003_2', 'number_of_args_combinations_batches': 72, 'id_batch_arguments': 69}



POST /dev/args_worker (λ: args_worker)
INFO:root:Event received in args_worker lambda_handler

INFO:root:codeConfig: 144, p: 0.003

INFO:root:Config with codeConfig 144 loaded

INFO:root:Bivariate bicycle code created

INFO:root:Circuit built

INFO:root:Detector error model built

INFO:root:Detector error model converted to check matrices

INFO:root:Successfully retrieved 1 arguments for id_batch_arguments: 69

INFO:root:Args variables loaded from DynamoDB

[32minfo[39m: um-cloud-data/detectors_observables/code_144/p_0c003/batch_2.json 200 2ms 3.12mb
INFO:root:Samples loaded from S3.

INFO:root:Downloading automorphism from S3: automorphisms/0.003/auto_69/data.pkl

[32minfo[39m: tum-cloud-data/automorphisms/0.003/auto_69/data.pkl 200 2ms 69.48mb
[32minfo[39m: um-cloud-data/automorphisms/0.003/auto_69/data.pkl 206 31ms 5.48mb
[32minfo[39m: um-cloud-data/automorphisms/0.003/auto_69/data.pkl 206 40ms 8mb
[32minfo[39m: um-cloud-data/automorphisms/0.003/auto_69/data.pkl 206 40ms 8mb
[32minfo[39m: um-cloud-data/automorphisms/0.003/auto_69/data.pkl 206 40ms 8mb
[32minfo[39m: um-cloud-data/automorphisms/0.003/auto_69/data.pkl 206 41ms 8mb
[32minfo[39m: um-cloud-data/automorphisms/0.003/auto_69/data.pkl 206 44ms 8mb
[32minfo[39m: um-cloud-data/automorphisms/0.003/auto_69/data.pkl 206 41ms 8mb
[32minfo[39m: um-cloud-data/automorphisms/0.003/auto_69/data.pkl 206 42ms 8mb
[32minfo[39m: um-cloud-data/automorphisms/0.003/auto_69/data.pkl 206 45ms 8mb
INFO:root:BP decoder initialized

INFO:root:Running 500 Monte Carlo trials

INFO:root:  Error lógico corregido en patrón 2

INFO:root:  Error lógico corregido en patrón 4

INFO:root:  Error lógico corregido en patrón 5

INFO:root:  Error lógico corregido en patrón 6

INFO:root:  Error lógico corregido en patrón 18

INFO:root:  Error lógico corregido en patrón 23

INFO:root:  Error lógico corregido en patrón 24

INFO:root:  Error lógico corregido en patrón 54

INFO:root:  Error lógico corregido en patrón 55

INFO:root:  Error lógico corregido en patrón 60

INFO:root:  Error lógico corregido en patrón 68

INFO:root:  Error lógico corregido en patrón 69

INFO:root:  Error lógico corregido en patrón 86

INFO:root:  Error lógico corregido en patrón 89

INFO:root:  Error lógico corregido en patrón 97

INFO:root:  Error lógico corregido en patrón 101

INFO:root:  Error lógico corregido en patrón 114

INFO:root:  Error lógico corregido en patrón 122

INFO:root:  Error lógico corregido en patrón 123

INFO:root:  Error lógico corregido en patrón 127

INFO:root:  Error lógico corregido en patrón 154

INFO:root:  Error lógico corregido en patrón 155

INFO:root:  Error lógico corregido en patrón 164

INFO:root:  Error lógico corregido en patrón 169

INFO:root:  Error lógico corregido en patrón 173

INFO:root:  Error lógico corregido en patrón 183

INFO:root:  Error lógico corregido en patrón 189

INFO:root:  Error lógico corregido en patrón 192

INFO:root:  Error lógico corregido en patrón 206

INFO:root:  Error lógico corregido en patrón 207

INFO:root:  Error lógico corregido en patrón 212

INFO:root:  Error lógico corregido en patrón 213

INFO:root:  Error lógico corregido en patrón 225

INFO:root:  Error lógico corregido en patrón 229

INFO:root:  Error lógico corregido en patrón 230

INFO:root:  Error lógico corregido en patrón 237

INFO:root:  Error lógico corregido en patrón 244

INFO:root:  Error lógico corregido en patrón 251

INFO:root:  Error lógico corregido en patrón 256

INFO:root:  Error lógico corregido en patrón 259

INFO:root:  Error lógico corregido en patrón 270

INFO:root:  Error lógico corregido en patrón 298

INFO:root:  Error lógico corregido en patrón 302

INFO:root:  Error lógico corregido en patrón 303

INFO:root:  Error lógico corregido en patrón 307

INFO:root:  Error lógico corregido en patrón 323

INFO:root:  Error lógico corregido en patrón 330

INFO:root:  Error lógico corregido en patrón 337

INFO:root:  Error lógico corregido en patrón 338

INFO:root:  Error lógico corregido en patrón 348

INFO:root:  Error lógico corregido en patrón 354

INFO:root:  Error lógico corregido en patrón 356

INFO:root:  Error lógico corregido en patrón 372

INFO:root:  Error lógico corregido en patrón 390

INFO:root:  Error lógico corregido en patrón 394

INFO:root:  Error lógico corregido en patrón 422

INFO:root:  Error lógico corregido en patrón 423

INFO:root:  Error lógico corregido en patrón 429

INFO:root:  Error lógico corregido en patrón 430

INFO:root:  Error lógico corregido en patrón 434

INFO:root:  Error lógico corregido en patrón 436

INFO:root:  Error lógico corregido en patrón 441

INFO:root:  Error lógico corregido en patrón 446

INFO:root:  Error lógico corregido en patrón 459

INFO:root:  Error lógico corregido en patrón 493

INFO:root:Saving results to DynamoDB for id_nmc_batch: nmc_144_0c003_2, id_arguments: BP_69

INFO:root:Checking if table 'results_dynamodb' exists...

INFO:root:Table 'results_dynamodb' already exists.

INFO:root:Results saved to DynamoDB for id_nmc_batch: nmc_144_0c003_2

(λ: args_worker) RequestId: 68794171-9943-4b4d-82f2-0135ba0e174b  Duration: 4036.26 ms  Billed Duration: 4037 ms
INFO:root:[OFFLINE] Lambda invoked successfully. HTTP code: 200

INFO:root:nmc_worker invoked with response: {'status': 'invoked'}
INFO:root:Invoking args_worker with event: {'id_nmc_batch': 'nmc_144_0c003_2', 'number_of_args_combinations_batches': 72, 'id_batch_arguments': 69}
INFO:root:[OFFLINE] Invoking lambda 'args_worker' at http://localhost:3000/dev/args_worker with payload: {'id_nmc_batch': 'nmc_144_0c003_2', 'number_of_args_combinations_batches': 72, 'id_batch_arguments': 70}



POST /dev/args_worker (λ: args_worker)
INFO:root:Event received in args_worker lambda_handler
INFO:root:codeConfig: 144, p: 0.003
INFO:root:Config with codeConfig 144 loaded

INFO:root:Bivariate bicycle code created

INFO:root:Circuit built

INFO:root:Detector error model built

INFO:root:Detector error model converted to check matrices

INFO:root:Successfully retrieved 1 arguments for id_batch_arguments: 70

INFO:root:Args variables loaded from DynamoDB

[32minfo[39m: um-cloud-data/detectors_observables/code_144/p_0c003/batch_2.json 200 2ms 3.12mb
INFO:root:Samples loaded from S3.

INFO:root:Downloading automorphism from S3: automorphisms/0.003/auto_70/data.pkl

[32minfo[39m: tum-cloud-data/automorphisms/0.003/auto_70/data.pkl 200 1ms 69.48mb
[32minfo[39m: um-cloud-data/automorphisms/0.003/auto_70/data.pkl 206 44ms 8mb
[32minfo[39m: um-cloud-data/automorphisms/0.003/auto_70/data.pkl 206 38ms 5.48mb
[32minfo[39m: um-cloud-data/automorphisms/0.003/auto_70/data.pkl 206 72ms 8mb
[32minfo[39m: um-cloud-data/automorphisms/0.003/auto_70/data.pkl 206 70ms 8mb
[32minfo[39m: um-cloud-data/automorphisms/0.003/auto_70/data.pkl 206 71ms 8mb
[32minfo[39m: um-cloud-data/automorphisms/0.003/auto_70/data.pkl 206 76ms 8mb
[32minfo[39m: um-cloud-data/automorphisms/0.003/auto_70/data.pkl 206 76ms 8mb
[32minfo[39m: um-cloud-data/automorphisms/0.003/auto_70/data.pkl 206 72ms 8mb
[32minfo[39m: um-cloud-data/automorphisms/0.003/auto_70/data.pkl 206 69ms 8mb
INFO:root:BP decoder initialized

INFO:root:Running 500 Monte Carlo trials

INFO:root:  Error lógico corregido en patrón 2

INFO:root:  Error lógico corregido en patrón 4

INFO:root:  Error lógico corregido en patrón 5

INFO:root:  Error lógico corregido en patrón 6

INFO:root:  Error lógico corregido en patrón 18

INFO:root:  Error lógico corregido en patrón 23

INFO:root:  Error lógico corregido en patrón 24

INFO:root:  Error lógico corregido en patrón 54

INFO:root:  Error lógico corregido en patrón 55

INFO:root:  Error lógico corregido en patrón 60

INFO:root:  Error lógico corregido en patrón 68

INFO:root:  Error lógico corregido en patrón 69

INFO:root:  Error lógico corregido en patrón 86

INFO:root:  Error lógico corregido en patrón 89

INFO:root:  Error lógico corregido en patrón 97

INFO:root:  Error lógico corregido en patrón 101

INFO:root:  Error lógico corregido en patrón 114

INFO:root:  Error lógico corregido en patrón 122

INFO:root:  Error lógico corregido en patrón 123

INFO:root:  Error lógico corregido en patrón 127

INFO:root:  Error lógico corregido en patrón 154

INFO:root:  Error lógico corregido en patrón 155

INFO:root:  Error lógico corregido en patrón 164

INFO:root:  Error lógico corregido en patrón 169

INFO:root:  Error lógico corregido en patrón 173

INFO:root:  Error lógico corregido en patrón 183

INFO:root:  Error lógico corregido en patrón 189

INFO:root:  Error lógico corregido en patrón 192

INFO:root:  Error lógico corregido en patrón 206

INFO:root:  Error lógico corregido en patrón 207

INFO:root:  Error lógico corregido en patrón 212

INFO:root:  Error lógico corregido en patrón 213

INFO:root:  Error lógico corregido en patrón 225

INFO:root:  Error lógico corregido en patrón 229

INFO:root:  Error lógico corregido en patrón 230

INFO:root:  Error lógico corregido en patrón 237

INFO:root:  Error lógico corregido en patrón 244

INFO:root:  Error lógico corregido en patrón 251

INFO:root:  Error lógico corregido en patrón 256

INFO:root:  Error lógico corregido en patrón 259

INFO:root:  Error lógico corregido en patrón 270

INFO:root:  Error lógico corregido en patrón 298

INFO:root:  Error lógico corregido en patrón 302

INFO:root:  Error lógico corregido en patrón 303

INFO:root:  Error lógico corregido en patrón 307

INFO:root:  Error lógico corregido en patrón 323

INFO:root:  Error lógico corregido en patrón 330

INFO:root:  Error lógico corregido en patrón 337

INFO:root:  Error lógico corregido en patrón 338

INFO:root:  Error lógico corregido en patrón 348

INFO:root:  Error lógico corregido en patrón 354

INFO:root:  Error lógico corregido en patrón 356

INFO:root:  Error lógico corregido en patrón 372

INFO:root:  Error lógico corregido en patrón 390

INFO:root:  Error lógico corregido en patrón 394

INFO:root:  Error lógico corregido en patrón 422

INFO:root:  Error lógico corregido en patrón 423

INFO:root:  Error lógico corregido en patrón 429

INFO:root:  Error lógico corregido en patrón 430

INFO:root:  Error lógico corregido en patrón 434

INFO:root:  Error lógico corregido en patrón 436

INFO:root:  Error lógico corregido en patrón 441

INFO:root:  Error lógico corregido en patrón 446

INFO:root:  Error lógico corregido en patrón 459

INFO:root:  Error lógico corregido en patrón 493

INFO:root:Saving results to DynamoDB for id_nmc_batch: nmc_144_0c003_2, id_arguments: BP_70

INFO:root:Checking if table 'results_dynamodb' exists...

INFO:root:Table 'results_dynamodb' already exists.

INFO:root:Results saved to DynamoDB for id_nmc_batch: nmc_144_0c003_2

(λ: args_worker) RequestId: 2c91bbbc-9398-4d54-ac25-dec795c4317e  Duration: 3986.29 ms  Billed Duration: 3987 ms
INFO:root:[OFFLINE] Lambda invoked successfully. HTTP code: 200

INFO:root:nmc_worker invoked with response: {'status': 'invoked'}
INFO:root:Invoking args_worker with event: {'id_nmc_batch': 'nmc_144_0c003_2', 'number_of_args_combinations_batches': 72, 'id_batch_arguments': 70}
INFO:root:[OFFLINE] Invoking lambda 'args_worker' at http://localhost:3000/dev/args_worker with payload: {'id_nmc_batch': 'nmc_144_0c003_2', 'number_of_args_combinations_batches': 72, 'id_batch_arguments': 71}



POST /dev/args_worker (λ: args_worker)
INFO:root:Event received in args_worker lambda_handler

INFO:root:codeConfig: 144, p: 0.003

INFO:root:Config with codeConfig 144 loaded

INFO:root:Bivariate bicycle code created

INFO:root:Circuit built

INFO:root:Detector error model built

INFO:root:Detector error model converted to check matrices

INFO:root:Successfully retrieved 1 arguments for id_batch_arguments: 71

INFO:root:Args variables loaded from DynamoDB

[32minfo[39m: um-cloud-data/detectors_observables/code_144/p_0c003/batch_2.json 200 2ms 3.12mb
INFO:root:Samples loaded from S3.

INFO:root:Downloading automorphism from S3: automorphisms/0.003/auto_71/data.pkl

[32minfo[39m: tum-cloud-data/automorphisms/0.003/auto_71/data.pkl 200 4ms 69.48mb
[32minfo[39m: um-cloud-data/automorphisms/0.003/auto_71/data.pkl 206 33ms 5.48mb
[32minfo[39m: um-cloud-data/automorphisms/0.003/auto_71/data.pkl 206 46ms 8mb
[32minfo[39m: um-cloud-data/automorphisms/0.003/auto_71/data.pkl 206 48ms 8mb
[32minfo[39m: um-cloud-data/automorphisms/0.003/auto_71/data.pkl 206 49ms 8mb
[32minfo[39m: um-cloud-data/automorphisms/0.003/auto_71/data.pkl 206 49ms 8mb
[32minfo[39m: um-cloud-data/automorphisms/0.003/auto_71/data.pkl 206 48ms 8mb
[32minfo[39m: um-cloud-data/automorphisms/0.003/auto_71/data.pkl 206 49ms 8mb
[32minfo[39m: um-cloud-data/automorphisms/0.003/auto_71/data.pkl 206 48ms 8mb
[32minfo[39m: um-cloud-data/automorphisms/0.003/auto_71/data.pkl 206 49ms 8mb
INFO:root:BP decoder initialized

INFO:root:Running 500 Monte Carlo trials

INFO:root:  Error lógico corregido en patrón 2

INFO:root:  Error lógico corregido en patrón 4

INFO:root:  Error lógico corregido en patrón 5

INFO:root:  Error lógico corregido en patrón 6

INFO:root:  Error lógico corregido en patrón 18

INFO:root:  Error lógico corregido en patrón 23

INFO:root:  Error lógico corregido en patrón 54

INFO:root:  Error lógico corregido en patrón 55

INFO:root:  Error lógico corregido en patrón 60

INFO:root:  Error lógico corregido en patrón 68

INFO:root:  Error lógico corregido en patrón 69

INFO:root:  Error lógico corregido en patrón 86

INFO:root:  Error lógico corregido en patrón 89

INFO:root:  Error lógico corregido en patrón 97

INFO:root:  Error lógico corregido en patrón 101

INFO:root:  Error lógico corregido en patrón 114

INFO:root:  Error lógico corregido en patrón 122

INFO:root:  Error lógico corregido en patrón 123

INFO:root:  Error lógico corregido en patrón 127

INFO:root:  Error lógico corregido en patrón 154

INFO:root:  Error lógico corregido en patrón 155

INFO:root:  Error lógico corregido en patrón 164

INFO:root:  Error lógico corregido en patrón 169

INFO:root:  Error lógico corregido en patrón 173

INFO:root:  Error lógico corregido en patrón 183

INFO:root:  Error lógico corregido en patrón 189

INFO:root:  Error lógico corregido en patrón 192

INFO:root:  Error lógico corregido en patrón 206

INFO:root:  Error lógico corregido en patrón 207

INFO:root:  Error lógico corregido en patrón 212

INFO:root:  Error lógico corregido en patrón 213

INFO:root:  Error lógico corregido en patrón 225

INFO:root:  Error lógico corregido en patrón 229

INFO:root:  Error lógico corregido en patrón 230

INFO:root:  Error lógico corregido en patrón 237

INFO:root:  Error lógico corregido en patrón 244

INFO:root:  Error lógico corregido en patrón 251

INFO:root:  Error lógico corregido en patrón 256

INFO:root:  Error lógico corregido en patrón 259

INFO:root:  Error lógico corregido en patrón 270

INFO:root:  Error lógico corregido en patrón 298

INFO:root:  Error lógico corregido en patrón 302

INFO:root:  Error lógico corregido en patrón 303

INFO:root:  Error lógico corregido en patrón 307

INFO:root:  Error lógico corregido en patrón 323

INFO:root:  Error lógico corregido en patrón 330

INFO:root:  Error lógico corregido en patrón 337

INFO:root:  Error lógico corregido en patrón 338

INFO:root:  Error lógico corregido en patrón 348

INFO:root:  Error lógico corregido en patrón 354

INFO:root:  Error lógico corregido en patrón 356

INFO:root:  Error lógico corregido en patrón 369

INFO:root:  Error lógico corregido en patrón 372

INFO:root:  Error lógico corregido en patrón 390

INFO:root:  Error lógico corregido en patrón 394

INFO:root:  Error lógico corregido en patrón 422

INFO:root:  Error lógico corregido en patrón 423

INFO:root:  Error lógico corregido en patrón 429

INFO:root:  Error lógico corregido en patrón 430

INFO:root:  Error lógico corregido en patrón 434

INFO:root:  Error lógico corregido en patrón 436

INFO:root:  Error lógico corregido en patrón 441

INFO:root:  Error lógico corregido en patrón 446

INFO:root:  Error lógico corregido en patrón 459

INFO:root:  Error lógico corregido en patrón 493

INFO:root:Saving results to DynamoDB for id_nmc_batch: nmc_144_0c003_2, id_arguments: BP_71

INFO:root:Checking if table 'results_dynamodb' exists...

INFO:root:Table 'results_dynamodb' already exists.

INFO:root:Results saved to DynamoDB for id_nmc_batch: nmc_144_0c003_2

[32minfo[39m: antum-cloud-data/detectors_observables/code_144/p_0c003/batch_2.json 204 2ms 
INFO:root:Samples deleted from S3.

(λ: args_worker) RequestId: 41d499b6-3d81-4ecc-9c88-0774d059b3a9  Duration: 4266.39 ms  Billed Duration: 4267 ms
INFO:root:[OFFLINE] Lambda invoked successfully. HTTP code: 200

INFO:root:nmc_worker invoked with response: {'status': 'invoked'}
INFO:root:Invoking args_worker with event: {'id_nmc_batch': 'nmc_144_0c003_2', 'number_of_args_combinations_batches': 72, 'id_batch_arguments': 71}

(λ: nmc_worker) RequestId: 662c5f72-45e5-4596-8b31-a009f49d8fde  Duration: 275281.97 ms  Billed Duration: 275282 ms
INFO:root:[OFFLINE] Lambda invoked successfully. HTTP code: 200

INFO:root:nmc_worker invoked with response: {'status': 'invoked'}

(λ: orchestrator) RequestId: 0393f1e3-ddd3-4e90-acd1-b7ecc6466293  Duration: 547377.09 ms  Billed Duration: 547378 ms
INFO:root:[OFFLINE] Lambda invoked successfully. HTTP code: 200

INFO:root:Orchestrator invoked with response: {'status': 'invoked'}

(λ: args_mixer) RequestId: 081672a8-c0c3-42f4-9f74-f4c6d6aef6ee  Duration: 547852.14 ms  Billed Duration: 547853 ms
